ISO-10303-21;
HEADER;

/* File generated by Shapr3D Version 3.0 */

FILE_DESCRIPTION(('HOOPS Exchange Step'),'2;1');

FILE_NAME('C:\\Users\\30abd\\AppData\\Local\\Packages\\Shapr3D.Shapr3D_j403pzjkqtqbj\\TempState\\export\\temp_export',
'2023-06-12T00:30:31-16:00',
('30abd'),
('Shapr3D Limited'),
'HOOPS Exchange 2022.2',
'Shapr3D',
'Authorized');

FILE_SCHEMA( ('AUTOMOTIVE_DESIGN { 1 0 10303 214 1 1 1 1 }') );

ENDSEC;

DATA;
#3=(NAMED_UNIT(*)PLANE_ANGLE_UNIT()SI_UNIT($,.RADIAN.));
#4=PLANE_ANGLE_MEASURE_WITH_UNIT(PLANE_ANGLE_MEASURE(0.0174532925),#3);
#5=(CONVERSION_BASED_UNIT('DEGREE',#4)NAMED_UNIT(#6)PLANE_ANGLE_UNIT());
#6=DIMENSIONAL_EXPONENTS(0.,0.,0.,0.,0.,0.,0.);
#7=(NAMED_UNIT(*)SI_UNIT($,.STERADIAN.)SOLID_ANGLE_UNIT());
#8=(LENGTH_UNIT()NAMED_UNIT(*)SI_UNIT(.MILLI.,.METRE.));
#9=UNCERTAINTY_MEASURE_WITH_UNIT(LENGTH_MEASURE(1.000000E-03),#8,'DISTANCE_ACCURACY_VALUE','Maximum Tolerance applied to model');
#10=(GEOMETRIC_REPRESENTATION_CONTEXT(3)GLOBAL_UNCERTAINTY_ASSIGNED_CONTEXT((#9))GLOBAL_UNIT_ASSIGNED_CONTEXT((#8,#5,#7))REPRESENTATION_CONTEXT('','root'));
#12=CARTESIAN_POINT('',(0.,0.,0.));
#13=DIRECTION('',(0.,0.,1.));
#14=DIRECTION('',(1.,0.,0.));
#15=AXIS2_PLACEMENT_3D('',#12,#13,#14);
#26=(NAMED_UNIT(*)PLANE_ANGLE_UNIT()SI_UNIT($,.RADIAN.));
#27=PLANE_ANGLE_MEASURE_WITH_UNIT(PLANE_ANGLE_MEASURE(0.0174532925),#26);
#28=(CONVERSION_BASED_UNIT('DEGREE',#27)NAMED_UNIT(#29)PLANE_ANGLE_UNIT());
#29=DIMENSIONAL_EXPONENTS(0.,0.,0.,0.,0.,0.,0.);
#30=(NAMED_UNIT(*)SI_UNIT($,.STERADIAN.)SOLID_ANGLE_UNIT());
#31=(LENGTH_UNIT()NAMED_UNIT(*)SI_UNIT(.MILLI.,.METRE.));
#32=UNCERTAINTY_MEASURE_WITH_UNIT(LENGTH_MEASURE(1.000000E-03),#31,'DISTANCE_ACCURACY_VALUE','Maximum Tolerance applied to model');
#33=(GEOMETRIC_REPRESENTATION_CONTEXT(3)GLOBAL_UNCERTAINTY_ASSIGNED_CONTEXT((#32))GLOBAL_UNIT_ASSIGNED_CONTEXT((#31,#28,#30))REPRESENTATION_CONTEXT('','Linear Pattern 04 (1)'));
#45=CARTESIAN_POINT('',(0.,0.,0.));
#46=DIRECTION('',(0.,0.,1.));
#47=DIRECTION('',(1.,0.,-0.));
#48=AXIS2_PLACEMENT_3D('',#45,#46,#47);
#49=ITEM_DEFINED_TRANSFORMATION('','',#48,#15);
#50=(REPRESENTATION_RELATIONSHIP('','',#35,#16)REPRESENTATION_RELATIONSHIP_WITH_TRANSFORMATION(#49)SHAPE_REPRESENTATION_RELATIONSHIP());
#51=NEXT_ASSEMBLY_USAGE_OCCURRENCE('Linear Pattern 04 (1)_1','Linear Pattern 04 (1)','Linear Pattern 04 (1)',#25,#44,$);
#52=PRODUCT_DEFINITION_SHAPE('','',#51);
#53=CONTEXT_DEPENDENT_SHAPE_REPRESENTATION(#50,#52);
#35=SHAPE_REPRESENTATION('Linear Pattern 04 (1)',(#15),#33);
#54=APPLICATION_CONTEXT('data for automotive mechanical design processes');
#55=APPLICATION_PROTOCOL_DEFINITION('international standard','automotive_design',1994,#54);
#56=PRODUCT_CONTEXT('',#54,'mechanical');
#57=PRODUCT_DEFINITION_CONTEXT('part definition',#54,'design');
#43=PRODUCT('Linear Pattern 04 (1)','Linear Pattern 04 (1)','',(#56));
#58=PRODUCT_RELATED_PRODUCT_CATEGORY('part','',(#43));
#59=PRODUCT_DEFINITION_FORMATION_WITH_SPECIFIED_SOURCE('','',#43,.NOT_KNOWN.);
#44=PRODUCT_DEFINITION('design','',#59,#57);
#42=PRODUCT_DEFINITION_SHAPE('','',#44);
#60=SHAPE_DEFINITION_REPRESENTATION(#42,#35);
#34=DRAUGHTING_MODEL('',(),#33);
#61=(NAMED_UNIT(*)PLANE_ANGLE_UNIT()SI_UNIT($,.RADIAN.));
#62=PLANE_ANGLE_MEASURE_WITH_UNIT(PLANE_ANGLE_MEASURE(0.0174532925),#61);
#63=(CONVERSION_BASED_UNIT('DEGREE',#62)NAMED_UNIT(#64)PLANE_ANGLE_UNIT());
#64=DIMENSIONAL_EXPONENTS(0.,0.,0.,0.,0.,0.,0.);
#65=(NAMED_UNIT(*)SI_UNIT($,.STERADIAN.)SOLID_ANGLE_UNIT());
#66=(LENGTH_UNIT()NAMED_UNIT(*)SI_UNIT(.MILLI.,.METRE.));
#67=UNCERTAINTY_MEASURE_WITH_UNIT(LENGTH_MEASURE(1.000000E-05),#66,'DISTANCE_ACCURACY_VALUE','Maximum Tolerance applied to model');
#68=(GEOMETRIC_REPRESENTATION_CONTEXT(3)GLOBAL_UNCERTAINTY_ASSIGNED_CONTEXT((#67))GLOBAL_UNIT_ASSIGNED_CONTEXT((#66,#63,#65))REPRESENTATION_CONTEXT('','Linear Pattern 04'));
#80=CARTESIAN_POINT('',(0.,0.,0.));
#81=DIRECTION('',(0.,0.,1.));
#82=DIRECTION('',(1.,0.,-0.));
#83=AXIS2_PLACEMENT_3D('',#80,#81,#82);
#84=ITEM_DEFINED_TRANSFORMATION('','',#83,#15);
#85=(REPRESENTATION_RELATIONSHIP('','',#70,#16)REPRESENTATION_RELATIONSHIP_WITH_TRANSFORMATION(#84)SHAPE_REPRESENTATION_RELATIONSHIP());
#86=NEXT_ASSEMBLY_USAGE_OCCURRENCE('Linear Pattern 04_2','Linear Pattern 04','Linear Pattern 04',#25,#79,$);
#87=PRODUCT_DEFINITION_SHAPE('','',#86);
#88=CONTEXT_DEPENDENT_SHAPE_REPRESENTATION(#85,#87);
#90=CARTESIAN_POINT('',(-3.,0.,-0.2));
#91=DIRECTION('',(0.,0.,1.));
#92=DIRECTION('',(0.,1.,-0.));
#93=AXIS2_PLACEMENT_3D('',#90,#91,#92);
#94=PLANE('',#93);
#95=CARTESIAN_POINT('',(4.859767061,5.,-0.2));
#96=VERTEX_POINT('',#95);
#97=CARTESIAN_POINT('',(25.,5.,-0.2));
#98=VERTEX_POINT('',#97);
#99=CARTESIAN_POINT('',(4.859767061,5.,-0.2));
#100=DIRECTION('',(1.,0.,-0.));
#101=VECTOR('',#100,20.140232939);
#102=LINE('',#99,#101);
#103=EDGE_CURVE('',#96,#98,#102,.T.);
#104=ORIENTED_EDGE('',*,*,#103,.T.);
#105=CARTESIAN_POINT('',(25.,-4.599996268,-0.2));
#106=VERTEX_POINT('',#105);
#107=CARTESIAN_POINT('',(25.,5.,-0.2));
#108=DIRECTION('',(0.,-1.,0.));
#109=VECTOR('',#108,9.599996268);
#110=LINE('',#107,#109);
#111=EDGE_CURVE('',#98,#106,#110,.T.);
#112=ORIENTED_EDGE('',*,*,#111,.T.);
#113=CARTESIAN_POINT('',(4.859767061,-4.599996268,-0.2));
#114=VERTEX_POINT('',#113);
#115=CARTESIAN_POINT('',(25.,-4.599996268,-0.2));
#116=DIRECTION('',(-1.,0.,0.));
#117=VECTOR('',#116,20.140232939);
#118=LINE('',#115,#117);
#119=EDGE_CURVE('',#106,#114,#118,.T.);
#120=ORIENTED_EDGE('',*,*,#119,.T.);
#121=CARTESIAN_POINT('',(4.859767061,-4.599996268,-0.2));
#122=DIRECTION('',(0.,1.,-0.));
#123=VECTOR('',#122,9.599996268);
#124=LINE('',#121,#123);
#125=EDGE_CURVE('',#114,#96,#124,.T.);
#126=ORIENTED_EDGE('',*,*,#125,.T.);
#127=EDGE_LOOP('',(#104,#112,#120,#126));
#128=FACE_BOUND('',#127,.T.);
#129=CARTESIAN_POINT('',(-0.039973052,6.7,-0.2));
#130=VERTEX_POINT('',#129);
#131=CARTESIAN_POINT('',(3.71,6.7,-0.2));
#132=VERTEX_POINT('',#131);
#133=CARTESIAN_POINT('',(-0.039973052,6.7,-0.2));
#134=DIRECTION('',(1.,0.,-0.));
#135=VECTOR('',#134,3.749973052);
#136=LINE('',#133,#135);
#137=EDGE_CURVE('',#130,#132,#136,.T.);
#138=ORIENTED_EDGE('',*,*,#137,.F.);
#139=CARTESIAN_POINT('',(-0.040026948,-6.3,-0.2));
#140=VERTEX_POINT('',#139);
#141=CARTESIAN_POINT('',(-0.040026948,-6.3,-0.2));
#142=DIRECTION('',(0.000004146,1.,-0.));
#143=VECTOR('',#142,13.);
#144=LINE('',#141,#143);
#145=EDGE_CURVE('',#140,#130,#144,.T.);
#146=ORIENTED_EDGE('',*,*,#145,.F.);
#147=CARTESIAN_POINT('',(6.71,-6.3,-0.2));
#148=VERTEX_POINT('',#147);
#149=CARTESIAN_POINT('',(-0.040026948,-6.3,-0.2));
#150=DIRECTION('',(1.,0.,-0.));
#151=VECTOR('',#150,6.750026948);
#152=LINE('',#149,#151);
#153=EDGE_CURVE('',#140,#148,#152,.T.);
#154=ORIENTED_EDGE('',*,*,#153,.T.);
#155=CARTESIAN_POINT('',(6.71,-5.69,-0.2));
#156=VERTEX_POINT('',#155);
#157=CARTESIAN_POINT('',(6.71,-5.69,-0.2));
#158=DIRECTION('',(0.,-1.,0.));
#159=VECTOR('',#158,0.61);
#160=LINE('',#157,#159);
#161=EDGE_CURVE('',#156,#148,#160,.T.);
#162=ORIENTED_EDGE('',*,*,#161,.F.);
#163=CARTESIAN_POINT('',(7.1,-5.3,-0.2));
#164=VERTEX_POINT('',#163);
#165=CARTESIAN_POINT('',(7.1,-5.69,-0.2));
#166=DIRECTION('',(0.,-0.,-1.));
#167=DIRECTION('',(0.,1.,-0.));
#168=AXIS2_PLACEMENT_3D('',#165,#166,#167);
#169=CIRCLE('',#168,0.39);
#170=EDGE_CURVE('',#156,#164,#169,.T.);
#171=ORIENTED_EDGE('',*,*,#170,.T.);
#172=CARTESIAN_POINT('',(7.12,-5.3,-0.2));
#173=VERTEX_POINT('',#172);
#174=CARTESIAN_POINT('',(7.1,-5.3,-0.2));
#175=DIRECTION('',(1.,-0.,0.));
#176=VECTOR('',#175,0.02);
#177=LINE('',#174,#176);
#178=EDGE_CURVE('',#164,#173,#177,.T.);
#179=ORIENTED_EDGE('',*,*,#178,.T.);
#180=CARTESIAN_POINT('',(7.51,-5.69,-0.2));
#181=VERTEX_POINT('',#180);
#182=CARTESIAN_POINT('',(7.12,-5.69,-0.2));
#183=DIRECTION('',(0.,-0.,-1.));
#184=DIRECTION('',(0.,1.,-0.));
#185=AXIS2_PLACEMENT_3D('',#182,#183,#184);
#186=CIRCLE('',#185,0.39);
#187=EDGE_CURVE('',#173,#181,#186,.T.);
#188=ORIENTED_EDGE('',*,*,#187,.T.);
#189=CARTESIAN_POINT('',(7.51,-6.3,-0.2));
#190=VERTEX_POINT('',#189);
#191=CARTESIAN_POINT('',(7.51,-6.3,-0.2));
#192=DIRECTION('',(-0.,1.,-0.));
#193=VECTOR('',#192,0.61);
#194=LINE('',#191,#193);
#195=EDGE_CURVE('NONE',#190,#181,#194,.T.);
#196=ORIENTED_EDGE('',*,*,#195,.F.);
#197=CARTESIAN_POINT('',(8.21,-6.3,-0.2));
#198=VERTEX_POINT('',#197);
#199=CARTESIAN_POINT('',(7.51,-6.3,-0.2));
#200=DIRECTION('',(1.,0.,-0.));
#201=VECTOR('',#200,0.7);
#202=LINE('',#199,#201);
#203=EDGE_CURVE('NONE',#190,#198,#202,.T.);
#204=ORIENTED_EDGE('',*,*,#203,.T.);
#205=CARTESIAN_POINT('',(8.21,-5.69,-0.2));
#206=VERTEX_POINT('',#205);
#207=CARTESIAN_POINT('',(8.21,-5.69,-0.2));
#208=DIRECTION('',(0.,-1.,0.));
#209=VECTOR('',#208,0.61);
#210=LINE('',#207,#209);
#211=EDGE_CURVE('',#206,#198,#210,.T.);
#212=ORIENTED_EDGE('',*,*,#211,.F.);
#213=CARTESIAN_POINT('',(8.6,-5.3,-0.2));
#214=VERTEX_POINT('',#213);
#215=CARTESIAN_POINT('',(8.6,-5.69,-0.2));
#216=DIRECTION('',(0.,-0.,-1.));
#217=DIRECTION('',(0.,1.,-0.));
#218=AXIS2_PLACEMENT_3D('',#215,#216,#217);
#219=CIRCLE('',#218,0.39);
#220=EDGE_CURVE('',#206,#214,#219,.T.);
#221=ORIENTED_EDGE('',*,*,#220,.T.);
#222=CARTESIAN_POINT('',(8.62,-5.3,-0.2));
#223=VERTEX_POINT('',#222);
#224=CARTESIAN_POINT('',(8.6,-5.3,-0.2));
#225=DIRECTION('',(1.,-0.,0.));
#226=VECTOR('',#225,0.02);
#227=LINE('',#224,#226);
#228=EDGE_CURVE('',#214,#223,#227,.T.);
#229=ORIENTED_EDGE('',*,*,#228,.T.);
#230=CARTESIAN_POINT('',(9.01,-5.69,-0.2));
#231=VERTEX_POINT('',#230);
#232=CARTESIAN_POINT('',(8.62,-5.69,-0.2));
#233=DIRECTION('',(0.,-0.,-1.));
#234=DIRECTION('',(0.,1.,-0.));
#235=AXIS2_PLACEMENT_3D('',#232,#233,#234);
#236=CIRCLE('',#235,0.39);
#237=EDGE_CURVE('',#223,#231,#236,.T.);
#238=ORIENTED_EDGE('',*,*,#237,.T.);
#239=CARTESIAN_POINT('',(9.01,-6.3,-0.2));
#240=VERTEX_POINT('',#239);
#241=CARTESIAN_POINT('',(9.01,-6.3,-0.2));
#242=DIRECTION('',(-0.,1.,-0.));
#243=VECTOR('',#242,0.61);
#244=LINE('',#241,#243);
#245=EDGE_CURVE('NONE',#240,#231,#244,.T.);
#246=ORIENTED_EDGE('',*,*,#245,.F.);
#247=CARTESIAN_POINT('',(9.71,-6.3,-0.2));
#248=VERTEX_POINT('',#247);
#249=CARTESIAN_POINT('',(9.01,-6.3,-0.2));
#250=DIRECTION('',(1.,0.,-0.));
#251=VECTOR('',#250,0.7);
#252=LINE('',#249,#251);
#253=EDGE_CURVE('NONE',#240,#248,#252,.T.);
#254=ORIENTED_EDGE('',*,*,#253,.T.);
#255=CARTESIAN_POINT('',(9.71,-5.69,-0.2));
#256=VERTEX_POINT('',#255);
#257=CARTESIAN_POINT('',(9.71,-5.69,-0.2));
#258=DIRECTION('',(0.,-1.,0.));
#259=VECTOR('',#258,0.61);
#260=LINE('',#257,#259);
#261=EDGE_CURVE('',#256,#248,#260,.T.);
#262=ORIENTED_EDGE('',*,*,#261,.F.);
#263=CARTESIAN_POINT('',(10.1,-5.3,-0.2));
#264=VERTEX_POINT('',#263);
#265=CARTESIAN_POINT('',(10.1,-5.69,-0.2));
#266=DIRECTION('',(0.,-0.,-1.));
#267=DIRECTION('',(0.,1.,-0.));
#268=AXIS2_PLACEMENT_3D('',#265,#266,#267);
#269=CIRCLE('',#268,0.39);
#270=EDGE_CURVE('',#256,#264,#269,.T.);
#271=ORIENTED_EDGE('',*,*,#270,.T.);
#272=CARTESIAN_POINT('',(10.12,-5.3,-0.2));
#273=VERTEX_POINT('',#272);
#274=CARTESIAN_POINT('',(10.1,-5.3,-0.2));
#275=DIRECTION('',(1.,-0.,0.));
#276=VECTOR('',#275,0.02);
#277=LINE('',#274,#276);
#278=EDGE_CURVE('',#264,#273,#277,.T.);
#279=ORIENTED_EDGE('',*,*,#278,.T.);
#280=CARTESIAN_POINT('',(10.51,-5.69,-0.2));
#281=VERTEX_POINT('',#280);
#282=CARTESIAN_POINT('',(10.12,-5.69,-0.2));
#283=DIRECTION('',(0.,-0.,-1.));
#284=DIRECTION('',(0.,1.,-0.));
#285=AXIS2_PLACEMENT_3D('',#282,#283,#284);
#286=CIRCLE('',#285,0.39);
#287=EDGE_CURVE('',#273,#281,#286,.T.);
#288=ORIENTED_EDGE('',*,*,#287,.T.);
#289=CARTESIAN_POINT('',(10.51,-6.3,-0.2));
#290=VERTEX_POINT('',#289);
#291=CARTESIAN_POINT('',(10.51,-6.3,-0.2));
#292=DIRECTION('',(-0.,1.,-0.));
#293=VECTOR('',#292,0.61);
#294=LINE('',#291,#293);
#295=EDGE_CURVE('NONE',#290,#281,#294,.T.);
#296=ORIENTED_EDGE('',*,*,#295,.F.);
#297=CARTESIAN_POINT('',(11.21,-6.3,-0.2));
#298=VERTEX_POINT('',#297);
#299=CARTESIAN_POINT('',(10.51,-6.3,-0.2));
#300=DIRECTION('',(1.,0.,-0.));
#301=VECTOR('',#300,0.7);
#302=LINE('',#299,#301);
#303=EDGE_CURVE('NONE',#290,#298,#302,.T.);
#304=ORIENTED_EDGE('',*,*,#303,.T.);
#305=CARTESIAN_POINT('',(11.21,-5.69,-0.2));
#306=VERTEX_POINT('',#305);
#307=CARTESIAN_POINT('',(11.21,-5.69,-0.2));
#308=DIRECTION('',(0.,-1.,0.));
#309=VECTOR('',#308,0.61);
#310=LINE('',#307,#309);
#311=EDGE_CURVE('',#306,#298,#310,.T.);
#312=ORIENTED_EDGE('',*,*,#311,.F.);
#313=CARTESIAN_POINT('',(11.6,-5.3,-0.2));
#314=VERTEX_POINT('',#313);
#315=CARTESIAN_POINT('',(11.6,-5.69,-0.2));
#316=DIRECTION('',(0.,-0.,-1.));
#317=DIRECTION('',(0.,1.,-0.));
#318=AXIS2_PLACEMENT_3D('',#315,#316,#317);
#319=CIRCLE('',#318,0.39);
#320=EDGE_CURVE('',#306,#314,#319,.T.);
#321=ORIENTED_EDGE('',*,*,#320,.T.);
#322=CARTESIAN_POINT('',(11.62,-5.3,-0.2));
#323=VERTEX_POINT('',#322);
#324=CARTESIAN_POINT('',(11.6,-5.3,-0.2));
#325=DIRECTION('',(1.,-0.,0.));
#326=VECTOR('',#325,0.02);
#327=LINE('',#324,#326);
#328=EDGE_CURVE('',#314,#323,#327,.T.);
#329=ORIENTED_EDGE('',*,*,#328,.T.);
#330=CARTESIAN_POINT('',(12.01,-5.69,-0.2));
#331=VERTEX_POINT('',#330);
#332=CARTESIAN_POINT('',(11.62,-5.69,-0.2));
#333=DIRECTION('',(0.,-0.,-1.));
#334=DIRECTION('',(0.,1.,-0.));
#335=AXIS2_PLACEMENT_3D('',#332,#333,#334);
#336=CIRCLE('',#335,0.39);
#337=EDGE_CURVE('',#323,#331,#336,.T.);
#338=ORIENTED_EDGE('',*,*,#337,.T.);
#339=CARTESIAN_POINT('',(12.01,-6.3,-0.2));
#340=VERTEX_POINT('',#339);
#341=CARTESIAN_POINT('',(12.01,-6.3,-0.2));
#342=DIRECTION('',(-0.,1.,-0.));
#343=VECTOR('',#342,0.61);
#344=LINE('',#341,#343);
#345=EDGE_CURVE('NONE',#340,#331,#344,.T.);
#346=ORIENTED_EDGE('',*,*,#345,.F.);
#347=CARTESIAN_POINT('',(12.71,-6.3,-0.2));
#348=VERTEX_POINT('',#347);
#349=CARTESIAN_POINT('',(12.01,-6.3,-0.2));
#350=DIRECTION('',(1.,0.,-0.));
#351=VECTOR('',#350,0.7);
#352=LINE('',#349,#351);
#353=EDGE_CURVE('NONE',#340,#348,#352,.T.);
#354=ORIENTED_EDGE('',*,*,#353,.T.);
#355=CARTESIAN_POINT('',(12.71,-5.69,-0.2));
#356=VERTEX_POINT('',#355);
#357=CARTESIAN_POINT('',(12.71,-5.69,-0.2));
#358=DIRECTION('',(0.,-1.,0.));
#359=VECTOR('',#358,0.61);
#360=LINE('',#357,#359);
#361=EDGE_CURVE('',#356,#348,#360,.T.);
#362=ORIENTED_EDGE('',*,*,#361,.F.);
#363=CARTESIAN_POINT('',(13.1,-5.3,-0.2));
#364=VERTEX_POINT('',#363);
#365=CARTESIAN_POINT('',(13.1,-5.69,-0.2));
#366=DIRECTION('',(0.,-0.,-1.));
#367=DIRECTION('',(0.,1.,-0.));
#368=AXIS2_PLACEMENT_3D('',#365,#366,#367);
#369=CIRCLE('',#368,0.39);
#370=EDGE_CURVE('',#356,#364,#369,.T.);
#371=ORIENTED_EDGE('',*,*,#370,.T.);
#372=CARTESIAN_POINT('',(13.12,-5.3,-0.2));
#373=VERTEX_POINT('',#372);
#374=CARTESIAN_POINT('',(13.1,-5.3,-0.2));
#375=DIRECTION('',(1.,-0.,0.));
#376=VECTOR('',#375,0.02);
#377=LINE('',#374,#376);
#378=EDGE_CURVE('',#364,#373,#377,.T.);
#379=ORIENTED_EDGE('',*,*,#378,.T.);
#380=CARTESIAN_POINT('',(13.51,-5.69,-0.2));
#381=VERTEX_POINT('',#380);
#382=CARTESIAN_POINT('',(13.12,-5.69,-0.2));
#383=DIRECTION('',(0.,-0.,-1.));
#384=DIRECTION('',(0.,1.,-0.));
#385=AXIS2_PLACEMENT_3D('',#382,#383,#384);
#386=CIRCLE('',#385,0.39);
#387=EDGE_CURVE('',#373,#381,#386,.T.);
#388=ORIENTED_EDGE('',*,*,#387,.T.);
#389=CARTESIAN_POINT('',(13.51,-6.3,-0.2));
#390=VERTEX_POINT('',#389);
#391=CARTESIAN_POINT('',(13.51,-6.3,-0.2));
#392=DIRECTION('',(-0.,1.,-0.));
#393=VECTOR('',#392,0.61);
#394=LINE('',#391,#393);
#395=EDGE_CURVE('NONE',#390,#381,#394,.T.);
#396=ORIENTED_EDGE('',*,*,#395,.F.);
#397=CARTESIAN_POINT('',(14.21,-6.3,-0.2));
#398=VERTEX_POINT('',#397);
#399=CARTESIAN_POINT('',(13.51,-6.3,-0.2));
#400=DIRECTION('',(1.,0.,-0.));
#401=VECTOR('',#400,0.7);
#402=LINE('',#399,#401);
#403=EDGE_CURVE('NONE',#390,#398,#402,.T.);
#404=ORIENTED_EDGE('',*,*,#403,.T.);
#405=CARTESIAN_POINT('',(14.21,-5.69,-0.2));
#406=VERTEX_POINT('',#405);
#407=CARTESIAN_POINT('',(14.21,-5.69,-0.2));
#408=DIRECTION('',(0.,-1.,0.));
#409=VECTOR('',#408,0.61);
#410=LINE('',#407,#409);
#411=EDGE_CURVE('',#406,#398,#410,.T.);
#412=ORIENTED_EDGE('',*,*,#411,.F.);
#413=CARTESIAN_POINT('',(14.6,-5.3,-0.2));
#414=VERTEX_POINT('',#413);
#415=CARTESIAN_POINT('',(14.6,-5.69,-0.2));
#416=DIRECTION('',(0.,-0.,-1.));
#417=DIRECTION('',(0.,1.,-0.));
#418=AXIS2_PLACEMENT_3D('',#415,#416,#417);
#419=CIRCLE('',#418,0.39);
#420=EDGE_CURVE('',#406,#414,#419,.T.);
#421=ORIENTED_EDGE('',*,*,#420,.T.);
#422=CARTESIAN_POINT('',(14.62,-5.3,-0.2));
#423=VERTEX_POINT('',#422);
#424=CARTESIAN_POINT('',(14.6,-5.3,-0.2));
#425=DIRECTION('',(1.,-0.,0.));
#426=VECTOR('',#425,0.02);
#427=LINE('',#424,#426);
#428=EDGE_CURVE('',#414,#423,#427,.T.);
#429=ORIENTED_EDGE('',*,*,#428,.T.);
#430=CARTESIAN_POINT('',(15.01,-5.69,-0.2));
#431=VERTEX_POINT('',#430);
#432=CARTESIAN_POINT('',(14.62,-5.69,-0.2));
#433=DIRECTION('',(0.,-0.,-1.));
#434=DIRECTION('',(0.,1.,-0.));
#435=AXIS2_PLACEMENT_3D('',#432,#433,#434);
#436=CIRCLE('',#435,0.39);
#437=EDGE_CURVE('',#423,#431,#436,.T.);
#438=ORIENTED_EDGE('',*,*,#437,.T.);
#439=CARTESIAN_POINT('',(15.01,-6.3,-0.2));
#440=VERTEX_POINT('',#439);
#441=CARTESIAN_POINT('',(15.01,-6.3,-0.2));
#442=DIRECTION('',(-0.,1.,-0.));
#443=VECTOR('',#442,0.61);
#444=LINE('',#441,#443);
#445=EDGE_CURVE('NONE',#440,#431,#444,.T.);
#446=ORIENTED_EDGE('',*,*,#445,.F.);
#447=CARTESIAN_POINT('',(15.71,-6.3,-0.2));
#448=VERTEX_POINT('',#447);
#449=CARTESIAN_POINT('',(15.01,-6.3,-0.2));
#450=DIRECTION('',(1.,0.,-0.));
#451=VECTOR('',#450,0.7);
#452=LINE('',#449,#451);
#453=EDGE_CURVE('NONE',#440,#448,#452,.T.);
#454=ORIENTED_EDGE('',*,*,#453,.T.);
#455=CARTESIAN_POINT('',(15.71,-5.69,-0.2));
#456=VERTEX_POINT('',#455);
#457=CARTESIAN_POINT('',(15.71,-5.69,-0.2));
#458=DIRECTION('',(0.,-1.,0.));
#459=VECTOR('',#458,0.61);
#460=LINE('',#457,#459);
#461=EDGE_CURVE('',#456,#448,#460,.T.);
#462=ORIENTED_EDGE('',*,*,#461,.F.);
#463=CARTESIAN_POINT('',(16.1,-5.3,-0.2));
#464=VERTEX_POINT('',#463);
#465=CARTESIAN_POINT('',(16.1,-5.69,-0.2));
#466=DIRECTION('',(0.,-0.,-1.));
#467=DIRECTION('',(0.,1.,-0.));
#468=AXIS2_PLACEMENT_3D('',#465,#466,#467);
#469=CIRCLE('',#468,0.39);
#470=EDGE_CURVE('',#456,#464,#469,.T.);
#471=ORIENTED_EDGE('',*,*,#470,.T.);
#472=CARTESIAN_POINT('',(16.12,-5.3,-0.2));
#473=VERTEX_POINT('',#472);
#474=CARTESIAN_POINT('',(16.1,-5.3,-0.2));
#475=DIRECTION('',(1.,-0.,0.));
#476=VECTOR('',#475,0.02);
#477=LINE('',#474,#476);
#478=EDGE_CURVE('',#464,#473,#477,.T.);
#479=ORIENTED_EDGE('',*,*,#478,.T.);
#480=CARTESIAN_POINT('',(16.51,-5.69,-0.2));
#481=VERTEX_POINT('',#480);
#482=CARTESIAN_POINT('',(16.12,-5.69,-0.2));
#483=DIRECTION('',(0.,-0.,-1.));
#484=DIRECTION('',(0.,1.,-0.));
#485=AXIS2_PLACEMENT_3D('',#482,#483,#484);
#486=CIRCLE('',#485,0.39);
#487=EDGE_CURVE('',#473,#481,#486,.T.);
#488=ORIENTED_EDGE('',*,*,#487,.T.);
#489=CARTESIAN_POINT('',(16.51,-6.3,-0.2));
#490=VERTEX_POINT('',#489);
#491=CARTESIAN_POINT('',(16.51,-6.3,-0.2));
#492=DIRECTION('',(-0.,1.,-0.));
#493=VECTOR('',#492,0.61);
#494=LINE('',#491,#493);
#495=EDGE_CURVE('NONE',#490,#481,#494,.T.);
#496=ORIENTED_EDGE('',*,*,#495,.F.);
#497=CARTESIAN_POINT('',(17.21,-6.3,-0.2));
#498=VERTEX_POINT('',#497);
#499=CARTESIAN_POINT('',(16.51,-6.3,-0.2));
#500=DIRECTION('',(1.,0.,-0.));
#501=VECTOR('',#500,0.7);
#502=LINE('',#499,#501);
#503=EDGE_CURVE('NONE',#490,#498,#502,.T.);
#504=ORIENTED_EDGE('',*,*,#503,.T.);
#505=CARTESIAN_POINT('',(17.21,-5.69,-0.2));
#506=VERTEX_POINT('',#505);
#507=CARTESIAN_POINT('',(17.21,-5.69,-0.2));
#508=DIRECTION('',(0.,-1.,0.));
#509=VECTOR('',#508,0.61);
#510=LINE('',#507,#509);
#511=EDGE_CURVE('',#506,#498,#510,.T.);
#512=ORIENTED_EDGE('',*,*,#511,.F.);
#513=CARTESIAN_POINT('',(17.6,-5.3,-0.2));
#514=VERTEX_POINT('',#513);
#515=CARTESIAN_POINT('',(17.6,-5.69,-0.2));
#516=DIRECTION('',(0.,-0.,-1.));
#517=DIRECTION('',(0.,1.,-0.));
#518=AXIS2_PLACEMENT_3D('',#515,#516,#517);
#519=CIRCLE('',#518,0.39);
#520=EDGE_CURVE('',#506,#514,#519,.T.);
#521=ORIENTED_EDGE('',*,*,#520,.T.);
#522=CARTESIAN_POINT('',(17.62,-5.3,-0.2));
#523=VERTEX_POINT('',#522);
#524=CARTESIAN_POINT('',(17.6,-5.3,-0.2));
#525=DIRECTION('',(1.,-0.,0.));
#526=VECTOR('',#525,0.02);
#527=LINE('',#524,#526);
#528=EDGE_CURVE('',#514,#523,#527,.T.);
#529=ORIENTED_EDGE('',*,*,#528,.T.);
#530=CARTESIAN_POINT('',(18.01,-5.69,-0.2));
#531=VERTEX_POINT('',#530);
#532=CARTESIAN_POINT('',(17.62,-5.69,-0.2));
#533=DIRECTION('',(0.,-0.,-1.));
#534=DIRECTION('',(0.,1.,-0.));
#535=AXIS2_PLACEMENT_3D('',#532,#533,#534);
#536=CIRCLE('',#535,0.39);
#537=EDGE_CURVE('',#523,#531,#536,.T.);
#538=ORIENTED_EDGE('',*,*,#537,.T.);
#539=CARTESIAN_POINT('',(18.01,-6.3,-0.2));
#540=VERTEX_POINT('',#539);
#541=CARTESIAN_POINT('',(18.01,-6.3,-0.2));
#542=DIRECTION('',(-0.,1.,-0.));
#543=VECTOR('',#542,0.61);
#544=LINE('',#541,#543);
#545=EDGE_CURVE('NONE',#540,#531,#544,.T.);
#546=ORIENTED_EDGE('',*,*,#545,.F.);
#547=CARTESIAN_POINT('',(18.71,-6.3,-0.2));
#548=VERTEX_POINT('',#547);
#549=CARTESIAN_POINT('',(18.01,-6.3,-0.2));
#550=DIRECTION('',(1.,0.,-0.));
#551=VECTOR('',#550,0.7);
#552=LINE('',#549,#551);
#553=EDGE_CURVE('NONE',#540,#548,#552,.T.);
#554=ORIENTED_EDGE('',*,*,#553,.T.);
#555=CARTESIAN_POINT('',(18.71,-5.69,-0.2));
#556=VERTEX_POINT('',#555);
#557=CARTESIAN_POINT('',(18.71,-5.69,-0.2));
#558=DIRECTION('',(0.,-1.,0.));
#559=VECTOR('',#558,0.61);
#560=LINE('',#557,#559);
#561=EDGE_CURVE('',#556,#548,#560,.T.);
#562=ORIENTED_EDGE('',*,*,#561,.F.);
#563=CARTESIAN_POINT('',(19.1,-5.3,-0.2));
#564=VERTEX_POINT('',#563);
#565=CARTESIAN_POINT('',(19.1,-5.69,-0.2));
#566=DIRECTION('',(0.,-0.,-1.));
#567=DIRECTION('',(0.,1.,-0.));
#568=AXIS2_PLACEMENT_3D('',#565,#566,#567);
#569=CIRCLE('',#568,0.39);
#570=EDGE_CURVE('',#556,#564,#569,.T.);
#571=ORIENTED_EDGE('',*,*,#570,.T.);
#572=CARTESIAN_POINT('',(19.12,-5.3,-0.2));
#573=VERTEX_POINT('',#572);
#574=CARTESIAN_POINT('',(19.1,-5.3,-0.2));
#575=DIRECTION('',(1.,-0.,0.));
#576=VECTOR('',#575,0.02);
#577=LINE('',#574,#576);
#578=EDGE_CURVE('',#564,#573,#577,.T.);
#579=ORIENTED_EDGE('',*,*,#578,.T.);
#580=CARTESIAN_POINT('',(19.51,-5.69,-0.2));
#581=VERTEX_POINT('',#580);
#582=CARTESIAN_POINT('',(19.12,-5.69,-0.2));
#583=DIRECTION('',(0.,-0.,-1.));
#584=DIRECTION('',(0.,1.,-0.));
#585=AXIS2_PLACEMENT_3D('',#582,#583,#584);
#586=CIRCLE('',#585,0.39);
#587=EDGE_CURVE('',#573,#581,#586,.T.);
#588=ORIENTED_EDGE('',*,*,#587,.T.);
#589=CARTESIAN_POINT('',(19.51,-6.3,-0.2));
#590=VERTEX_POINT('',#589);
#591=CARTESIAN_POINT('',(19.51,-6.3,-0.2));
#592=DIRECTION('',(-0.,1.,-0.));
#593=VECTOR('',#592,0.61);
#594=LINE('',#591,#593);
#595=EDGE_CURVE('NONE',#590,#581,#594,.T.);
#596=ORIENTED_EDGE('',*,*,#595,.F.);
#597=CARTESIAN_POINT('',(20.21,-6.3,-0.2));
#598=VERTEX_POINT('',#597);
#599=CARTESIAN_POINT('',(19.51,-6.3,-0.2));
#600=DIRECTION('',(1.,0.,-0.));
#601=VECTOR('',#600,0.7);
#602=LINE('',#599,#601);
#603=EDGE_CURVE('NONE',#590,#598,#602,.T.);
#604=ORIENTED_EDGE('',*,*,#603,.T.);
#605=CARTESIAN_POINT('',(20.21,-5.69,-0.2));
#606=VERTEX_POINT('',#605);
#607=CARTESIAN_POINT('',(20.21,-5.69,-0.2));
#608=DIRECTION('',(0.,-1.,0.));
#609=VECTOR('',#608,0.61);
#610=LINE('',#607,#609);
#611=EDGE_CURVE('',#606,#598,#610,.T.);
#612=ORIENTED_EDGE('',*,*,#611,.F.);
#613=CARTESIAN_POINT('',(20.6,-5.3,-0.2));
#614=VERTEX_POINT('',#613);
#615=CARTESIAN_POINT('',(20.6,-5.69,-0.2));
#616=DIRECTION('',(0.,-0.,-1.));
#617=DIRECTION('',(0.,1.,-0.));
#618=AXIS2_PLACEMENT_3D('',#615,#616,#617);
#619=CIRCLE('',#618,0.39);
#620=EDGE_CURVE('',#606,#614,#619,.T.);
#621=ORIENTED_EDGE('',*,*,#620,.T.);
#622=CARTESIAN_POINT('',(20.62,-5.3,-0.2));
#623=VERTEX_POINT('',#622);
#624=CARTESIAN_POINT('',(20.6,-5.3,-0.2));
#625=DIRECTION('',(1.,-0.,0.));
#626=VECTOR('',#625,0.02);
#627=LINE('',#624,#626);
#628=EDGE_CURVE('',#614,#623,#627,.T.);
#629=ORIENTED_EDGE('',*,*,#628,.T.);
#630=CARTESIAN_POINT('',(21.01,-5.69,-0.2));
#631=VERTEX_POINT('',#630);
#632=CARTESIAN_POINT('',(20.62,-5.69,-0.2));
#633=DIRECTION('',(0.,-0.,-1.));
#634=DIRECTION('',(0.,1.,-0.));
#635=AXIS2_PLACEMENT_3D('',#632,#633,#634);
#636=CIRCLE('',#635,0.39);
#637=EDGE_CURVE('',#623,#631,#636,.T.);
#638=ORIENTED_EDGE('',*,*,#637,.T.);
#639=CARTESIAN_POINT('',(21.01,-6.3,-0.2));
#640=VERTEX_POINT('',#639);
#641=CARTESIAN_POINT('',(21.01,-6.3,-0.2));
#642=DIRECTION('',(-0.,1.,-0.));
#643=VECTOR('',#642,0.61);
#644=LINE('',#641,#643);
#645=EDGE_CURVE('NONE',#640,#631,#644,.T.);
#646=ORIENTED_EDGE('',*,*,#645,.F.);
#647=CARTESIAN_POINT('',(21.71,-6.3,-0.2));
#648=VERTEX_POINT('',#647);
#649=CARTESIAN_POINT('',(21.01,-6.3,-0.2));
#650=DIRECTION('',(1.,0.,-0.));
#651=VECTOR('',#650,0.7);
#652=LINE('',#649,#651);
#653=EDGE_CURVE('NONE',#640,#648,#652,.T.);
#654=ORIENTED_EDGE('',*,*,#653,.T.);
#655=CARTESIAN_POINT('',(21.71,-5.69,-0.2));
#656=VERTEX_POINT('',#655);
#657=CARTESIAN_POINT('',(21.71,-5.69,-0.2));
#658=DIRECTION('',(0.,-1.,0.));
#659=VECTOR('',#658,0.61);
#660=LINE('',#657,#659);
#661=EDGE_CURVE('',#656,#648,#660,.T.);
#662=ORIENTED_EDGE('',*,*,#661,.F.);
#663=CARTESIAN_POINT('',(22.1,-5.3,-0.2));
#664=VERTEX_POINT('',#663);
#665=CARTESIAN_POINT('',(22.1,-5.69,-0.2));
#666=DIRECTION('',(0.,-0.,-1.));
#667=DIRECTION('',(0.,1.,-0.));
#668=AXIS2_PLACEMENT_3D('',#665,#666,#667);
#669=CIRCLE('',#668,0.39);
#670=EDGE_CURVE('',#656,#664,#669,.T.);
#671=ORIENTED_EDGE('',*,*,#670,.T.);
#672=CARTESIAN_POINT('',(22.12,-5.3,-0.2));
#673=VERTEX_POINT('',#672);
#674=CARTESIAN_POINT('',(22.1,-5.3,-0.2));
#675=DIRECTION('',(1.,-0.,0.));
#676=VECTOR('',#675,0.02);
#677=LINE('',#674,#676);
#678=EDGE_CURVE('',#664,#673,#677,.T.);
#679=ORIENTED_EDGE('',*,*,#678,.T.);
#680=CARTESIAN_POINT('',(22.51,-5.69,-0.2));
#681=VERTEX_POINT('',#680);
#682=CARTESIAN_POINT('',(22.12,-5.69,-0.2));
#683=DIRECTION('',(0.,-0.,-1.));
#684=DIRECTION('',(0.,1.,-0.));
#685=AXIS2_PLACEMENT_3D('',#682,#683,#684);
#686=CIRCLE('',#685,0.39);
#687=EDGE_CURVE('',#673,#681,#686,.T.);
#688=ORIENTED_EDGE('',*,*,#687,.T.);
#689=CARTESIAN_POINT('',(22.51,-6.3,-0.2));
#690=VERTEX_POINT('',#689);
#691=CARTESIAN_POINT('',(22.51,-6.3,-0.2));
#692=DIRECTION('',(-0.,1.,-0.));
#693=VECTOR('',#692,0.61);
#694=LINE('',#691,#693);
#695=EDGE_CURVE('NONE',#690,#681,#694,.T.);
#696=ORIENTED_EDGE('',*,*,#695,.F.);
#697=CARTESIAN_POINT('',(23.21,-6.3,-0.2));
#698=VERTEX_POINT('',#697);
#699=CARTESIAN_POINT('',(22.51,-6.3,-0.2));
#700=DIRECTION('',(1.,0.,-0.));
#701=VECTOR('',#700,0.7);
#702=LINE('',#699,#701);
#703=EDGE_CURVE('NONE',#690,#698,#702,.T.);
#704=ORIENTED_EDGE('',*,*,#703,.T.);
#705=CARTESIAN_POINT('',(23.21,-5.69,-0.2));
#706=VERTEX_POINT('',#705);
#707=CARTESIAN_POINT('',(23.21,-5.69,-0.2));
#708=DIRECTION('',(0.,-1.,0.));
#709=VECTOR('',#708,0.61);
#710=LINE('',#707,#709);
#711=EDGE_CURVE('',#706,#698,#710,.T.);
#712=ORIENTED_EDGE('',*,*,#711,.F.);
#713=CARTESIAN_POINT('',(23.6,-5.3,-0.2));
#714=VERTEX_POINT('',#713);
#715=CARTESIAN_POINT('',(23.6,-5.69,-0.2));
#716=DIRECTION('',(0.,-0.,-1.));
#717=DIRECTION('',(0.,1.,-0.));
#718=AXIS2_PLACEMENT_3D('',#715,#716,#717);
#719=CIRCLE('',#718,0.39);
#720=EDGE_CURVE('',#706,#714,#719,.T.);
#721=ORIENTED_EDGE('',*,*,#720,.T.);
#722=CARTESIAN_POINT('',(23.62,-5.3,-0.2));
#723=VERTEX_POINT('',#722);
#724=CARTESIAN_POINT('',(23.6,-5.3,-0.2));
#725=DIRECTION('',(1.,-0.,0.));
#726=VECTOR('',#725,0.02);
#727=LINE('',#724,#726);
#728=EDGE_CURVE('',#714,#723,#727,.T.);
#729=ORIENTED_EDGE('',*,*,#728,.T.);
#730=CARTESIAN_POINT('',(24.01,-5.69,-0.2));
#731=VERTEX_POINT('',#730);
#732=CARTESIAN_POINT('',(23.62,-5.69,-0.2));
#733=DIRECTION('',(0.,-0.,-1.));
#734=DIRECTION('',(0.,1.,-0.));
#735=AXIS2_PLACEMENT_3D('',#732,#733,#734);
#736=CIRCLE('',#735,0.39);
#737=EDGE_CURVE('',#723,#731,#736,.T.);
#738=ORIENTED_EDGE('',*,*,#737,.T.);
#739=CARTESIAN_POINT('',(24.01,-6.3,-0.2));
#740=VERTEX_POINT('',#739);
#741=CARTESIAN_POINT('',(24.01,-6.3,-0.2));
#742=DIRECTION('',(-0.,1.,-0.));
#743=VECTOR('',#742,0.61);
#744=LINE('',#741,#743);
#745=EDGE_CURVE('NONE',#740,#731,#744,.T.);
#746=ORIENTED_EDGE('',*,*,#745,.F.);
#747=CARTESIAN_POINT('',(24.059973052,-6.3,-0.2));
#748=VERTEX_POINT('',#747);
#749=CARTESIAN_POINT('',(24.01,-6.3,-0.2));
#750=DIRECTION('',(1.,0.,-0.));
#751=VECTOR('',#750,0.049973052);
#752=LINE('',#749,#751);
#753=EDGE_CURVE('NONE',#740,#748,#752,.T.);
#754=ORIENTED_EDGE('',*,*,#753,.T.);
#755=CARTESIAN_POINT('',(24.659973052,-6.3,-0.2));
#756=VERTEX_POINT('',#755);
#757=CARTESIAN_POINT('',(24.059973052,-6.3,-0.2));
#758=DIRECTION('',(1.,0.,-0.));
#759=VECTOR('',#758,0.6);
#760=LINE('',#757,#759);
#761=EDGE_CURVE('',#748,#756,#760,.T.);
#762=ORIENTED_EDGE('',*,*,#761,.T.);
#763=CARTESIAN_POINT('',(24.71,-6.3,-0.2));
#764=VERTEX_POINT('',#763);
#765=CARTESIAN_POINT('',(24.659973052,-6.3,-0.2));
#766=DIRECTION('',(1.,0.,-0.));
#767=VECTOR('',#766,0.050026948);
#768=LINE('',#765,#767);
#769=EDGE_CURVE('',#756,#764,#768,.T.);
#770=ORIENTED_EDGE('',*,*,#769,.T.);
#771=CARTESIAN_POINT('',(24.71,-5.69,-0.2));
#772=VERTEX_POINT('',#771);
#773=CARTESIAN_POINT('',(24.71,-5.69,-0.2));
#774=DIRECTION('',(0.,-1.,0.));
#775=VECTOR('',#774,0.61);
#776=LINE('',#773,#775);
#777=EDGE_CURVE('',#772,#764,#776,.T.);
#778=ORIENTED_EDGE('',*,*,#777,.F.);
#779=CARTESIAN_POINT('',(25.1,-5.3,-0.2));
#780=VERTEX_POINT('',#779);
#781=CARTESIAN_POINT('',(25.1,-5.69,-0.2));
#782=DIRECTION('',(0.,-0.,-1.));
#783=DIRECTION('',(0.,1.,-0.));
#784=AXIS2_PLACEMENT_3D('',#781,#782,#783);
#785=CIRCLE('',#784,0.39);
#786=EDGE_CURVE('',#772,#780,#785,.T.);
#787=ORIENTED_EDGE('',*,*,#786,.T.);
#788=CARTESIAN_POINT('',(25.12,-5.3,-0.2));
#789=VERTEX_POINT('',#788);
#790=CARTESIAN_POINT('',(25.1,-5.3,-0.2));
#791=DIRECTION('',(1.,-0.,0.));
#792=VECTOR('',#791,0.02);
#793=LINE('',#790,#792);
#794=EDGE_CURVE('',#780,#789,#793,.T.);
#795=ORIENTED_EDGE('',*,*,#794,.T.);
#796=CARTESIAN_POINT('',(25.51,-5.69,-0.2));
#797=VERTEX_POINT('',#796);
#798=CARTESIAN_POINT('',(25.12,-5.69,-0.2));
#799=DIRECTION('',(0.,-0.,-1.));
#800=DIRECTION('',(0.,1.,-0.));
#801=AXIS2_PLACEMENT_3D('',#798,#799,#800);
#802=CIRCLE('',#801,0.39);
#803=EDGE_CURVE('',#789,#797,#802,.T.);
#804=ORIENTED_EDGE('',*,*,#803,.T.);
#805=CARTESIAN_POINT('',(25.51,-6.3,-0.2));
#806=VERTEX_POINT('',#805);
#807=CARTESIAN_POINT('',(25.51,-6.3,-0.2));
#808=DIRECTION('',(-0.,1.,-0.));
#809=VECTOR('',#808,0.61);
#810=LINE('',#807,#809);
#811=EDGE_CURVE('NONE',#806,#797,#810,.T.);
#812=ORIENTED_EDGE('',*,*,#811,.F.);
#813=CARTESIAN_POINT('',(26.899767062,-6.3,-0.2));
#814=VERTEX_POINT('',#813);
#815=CARTESIAN_POINT('',(25.51,-6.3,-0.2));
#816=DIRECTION('',(1.,0.,-0.));
#817=VECTOR('',#816,1.389767062);
#818=LINE('',#815,#817);
#819=EDGE_CURVE('NONE',#806,#814,#818,.T.);
#820=ORIENTED_EDGE('',*,*,#819,.T.);
#821=CARTESIAN_POINT('',(26.899767062,-5.449996268,-0.2));
#822=VERTEX_POINT('',#821);
#823=CARTESIAN_POINT('',(26.899767062,-6.3,-0.2));
#824=DIRECTION('',(0.,1.,-0.));
#825=VECTOR('',#824,0.850003732);
#826=LINE('',#823,#825);
#827=EDGE_CURVE('',#814,#822,#826,.T.);
#828=ORIENTED_EDGE('',*,*,#827,.T.);
#829=CARTESIAN_POINT('',(26.289767062,-5.449996268,-0.2));
#830=VERTEX_POINT('',#829);
#831=CARTESIAN_POINT('',(26.899767062,-5.449996268,-0.2));
#832=DIRECTION('',(-1.,0.,-0.));
#833=VECTOR('',#832,0.61);
#834=LINE('',#831,#833);
#835=EDGE_CURVE('',#822,#830,#834,.T.);
#836=ORIENTED_EDGE('',*,*,#835,.T.);
#837=CARTESIAN_POINT('',(25.899767062,-5.059996268,-0.2));
#838=VERTEX_POINT('',#837);
#839=CARTESIAN_POINT('',(26.289767062,-5.059996268,-0.2));
#840=DIRECTION('',(-0.,0.,1.));
#841=DIRECTION('',(0.,1.,-0.));
#842=AXIS2_PLACEMENT_3D('',#839,#840,#841);
#843=CIRCLE('',#842,0.39);
#844=EDGE_CURVE('',#838,#830,#843,.T.);
#845=ORIENTED_EDGE('',*,*,#844,.F.);
#846=CARTESIAN_POINT('',(25.899767062,-5.039996268,-0.2));
#847=VERTEX_POINT('',#846);
#848=CARTESIAN_POINT('',(25.899767062,-5.059996268,-0.2));
#849=DIRECTION('',(0.,1.,-0.));
#850=VECTOR('',#849,0.02);
#851=LINE('',#848,#850);
#852=EDGE_CURVE('',#838,#847,#851,.T.);
#853=ORIENTED_EDGE('',*,*,#852,.T.);
#854=CARTESIAN_POINT('',(26.289767062,-4.649996268,-0.2));
#855=VERTEX_POINT('',#854);
#856=CARTESIAN_POINT('',(26.289767062,-5.039996268,-0.2));
#857=DIRECTION('',(0.,-0.,-1.));
#858=DIRECTION('',(0.,1.,-0.));
#859=AXIS2_PLACEMENT_3D('',#856,#857,#858);
#860=CIRCLE('',#859,0.39);
#861=EDGE_CURVE('',#847,#855,#860,.T.);
#862=ORIENTED_EDGE('',*,*,#861,.T.);
#863=CARTESIAN_POINT('',(26.899767062,-4.649996268,-0.2));
#864=VERTEX_POINT('',#863);
#865=CARTESIAN_POINT('',(26.289767062,-4.649996268,-0.2));
#866=DIRECTION('',(1.,0.,-0.));
#867=VECTOR('',#866,0.61);
#868=LINE('',#865,#867);
#869=EDGE_CURVE('',#855,#864,#868,.T.);
#870=ORIENTED_EDGE('',*,*,#869,.T.);
#871=CARTESIAN_POINT('',(26.899767062,-3.949996268,-0.2));
#872=VERTEX_POINT('',#871);
#873=CARTESIAN_POINT('',(26.899767062,-4.649996268,-0.2));
#874=DIRECTION('',(0.,1.,-0.));
#875=VECTOR('',#874,0.7);
#876=LINE('',#873,#875);
#877=EDGE_CURVE('',#864,#872,#876,.T.);
#878=ORIENTED_EDGE('',*,*,#877,.T.);
#879=CARTESIAN_POINT('',(26.289767062,-3.949996268,-0.2));
#880=VERTEX_POINT('',#879);
#881=CARTESIAN_POINT('',(26.899767062,-3.949996268,-0.2));
#882=DIRECTION('',(-1.,0.,-0.));
#883=VECTOR('',#882,0.61);
#884=LINE('',#881,#883);
#885=EDGE_CURVE('',#872,#880,#884,.T.);
#886=ORIENTED_EDGE('',*,*,#885,.T.);
#887=CARTESIAN_POINT('',(25.899767062,-3.559996268,-0.2));
#888=VERTEX_POINT('',#887);
#889=CARTESIAN_POINT('',(26.289767062,-3.559996268,-0.2));
#890=DIRECTION('',(0.,-0.,-1.));
#891=DIRECTION('',(0.,1.,-0.));
#892=AXIS2_PLACEMENT_3D('',#889,#890,#891);
#893=CIRCLE('',#892,0.39);
#894=EDGE_CURVE('',#880,#888,#893,.T.);
#895=ORIENTED_EDGE('',*,*,#894,.T.);
#896=CARTESIAN_POINT('',(25.899767062,-3.539996268,-0.2));
#897=VERTEX_POINT('',#896);
#898=CARTESIAN_POINT('',(25.899767062,-3.559996268,-0.2));
#899=DIRECTION('',(0.,1.,-0.));
#900=VECTOR('',#899,0.02);
#901=LINE('',#898,#900);
#902=EDGE_CURVE('',#888,#897,#901,.T.);
#903=ORIENTED_EDGE('',*,*,#902,.T.);
#904=CARTESIAN_POINT('',(26.289767062,-3.149996268,-0.2));
#905=VERTEX_POINT('',#904);
#906=CARTESIAN_POINT('',(26.289767062,-3.539996268,-0.2));
#907=DIRECTION('',(0.,-0.,-1.));
#908=DIRECTION('',(0.,1.,-0.));
#909=AXIS2_PLACEMENT_3D('',#906,#907,#908);
#910=CIRCLE('',#909,0.39);
#911=EDGE_CURVE('',#897,#905,#910,.T.);
#912=ORIENTED_EDGE('',*,*,#911,.T.);
#913=CARTESIAN_POINT('',(26.899767062,-3.149996268,-0.2));
#914=VERTEX_POINT('',#913);
#915=CARTESIAN_POINT('',(26.289767062,-3.149996268,-0.2));
#916=DIRECTION('',(1.,0.,-0.));
#917=VECTOR('',#916,0.61);
#918=LINE('',#915,#917);
#919=EDGE_CURVE('',#905,#914,#918,.T.);
#920=ORIENTED_EDGE('',*,*,#919,.T.);
#921=CARTESIAN_POINT('',(26.899767062,-2.449996268,-0.2));
#922=VERTEX_POINT('',#921);
#923=CARTESIAN_POINT('',(26.899767062,-3.149996268,-0.2));
#924=DIRECTION('',(0.,1.,-0.));
#925=VECTOR('',#924,0.7);
#926=LINE('',#923,#925);
#927=EDGE_CURVE('',#914,#922,#926,.T.);
#928=ORIENTED_EDGE('',*,*,#927,.T.);
#929=CARTESIAN_POINT('',(26.289767062,-2.449996268,-0.2));
#930=VERTEX_POINT('',#929);
#931=CARTESIAN_POINT('',(26.899767062,-2.449996268,-0.2));
#932=DIRECTION('',(-1.,0.,-0.));
#933=VECTOR('',#932,0.61);
#934=LINE('',#931,#933);
#935=EDGE_CURVE('',#922,#930,#934,.T.);
#936=ORIENTED_EDGE('',*,*,#935,.T.);
#937=CARTESIAN_POINT('',(25.899767062,-2.059996268,-0.2));
#938=VERTEX_POINT('',#937);
#939=CARTESIAN_POINT('',(26.289767062,-2.059996268,-0.2));
#940=DIRECTION('',(0.,-0.,-1.));
#941=DIRECTION('',(0.,1.,-0.));
#942=AXIS2_PLACEMENT_3D('',#939,#940,#941);
#943=CIRCLE('',#942,0.39);
#944=EDGE_CURVE('',#930,#938,#943,.T.);
#945=ORIENTED_EDGE('',*,*,#944,.T.);
#946=CARTESIAN_POINT('',(25.899767062,-2.039996268,-0.2));
#947=VERTEX_POINT('',#946);
#948=CARTESIAN_POINT('',(25.899767062,-2.059996268,-0.2));
#949=DIRECTION('',(0.,1.,-0.));
#950=VECTOR('',#949,0.02);
#951=LINE('',#948,#950);
#952=EDGE_CURVE('',#938,#947,#951,.T.);
#953=ORIENTED_EDGE('',*,*,#952,.T.);
#954=CARTESIAN_POINT('',(26.289767062,-1.649996268,-0.2));
#955=VERTEX_POINT('',#954);
#956=CARTESIAN_POINT('',(26.289767062,-2.039996268,-0.2));
#957=DIRECTION('',(0.,-0.,-1.));
#958=DIRECTION('',(0.,1.,-0.));
#959=AXIS2_PLACEMENT_3D('',#956,#957,#958);
#960=CIRCLE('',#959,0.39);
#961=EDGE_CURVE('',#947,#955,#960,.T.);
#962=ORIENTED_EDGE('',*,*,#961,.T.);
#963=CARTESIAN_POINT('',(26.899767062,-1.649996268,-0.2));
#964=VERTEX_POINT('',#963);
#965=CARTESIAN_POINT('',(26.289767062,-1.649996268,-0.2));
#966=DIRECTION('',(1.,0.,-0.));
#967=VECTOR('',#966,0.61);
#968=LINE('',#965,#967);
#969=EDGE_CURVE('',#955,#964,#968,.T.);
#970=ORIENTED_EDGE('',*,*,#969,.T.);
#971=CARTESIAN_POINT('',(26.899767062,-0.949996268,-0.2));
#972=VERTEX_POINT('',#971);
#973=CARTESIAN_POINT('',(26.899767062,-1.649996268,-0.2));
#974=DIRECTION('',(0.,1.,-0.));
#975=VECTOR('',#974,0.7);
#976=LINE('',#973,#975);
#977=EDGE_CURVE('',#964,#972,#976,.T.);
#978=ORIENTED_EDGE('',*,*,#977,.T.);
#979=CARTESIAN_POINT('',(26.289767062,-0.949996268,-0.2));
#980=VERTEX_POINT('',#979);
#981=CARTESIAN_POINT('',(26.899767062,-0.949996268,-0.2));
#982=DIRECTION('',(-1.,0.,-0.));
#983=VECTOR('',#982,0.61);
#984=LINE('',#981,#983);
#985=EDGE_CURVE('',#972,#980,#984,.T.);
#986=ORIENTED_EDGE('',*,*,#985,.T.);
#987=CARTESIAN_POINT('',(25.899767062,-0.559996268,-0.2));
#988=VERTEX_POINT('',#987);
#989=CARTESIAN_POINT('',(26.289767062,-0.559996268,-0.2));
#990=DIRECTION('',(0.,-0.,-1.));
#991=DIRECTION('',(0.,1.,-0.));
#992=AXIS2_PLACEMENT_3D('',#989,#990,#991);
#993=CIRCLE('',#992,0.39);
#994=EDGE_CURVE('',#980,#988,#993,.T.);
#995=ORIENTED_EDGE('',*,*,#994,.T.);
#996=CARTESIAN_POINT('',(25.899767062,-0.539996268,-0.2));
#997=VERTEX_POINT('',#996);
#998=CARTESIAN_POINT('',(25.899767062,-0.559996268,-0.2));
#999=DIRECTION('',(0.,1.,-0.));
#1000=VECTOR('',#999,0.02);
#1001=LINE('',#998,#1000);
#1002=EDGE_CURVE('',#988,#997,#1001,.T.);
#1003=ORIENTED_EDGE('',*,*,#1002,.T.);
#1004=CARTESIAN_POINT('',(26.289767062,-0.149996268,-0.2));
#1005=VERTEX_POINT('',#1004);
#1006=CARTESIAN_POINT('',(26.289767062,-0.539996268,-0.2));
#1007=DIRECTION('',(0.,-0.,-1.));
#1008=DIRECTION('',(0.,1.,-0.));
#1009=AXIS2_PLACEMENT_3D('',#1006,#1007,#1008);
#1010=CIRCLE('',#1009,0.39);
#1011=EDGE_CURVE('',#997,#1005,#1010,.T.);
#1012=ORIENTED_EDGE('',*,*,#1011,.T.);
#1013=CARTESIAN_POINT('',(26.899767062,-0.149996268,-0.2));
#1014=VERTEX_POINT('',#1013);
#1015=CARTESIAN_POINT('',(26.289767062,-0.149996268,-0.2));
#1016=DIRECTION('',(1.,0.,-0.));
#1017=VECTOR('',#1016,0.61);
#1018=LINE('',#1015,#1017);
#1019=EDGE_CURVE('',#1005,#1014,#1018,.T.);
#1020=ORIENTED_EDGE('',*,*,#1019,.T.);
#1021=CARTESIAN_POINT('',(26.899767062,0.550003732,-0.2));
#1022=VERTEX_POINT('',#1021);
#1023=CARTESIAN_POINT('',(26.899767062,-0.149996268,-0.2));
#1024=DIRECTION('',(0.,1.,-0.));
#1025=VECTOR('',#1024,0.7);
#1026=LINE('',#1023,#1025);
#1027=EDGE_CURVE('',#1014,#1022,#1026,.T.);
#1028=ORIENTED_EDGE('',*,*,#1027,.T.);
#1029=CARTESIAN_POINT('',(26.289767062,0.550003732,-0.2));
#1030=VERTEX_POINT('',#1029);
#1031=CARTESIAN_POINT('',(26.899767062,0.550003732,-0.2));
#1032=DIRECTION('',(-1.,0.,-0.));
#1033=VECTOR('',#1032,0.61);
#1034=LINE('',#1031,#1033);
#1035=EDGE_CURVE('',#1022,#1030,#1034,.T.);
#1036=ORIENTED_EDGE('',*,*,#1035,.T.);
#1037=CARTESIAN_POINT('',(25.899767062,0.940003732,-0.2));
#1038=VERTEX_POINT('',#1037);
#1039=CARTESIAN_POINT('',(26.289767062,0.940003732,-0.2));
#1040=DIRECTION('',(0.,-0.,-1.));
#1041=DIRECTION('',(0.,1.,-0.));
#1042=AXIS2_PLACEMENT_3D('',#1039,#1040,#1041);
#1043=CIRCLE('',#1042,0.39);
#1044=EDGE_CURVE('',#1030,#1038,#1043,.T.);
#1045=ORIENTED_EDGE('',*,*,#1044,.T.);
#1046=CARTESIAN_POINT('',(25.899767062,0.960003732,-0.2));
#1047=VERTEX_POINT('',#1046);
#1048=CARTESIAN_POINT('',(25.899767062,0.940003732,-0.2));
#1049=DIRECTION('',(0.,1.,-0.));
#1050=VECTOR('',#1049,0.02);
#1051=LINE('',#1048,#1050);
#1052=EDGE_CURVE('',#1038,#1047,#1051,.T.);
#1053=ORIENTED_EDGE('',*,*,#1052,.T.);
#1054=CARTESIAN_POINT('',(26.289767062,1.350003732,-0.2));
#1055=VERTEX_POINT('',#1054);
#1056=CARTESIAN_POINT('',(26.289767062,0.960003732,-0.2));
#1057=DIRECTION('',(0.,-0.,-1.));
#1058=DIRECTION('',(0.,1.,-0.));
#1059=AXIS2_PLACEMENT_3D('',#1056,#1057,#1058);
#1060=CIRCLE('',#1059,0.39);
#1061=EDGE_CURVE('',#1047,#1055,#1060,.T.);
#1062=ORIENTED_EDGE('',*,*,#1061,.T.);
#1063=CARTESIAN_POINT('',(26.899767062,1.350003732,-0.2));
#1064=VERTEX_POINT('',#1063);
#1065=CARTESIAN_POINT('',(26.289767062,1.350003732,-0.2));
#1066=DIRECTION('',(1.,0.,-0.));
#1067=VECTOR('',#1066,0.61);
#1068=LINE('',#1065,#1067);
#1069=EDGE_CURVE('',#1055,#1064,#1068,.T.);
#1070=ORIENTED_EDGE('',*,*,#1069,.T.);
#1071=CARTESIAN_POINT('',(26.899767062,2.050003732,-0.2));
#1072=VERTEX_POINT('',#1071);
#1073=CARTESIAN_POINT('',(26.899767062,1.350003732,-0.2));
#1074=DIRECTION('',(0.,1.,-0.));
#1075=VECTOR('',#1074,0.7);
#1076=LINE('',#1073,#1075);
#1077=EDGE_CURVE('',#1064,#1072,#1076,.T.);
#1078=ORIENTED_EDGE('',*,*,#1077,.T.);
#1079=CARTESIAN_POINT('',(26.289767062,2.050003732,-0.2));
#1080=VERTEX_POINT('',#1079);
#1081=CARTESIAN_POINT('',(26.899767062,2.050003732,-0.2));
#1082=DIRECTION('',(-1.,0.,-0.));
#1083=VECTOR('',#1082,0.61);
#1084=LINE('',#1081,#1083);
#1085=EDGE_CURVE('',#1072,#1080,#1084,.T.);
#1086=ORIENTED_EDGE('',*,*,#1085,.T.);
#1087=CARTESIAN_POINT('',(25.899767062,2.440003732,-0.2));
#1088=VERTEX_POINT('',#1087);
#1089=CARTESIAN_POINT('',(26.289767062,2.440003732,-0.2));
#1090=DIRECTION('',(0.,-0.,-1.));
#1091=DIRECTION('',(0.,1.,-0.));
#1092=AXIS2_PLACEMENT_3D('',#1089,#1090,#1091);
#1093=CIRCLE('',#1092,0.39);
#1094=EDGE_CURVE('',#1080,#1088,#1093,.T.);
#1095=ORIENTED_EDGE('',*,*,#1094,.T.);
#1096=CARTESIAN_POINT('',(25.899767062,2.460003732,-0.2));
#1097=VERTEX_POINT('',#1096);
#1098=CARTESIAN_POINT('',(25.899767062,2.440003732,-0.2));
#1099=DIRECTION('',(0.,1.,-0.));
#1100=VECTOR('',#1099,0.02);
#1101=LINE('',#1098,#1100);
#1102=EDGE_CURVE('',#1088,#1097,#1101,.T.);
#1103=ORIENTED_EDGE('',*,*,#1102,.T.);
#1104=CARTESIAN_POINT('',(26.289767062,2.850003732,-0.2));
#1105=VERTEX_POINT('',#1104);
#1106=CARTESIAN_POINT('',(26.289767062,2.460003732,-0.2));
#1107=DIRECTION('',(0.,-0.,-1.));
#1108=DIRECTION('',(0.,1.,-0.));
#1109=AXIS2_PLACEMENT_3D('',#1106,#1107,#1108);
#1110=CIRCLE('',#1109,0.39);
#1111=EDGE_CURVE('',#1097,#1105,#1110,.T.);
#1112=ORIENTED_EDGE('',*,*,#1111,.T.);
#1113=CARTESIAN_POINT('',(26.899767062,2.850003732,-0.2));
#1114=VERTEX_POINT('',#1113);
#1115=CARTESIAN_POINT('',(26.289767062,2.850003732,-0.2));
#1116=DIRECTION('',(1.,0.,-0.));
#1117=VECTOR('',#1116,0.61);
#1118=LINE('',#1115,#1117);
#1119=EDGE_CURVE('',#1105,#1114,#1118,.T.);
#1120=ORIENTED_EDGE('',*,*,#1119,.T.);
#1121=CARTESIAN_POINT('',(26.899767062,3.550003732,-0.2));
#1122=VERTEX_POINT('',#1121);
#1123=CARTESIAN_POINT('',(26.899767062,2.850003732,-0.2));
#1124=DIRECTION('',(0.,1.,-0.));
#1125=VECTOR('',#1124,0.7);
#1126=LINE('',#1123,#1125);
#1127=EDGE_CURVE('',#1114,#1122,#1126,.T.);
#1128=ORIENTED_EDGE('',*,*,#1127,.T.);
#1129=CARTESIAN_POINT('',(26.289767062,3.550003732,-0.2));
#1130=VERTEX_POINT('',#1129);
#1131=CARTESIAN_POINT('',(26.899767062,3.550003732,-0.2));
#1132=DIRECTION('',(-1.,0.,-0.));
#1133=VECTOR('',#1132,0.61);
#1134=LINE('',#1131,#1133);
#1135=EDGE_CURVE('',#1122,#1130,#1134,.T.);
#1136=ORIENTED_EDGE('',*,*,#1135,.T.);
#1137=CARTESIAN_POINT('',(25.899767062,3.940003732,-0.2));
#1138=VERTEX_POINT('',#1137);
#1139=CARTESIAN_POINT('',(26.289767062,3.940003732,-0.2));
#1140=DIRECTION('',(0.,-0.,-1.));
#1141=DIRECTION('',(0.,1.,-0.));
#1142=AXIS2_PLACEMENT_3D('',#1139,#1140,#1141);
#1143=CIRCLE('',#1142,0.39);
#1144=EDGE_CURVE('',#1130,#1138,#1143,.T.);
#1145=ORIENTED_EDGE('',*,*,#1144,.T.);
#1146=CARTESIAN_POINT('',(25.899767062,3.960003732,-0.2));
#1147=VERTEX_POINT('',#1146);
#1148=CARTESIAN_POINT('',(25.899767062,3.940003732,-0.2));
#1149=DIRECTION('',(0.,1.,-0.));
#1150=VECTOR('',#1149,0.02);
#1151=LINE('',#1148,#1150);
#1152=EDGE_CURVE('',#1138,#1147,#1151,.T.);
#1153=ORIENTED_EDGE('',*,*,#1152,.T.);
#1154=CARTESIAN_POINT('',(26.289767062,4.350003732,-0.2));
#1155=VERTEX_POINT('',#1154);
#1156=CARTESIAN_POINT('',(26.289767062,3.960003732,-0.2));
#1157=DIRECTION('',(0.,-0.,-1.));
#1158=DIRECTION('',(0.,1.,-0.));
#1159=AXIS2_PLACEMENT_3D('',#1156,#1157,#1158);
#1160=CIRCLE('',#1159,0.39);
#1161=EDGE_CURVE('',#1147,#1155,#1160,.T.);
#1162=ORIENTED_EDGE('',*,*,#1161,.T.);
#1163=CARTESIAN_POINT('',(26.899767062,4.350003732,-0.2));
#1164=VERTEX_POINT('',#1163);
#1165=CARTESIAN_POINT('',(26.289767062,4.350003732,-0.2));
#1166=DIRECTION('',(1.,0.,-0.));
#1167=VECTOR('',#1166,0.61);
#1168=LINE('',#1165,#1167);
#1169=EDGE_CURVE('',#1155,#1164,#1168,.T.);
#1170=ORIENTED_EDGE('',*,*,#1169,.T.);
#1171=CARTESIAN_POINT('',(26.899767062,5.050003732,-0.2));
#1172=VERTEX_POINT('',#1171);
#1173=CARTESIAN_POINT('',(26.899767062,4.350003732,-0.2));
#1174=DIRECTION('',(0.,1.,-0.));
#1175=VECTOR('',#1174,0.7);
#1176=LINE('',#1173,#1175);
#1177=EDGE_CURVE('',#1164,#1172,#1176,.T.);
#1178=ORIENTED_EDGE('',*,*,#1177,.T.);
#1179=CARTESIAN_POINT('',(26.289767062,5.050003732,-0.2));
#1180=VERTEX_POINT('',#1179);
#1181=CARTESIAN_POINT('',(26.899767062,5.050003732,-0.2));
#1182=DIRECTION('',(-1.,0.,-0.));
#1183=VECTOR('',#1182,0.61);
#1184=LINE('',#1181,#1183);
#1185=EDGE_CURVE('',#1172,#1180,#1184,.T.);
#1186=ORIENTED_EDGE('',*,*,#1185,.T.);
#1187=CARTESIAN_POINT('',(25.899767062,5.440003732,-0.2));
#1188=VERTEX_POINT('',#1187);
#1189=CARTESIAN_POINT('',(26.289767062,5.440003732,-0.2));
#1190=DIRECTION('',(-0.,0.,1.));
#1191=DIRECTION('',(0.,1.,-0.));
#1192=AXIS2_PLACEMENT_3D('',#1189,#1190,#1191);
#1193=CIRCLE('',#1192,0.39);
#1194=EDGE_CURVE('',#1188,#1180,#1193,.T.);
#1195=ORIENTED_EDGE('',*,*,#1194,.F.);
#1196=CARTESIAN_POINT('',(25.899767062,5.460003732,-0.2));
#1197=VERTEX_POINT('',#1196);
#1198=CARTESIAN_POINT('',(25.899767062,5.460003732,-0.2));
#1199=DIRECTION('',(-0.,-1.,0.));
#1200=VECTOR('',#1199,0.02);
#1201=LINE('',#1198,#1200);
#1202=EDGE_CURVE('',#1197,#1188,#1201,.T.);
#1203=ORIENTED_EDGE('',*,*,#1202,.F.);
#1204=CARTESIAN_POINT('',(26.289767062,5.850003732,-0.2));
#1205=VERTEX_POINT('',#1204);
#1206=CARTESIAN_POINT('',(26.289767062,5.460003732,-0.2));
#1207=DIRECTION('',(0.,-0.,-1.));
#1208=DIRECTION('',(0.,1.,-0.));
#1209=AXIS2_PLACEMENT_3D('',#1206,#1207,#1208);
#1210=CIRCLE('',#1209,0.39);
#1211=EDGE_CURVE('',#1197,#1205,#1210,.T.);
#1212=ORIENTED_EDGE('',*,*,#1211,.T.);
#1213=CARTESIAN_POINT('',(26.899767062,5.850003732,-0.2));
#1214=VERTEX_POINT('',#1213);
#1215=CARTESIAN_POINT('',(26.289767062,5.850003732,-0.2));
#1216=DIRECTION('',(1.,0.,-0.));
#1217=VECTOR('',#1216,0.61);
#1218=LINE('',#1215,#1217);
#1219=EDGE_CURVE('',#1205,#1214,#1218,.T.);
#1220=ORIENTED_EDGE('',*,*,#1219,.T.);
#1221=CARTESIAN_POINT('',(26.899767062,6.7,-0.2));
#1222=VERTEX_POINT('',#1221);
#1223=CARTESIAN_POINT('',(26.899767062,6.7,-0.2));
#1224=DIRECTION('',(-0.,-1.,0.));
#1225=VECTOR('',#1224,0.849996268);
#1226=LINE('',#1223,#1225);
#1227=EDGE_CURVE('',#1222,#1214,#1226,.T.);
#1228=ORIENTED_EDGE('',*,*,#1227,.F.);
#1229=CARTESIAN_POINT('',(25.51,6.7,-0.2));
#1230=VERTEX_POINT('',#1229);
#1231=CARTESIAN_POINT('',(25.51,6.7,-0.2));
#1232=DIRECTION('',(1.,0.,-0.));
#1233=VECTOR('',#1232,1.389767062);
#1234=LINE('',#1231,#1233);
#1235=EDGE_CURVE('NONE',#1230,#1222,#1234,.T.);
#1236=ORIENTED_EDGE('',*,*,#1235,.F.);
#1237=CARTESIAN_POINT('',(25.51,6.09,-0.2));
#1238=VERTEX_POINT('',#1237);
#1239=CARTESIAN_POINT('',(25.51,6.7,-0.2));
#1240=DIRECTION('',(0.,-1.,0.));
#1241=VECTOR('',#1240,0.61);
#1242=LINE('',#1239,#1241);
#1243=EDGE_CURVE('NONE',#1230,#1238,#1242,.T.);
#1244=ORIENTED_EDGE('',*,*,#1243,.T.);
#1245=CARTESIAN_POINT('',(25.12,5.7,-0.2));
#1246=VERTEX_POINT('',#1245);
#1247=CARTESIAN_POINT('',(25.12,6.09,-0.2));
#1248=DIRECTION('',(0.,0.,1.));
#1249=DIRECTION('',(0.,-1.,0.));
#1250=AXIS2_PLACEMENT_3D('',#1247,#1248,#1249);
#1251=CIRCLE('',#1250,0.39);
#1252=EDGE_CURVE('',#1246,#1238,#1251,.T.);
#1253=ORIENTED_EDGE('',*,*,#1252,.F.);
#1254=CARTESIAN_POINT('',(25.1,5.7,-0.2));
#1255=VERTEX_POINT('',#1254);
#1256=CARTESIAN_POINT('',(25.1,5.7,-0.2));
#1257=DIRECTION('',(1.,0.,-0.));
#1258=VECTOR('',#1257,0.02);
#1259=LINE('',#1256,#1258);
#1260=EDGE_CURVE('',#1255,#1246,#1259,.T.);
#1261=ORIENTED_EDGE('',*,*,#1260,.F.);
#1262=CARTESIAN_POINT('',(24.71,6.09,-0.2));
#1263=VERTEX_POINT('',#1262);
#1264=CARTESIAN_POINT('',(25.1,6.09,-0.2));
#1265=DIRECTION('',(0.,0.,1.));
#1266=DIRECTION('',(0.,-1.,0.));
#1267=AXIS2_PLACEMENT_3D('',#1264,#1265,#1266);
#1268=CIRCLE('',#1267,0.39);
#1269=EDGE_CURVE('',#1263,#1255,#1268,.T.);
#1270=ORIENTED_EDGE('',*,*,#1269,.F.);
#1271=CARTESIAN_POINT('',(24.71,6.7,-0.2));
#1272=VERTEX_POINT('',#1271);
#1273=CARTESIAN_POINT('',(24.71,6.09,-0.2));
#1274=DIRECTION('',(-0.,1.,-0.));
#1275=VECTOR('',#1274,0.61);
#1276=LINE('',#1273,#1275);
#1277=EDGE_CURVE('',#1263,#1272,#1276,.T.);
#1278=ORIENTED_EDGE('',*,*,#1277,.T.);
#1279=CARTESIAN_POINT('',(24.01,6.7,-0.2));
#1280=VERTEX_POINT('',#1279);
#1281=CARTESIAN_POINT('',(24.01,6.7,-0.2));
#1282=DIRECTION('',(1.,0.,-0.));
#1283=VECTOR('',#1282,0.7);
#1284=LINE('',#1281,#1283);
#1285=EDGE_CURVE('NONE',#1280,#1272,#1284,.T.);
#1286=ORIENTED_EDGE('',*,*,#1285,.F.);
#1287=CARTESIAN_POINT('',(24.01,6.09,-0.2));
#1288=VERTEX_POINT('',#1287);
#1289=CARTESIAN_POINT('',(24.01,6.7,-0.2));
#1290=DIRECTION('',(0.,-1.,0.));
#1291=VECTOR('',#1290,0.61);
#1292=LINE('',#1289,#1291);
#1293=EDGE_CURVE('NONE',#1280,#1288,#1292,.T.);
#1294=ORIENTED_EDGE('',*,*,#1293,.T.);
#1295=CARTESIAN_POINT('',(23.62,5.7,-0.2));
#1296=VERTEX_POINT('',#1295);
#1297=CARTESIAN_POINT('',(23.62,6.09,-0.2));
#1298=DIRECTION('',(0.,0.,1.));
#1299=DIRECTION('',(0.,-1.,0.));
#1300=AXIS2_PLACEMENT_3D('',#1297,#1298,#1299);
#1301=CIRCLE('',#1300,0.39);
#1302=EDGE_CURVE('',#1296,#1288,#1301,.T.);
#1303=ORIENTED_EDGE('',*,*,#1302,.F.);
#1304=CARTESIAN_POINT('',(23.6,5.7,-0.2));
#1305=VERTEX_POINT('',#1304);
#1306=CARTESIAN_POINT('',(23.6,5.7,-0.2));
#1307=DIRECTION('',(1.,0.,-0.));
#1308=VECTOR('',#1307,0.02);
#1309=LINE('',#1306,#1308);
#1310=EDGE_CURVE('',#1305,#1296,#1309,.T.);
#1311=ORIENTED_EDGE('',*,*,#1310,.F.);
#1312=CARTESIAN_POINT('',(23.21,6.09,-0.2));
#1313=VERTEX_POINT('',#1312);
#1314=CARTESIAN_POINT('',(23.6,6.09,-0.2));
#1315=DIRECTION('',(0.,0.,1.));
#1316=DIRECTION('',(0.,-1.,0.));
#1317=AXIS2_PLACEMENT_3D('',#1314,#1315,#1316);
#1318=CIRCLE('',#1317,0.39);
#1319=EDGE_CURVE('',#1313,#1305,#1318,.T.);
#1320=ORIENTED_EDGE('',*,*,#1319,.F.);
#1321=CARTESIAN_POINT('',(23.21,6.7,-0.2));
#1322=VERTEX_POINT('',#1321);
#1323=CARTESIAN_POINT('',(23.21,6.09,-0.2));
#1324=DIRECTION('',(-0.,1.,-0.));
#1325=VECTOR('',#1324,0.61);
#1326=LINE('',#1323,#1325);
#1327=EDGE_CURVE('',#1313,#1322,#1326,.T.);
#1328=ORIENTED_EDGE('',*,*,#1327,.T.);
#1329=CARTESIAN_POINT('',(22.51,6.7,-0.2));
#1330=VERTEX_POINT('',#1329);
#1331=CARTESIAN_POINT('',(22.51,6.7,-0.2));
#1332=DIRECTION('',(1.,0.,-0.));
#1333=VECTOR('',#1332,0.7);
#1334=LINE('',#1331,#1333);
#1335=EDGE_CURVE('',#1330,#1322,#1334,.T.);
#1336=ORIENTED_EDGE('',*,*,#1335,.F.);
#1337=CARTESIAN_POINT('',(22.51,6.09,-0.2));
#1338=VERTEX_POINT('',#1337);
#1339=CARTESIAN_POINT('',(22.51,6.7,-0.2));
#1340=DIRECTION('',(0.,-1.,0.));
#1341=VECTOR('',#1340,0.61);
#1342=LINE('',#1339,#1341);
#1343=EDGE_CURVE('NONE',#1330,#1338,#1342,.T.);
#1344=ORIENTED_EDGE('',*,*,#1343,.T.);
#1345=CARTESIAN_POINT('',(22.12,5.7,-0.2));
#1346=VERTEX_POINT('',#1345);
#1347=CARTESIAN_POINT('',(22.12,6.09,-0.2));
#1348=DIRECTION('',(0.,0.,1.));
#1349=DIRECTION('',(0.,-1.,0.));
#1350=AXIS2_PLACEMENT_3D('',#1347,#1348,#1349);
#1351=CIRCLE('',#1350,0.39);
#1352=EDGE_CURVE('',#1346,#1338,#1351,.T.);
#1353=ORIENTED_EDGE('',*,*,#1352,.F.);
#1354=CARTESIAN_POINT('',(22.1,5.7,-0.2));
#1355=VERTEX_POINT('',#1354);
#1356=CARTESIAN_POINT('',(22.1,5.7,-0.2));
#1357=DIRECTION('',(1.,0.,-0.));
#1358=VECTOR('',#1357,0.02);
#1359=LINE('',#1356,#1358);
#1360=EDGE_CURVE('',#1355,#1346,#1359,.T.);
#1361=ORIENTED_EDGE('',*,*,#1360,.F.);
#1362=CARTESIAN_POINT('',(21.71,6.09,-0.2));
#1363=VERTEX_POINT('',#1362);
#1364=CARTESIAN_POINT('',(22.1,6.09,-0.2));
#1365=DIRECTION('',(0.,0.,1.));
#1366=DIRECTION('',(0.,-1.,0.));
#1367=AXIS2_PLACEMENT_3D('',#1364,#1365,#1366);
#1368=CIRCLE('',#1367,0.39);
#1369=EDGE_CURVE('',#1363,#1355,#1368,.T.);
#1370=ORIENTED_EDGE('',*,*,#1369,.F.);
#1371=CARTESIAN_POINT('',(21.71,6.7,-0.2));
#1372=VERTEX_POINT('',#1371);
#1373=CARTESIAN_POINT('',(21.71,6.09,-0.2));
#1374=DIRECTION('',(-0.,1.,-0.));
#1375=VECTOR('',#1374,0.61);
#1376=LINE('',#1373,#1375);
#1377=EDGE_CURVE('',#1363,#1372,#1376,.T.);
#1378=ORIENTED_EDGE('',*,*,#1377,.T.);
#1379=CARTESIAN_POINT('',(21.01,6.7,-0.2));
#1380=VERTEX_POINT('',#1379);
#1381=CARTESIAN_POINT('',(21.71,6.7,-0.2));
#1382=DIRECTION('',(-1.,0.,0.));
#1383=VECTOR('',#1382,0.7);
#1384=LINE('',#1381,#1383);
#1385=EDGE_CURVE('',#1372,#1380,#1384,.T.);
#1386=ORIENTED_EDGE('',*,*,#1385,.T.);
#1387=CARTESIAN_POINT('',(21.01,6.09,-0.2));
#1388=VERTEX_POINT('',#1387);
#1389=CARTESIAN_POINT('',(21.01,6.7,-0.2));
#1390=DIRECTION('',(0.,-1.,0.));
#1391=VECTOR('',#1390,0.61);
#1392=LINE('',#1389,#1391);
#1393=EDGE_CURVE('NONE',#1380,#1388,#1392,.T.);
#1394=ORIENTED_EDGE('',*,*,#1393,.T.);
#1395=CARTESIAN_POINT('',(20.62,5.7,-0.2));
#1396=VERTEX_POINT('',#1395);
#1397=CARTESIAN_POINT('',(20.62,6.09,-0.2));
#1398=DIRECTION('',(0.,0.,1.));
#1399=DIRECTION('',(0.,-1.,0.));
#1400=AXIS2_PLACEMENT_3D('',#1397,#1398,#1399);
#1401=CIRCLE('',#1400,0.39);
#1402=EDGE_CURVE('',#1396,#1388,#1401,.T.);
#1403=ORIENTED_EDGE('',*,*,#1402,.F.);
#1404=CARTESIAN_POINT('',(20.6,5.7,-0.2));
#1405=VERTEX_POINT('',#1404);
#1406=CARTESIAN_POINT('',(20.6,5.7,-0.2));
#1407=DIRECTION('',(1.,0.,-0.));
#1408=VECTOR('',#1407,0.02);
#1409=LINE('',#1406,#1408);
#1410=EDGE_CURVE('',#1405,#1396,#1409,.T.);
#1411=ORIENTED_EDGE('',*,*,#1410,.F.);
#1412=CARTESIAN_POINT('',(20.21,6.09,-0.2));
#1413=VERTEX_POINT('',#1412);
#1414=CARTESIAN_POINT('',(20.6,6.09,-0.2));
#1415=DIRECTION('',(0.,0.,1.));
#1416=DIRECTION('',(0.,-1.,0.));
#1417=AXIS2_PLACEMENT_3D('',#1414,#1415,#1416);
#1418=CIRCLE('',#1417,0.39);
#1419=EDGE_CURVE('',#1413,#1405,#1418,.T.);
#1420=ORIENTED_EDGE('',*,*,#1419,.F.);
#1421=CARTESIAN_POINT('',(20.21,6.7,-0.2));
#1422=VERTEX_POINT('',#1421);
#1423=CARTESIAN_POINT('',(20.21,6.09,-0.2));
#1424=DIRECTION('',(-0.,1.,-0.));
#1425=VECTOR('',#1424,0.61);
#1426=LINE('',#1423,#1425);
#1427=EDGE_CURVE('',#1413,#1422,#1426,.T.);
#1428=ORIENTED_EDGE('',*,*,#1427,.T.);
#1429=CARTESIAN_POINT('',(19.51,6.7,-0.2));
#1430=VERTEX_POINT('',#1429);
#1431=CARTESIAN_POINT('',(19.51,6.7,-0.2));
#1432=DIRECTION('',(1.,0.,-0.));
#1433=VECTOR('',#1432,0.7);
#1434=LINE('',#1431,#1433);
#1435=EDGE_CURVE('',#1430,#1422,#1434,.T.);
#1436=ORIENTED_EDGE('',*,*,#1435,.F.);
#1437=CARTESIAN_POINT('',(19.51,6.09,-0.2));
#1438=VERTEX_POINT('',#1437);
#1439=CARTESIAN_POINT('',(19.51,6.7,-0.2));
#1440=DIRECTION('',(0.,-1.,0.));
#1441=VECTOR('',#1440,0.61);
#1442=LINE('',#1439,#1441);
#1443=EDGE_CURVE('NONE',#1430,#1438,#1442,.T.);
#1444=ORIENTED_EDGE('',*,*,#1443,.T.);
#1445=CARTESIAN_POINT('',(19.12,5.7,-0.2));
#1446=VERTEX_POINT('',#1445);
#1447=CARTESIAN_POINT('',(19.12,6.09,-0.2));
#1448=DIRECTION('',(0.,0.,1.));
#1449=DIRECTION('',(0.,-1.,0.));
#1450=AXIS2_PLACEMENT_3D('',#1447,#1448,#1449);
#1451=CIRCLE('',#1450,0.39);
#1452=EDGE_CURVE('',#1446,#1438,#1451,.T.);
#1453=ORIENTED_EDGE('',*,*,#1452,.F.);
#1454=CARTESIAN_POINT('',(19.1,5.7,-0.2));
#1455=VERTEX_POINT('',#1454);
#1456=CARTESIAN_POINT('',(19.1,5.7,-0.2));
#1457=DIRECTION('',(1.,0.,-0.));
#1458=VECTOR('',#1457,0.02);
#1459=LINE('',#1456,#1458);
#1460=EDGE_CURVE('',#1455,#1446,#1459,.T.);
#1461=ORIENTED_EDGE('',*,*,#1460,.F.);
#1462=CARTESIAN_POINT('',(18.71,6.09,-0.2));
#1463=VERTEX_POINT('',#1462);
#1464=CARTESIAN_POINT('',(19.1,6.09,-0.2));
#1465=DIRECTION('',(0.,0.,1.));
#1466=DIRECTION('',(0.,-1.,0.));
#1467=AXIS2_PLACEMENT_3D('',#1464,#1465,#1466);
#1468=CIRCLE('',#1467,0.39);
#1469=EDGE_CURVE('',#1463,#1455,#1468,.T.);
#1470=ORIENTED_EDGE('',*,*,#1469,.F.);
#1471=CARTESIAN_POINT('',(18.71,6.7,-0.2));
#1472=VERTEX_POINT('',#1471);
#1473=CARTESIAN_POINT('',(18.71,6.09,-0.2));
#1474=DIRECTION('',(-0.,1.,-0.));
#1475=VECTOR('',#1474,0.61);
#1476=LINE('',#1473,#1475);
#1477=EDGE_CURVE('',#1463,#1472,#1476,.T.);
#1478=ORIENTED_EDGE('',*,*,#1477,.T.);
#1479=CARTESIAN_POINT('',(18.01,6.7,-0.2));
#1480=VERTEX_POINT('',#1479);
#1481=CARTESIAN_POINT('',(18.01,6.7,-0.2));
#1482=DIRECTION('',(1.,0.,-0.));
#1483=VECTOR('',#1482,0.7);
#1484=LINE('',#1481,#1483);
#1485=EDGE_CURVE('',#1480,#1472,#1484,.T.);
#1486=ORIENTED_EDGE('',*,*,#1485,.F.);
#1487=CARTESIAN_POINT('',(18.01,6.09,-0.2));
#1488=VERTEX_POINT('',#1487);
#1489=CARTESIAN_POINT('',(18.01,6.7,-0.2));
#1490=DIRECTION('',(0.,-1.,0.));
#1491=VECTOR('',#1490,0.61);
#1492=LINE('',#1489,#1491);
#1493=EDGE_CURVE('NONE',#1480,#1488,#1492,.T.);
#1494=ORIENTED_EDGE('',*,*,#1493,.T.);
#1495=CARTESIAN_POINT('',(17.62,5.7,-0.2));
#1496=VERTEX_POINT('',#1495);
#1497=CARTESIAN_POINT('',(17.62,6.09,-0.2));
#1498=DIRECTION('',(0.,0.,1.));
#1499=DIRECTION('',(0.,-1.,0.));
#1500=AXIS2_PLACEMENT_3D('',#1497,#1498,#1499);
#1501=CIRCLE('',#1500,0.39);
#1502=EDGE_CURVE('',#1496,#1488,#1501,.T.);
#1503=ORIENTED_EDGE('',*,*,#1502,.F.);
#1504=CARTESIAN_POINT('',(17.6,5.7,-0.2));
#1505=VERTEX_POINT('',#1504);
#1506=CARTESIAN_POINT('',(17.6,5.7,-0.2));
#1507=DIRECTION('',(1.,0.,-0.));
#1508=VECTOR('',#1507,0.02);
#1509=LINE('',#1506,#1508);
#1510=EDGE_CURVE('',#1505,#1496,#1509,.T.);
#1511=ORIENTED_EDGE('',*,*,#1510,.F.);
#1512=CARTESIAN_POINT('',(17.21,6.09,-0.2));
#1513=VERTEX_POINT('',#1512);
#1514=CARTESIAN_POINT('',(17.6,6.09,-0.2));
#1515=DIRECTION('',(0.,0.,1.));
#1516=DIRECTION('',(0.,-1.,0.));
#1517=AXIS2_PLACEMENT_3D('',#1514,#1515,#1516);
#1518=CIRCLE('',#1517,0.39);
#1519=EDGE_CURVE('',#1513,#1505,#1518,.T.);
#1520=ORIENTED_EDGE('',*,*,#1519,.F.);
#1521=CARTESIAN_POINT('',(17.21,6.7,-0.2));
#1522=VERTEX_POINT('',#1521);
#1523=CARTESIAN_POINT('',(17.21,6.09,-0.2));
#1524=DIRECTION('',(-0.,1.,-0.));
#1525=VECTOR('',#1524,0.61);
#1526=LINE('',#1523,#1525);
#1527=EDGE_CURVE('',#1513,#1522,#1526,.T.);
#1528=ORIENTED_EDGE('',*,*,#1527,.T.);
#1529=CARTESIAN_POINT('',(16.51,6.7,-0.2));
#1530=VERTEX_POINT('',#1529);
#1531=CARTESIAN_POINT('',(16.51,6.7,-0.2));
#1532=DIRECTION('',(1.,0.,-0.));
#1533=VECTOR('',#1532,0.7);
#1534=LINE('',#1531,#1533);
#1535=EDGE_CURVE('NONE',#1530,#1522,#1534,.T.);
#1536=ORIENTED_EDGE('',*,*,#1535,.F.);
#1537=CARTESIAN_POINT('',(16.51,6.09,-0.2));
#1538=VERTEX_POINT('',#1537);
#1539=CARTESIAN_POINT('',(16.51,6.7,-0.2));
#1540=DIRECTION('',(0.,-1.,0.));
#1541=VECTOR('',#1540,0.61);
#1542=LINE('',#1539,#1541);
#1543=EDGE_CURVE('NONE',#1530,#1538,#1542,.T.);
#1544=ORIENTED_EDGE('',*,*,#1543,.T.);
#1545=CARTESIAN_POINT('',(16.12,5.7,-0.2));
#1546=VERTEX_POINT('',#1545);
#1547=CARTESIAN_POINT('',(16.12,6.09,-0.2));
#1548=DIRECTION('',(0.,0.,1.));
#1549=DIRECTION('',(0.,-1.,0.));
#1550=AXIS2_PLACEMENT_3D('',#1547,#1548,#1549);
#1551=CIRCLE('',#1550,0.39);
#1552=EDGE_CURVE('',#1546,#1538,#1551,.T.);
#1553=ORIENTED_EDGE('',*,*,#1552,.F.);
#1554=CARTESIAN_POINT('',(16.1,5.7,-0.2));
#1555=VERTEX_POINT('',#1554);
#1556=CARTESIAN_POINT('',(16.1,5.7,-0.2));
#1557=DIRECTION('',(1.,0.,-0.));
#1558=VECTOR('',#1557,0.02);
#1559=LINE('',#1556,#1558);
#1560=EDGE_CURVE('',#1555,#1546,#1559,.T.);
#1561=ORIENTED_EDGE('',*,*,#1560,.F.);
#1562=CARTESIAN_POINT('',(15.71,6.09,-0.2));
#1563=VERTEX_POINT('',#1562);
#1564=CARTESIAN_POINT('',(16.1,6.09,-0.2));
#1565=DIRECTION('',(0.,0.,1.));
#1566=DIRECTION('',(0.,-1.,0.));
#1567=AXIS2_PLACEMENT_3D('',#1564,#1565,#1566);
#1568=CIRCLE('',#1567,0.39);
#1569=EDGE_CURVE('',#1563,#1555,#1568,.T.);
#1570=ORIENTED_EDGE('',*,*,#1569,.F.);
#1571=CARTESIAN_POINT('',(15.71,6.7,-0.2));
#1572=VERTEX_POINT('',#1571);
#1573=CARTESIAN_POINT('',(15.71,6.09,-0.2));
#1574=DIRECTION('',(-0.,1.,-0.));
#1575=VECTOR('',#1574,0.61);
#1576=LINE('',#1573,#1575);
#1577=EDGE_CURVE('',#1563,#1572,#1576,.T.);
#1578=ORIENTED_EDGE('',*,*,#1577,.T.);
#1579=CARTESIAN_POINT('',(15.01,6.7,-0.2));
#1580=VERTEX_POINT('',#1579);
#1581=CARTESIAN_POINT('',(15.01,6.7,-0.2));
#1582=DIRECTION('',(1.,0.,-0.));
#1583=VECTOR('',#1582,0.7);
#1584=LINE('',#1581,#1583);
#1585=EDGE_CURVE('NONE',#1580,#1572,#1584,.T.);
#1586=ORIENTED_EDGE('',*,*,#1585,.F.);
#1587=CARTESIAN_POINT('',(15.01,6.09,-0.2));
#1588=VERTEX_POINT('',#1587);
#1589=CARTESIAN_POINT('',(15.01,6.7,-0.2));
#1590=DIRECTION('',(0.,-1.,0.));
#1591=VECTOR('',#1590,0.61);
#1592=LINE('',#1589,#1591);
#1593=EDGE_CURVE('NONE',#1580,#1588,#1592,.T.);
#1594=ORIENTED_EDGE('',*,*,#1593,.T.);
#1595=CARTESIAN_POINT('',(14.62,5.7,-0.2));
#1596=VERTEX_POINT('',#1595);
#1597=CARTESIAN_POINT('',(14.62,6.09,-0.2));
#1598=DIRECTION('',(0.,0.,1.));
#1599=DIRECTION('',(0.,-1.,0.));
#1600=AXIS2_PLACEMENT_3D('',#1597,#1598,#1599);
#1601=CIRCLE('',#1600,0.39);
#1602=EDGE_CURVE('',#1596,#1588,#1601,.T.);
#1603=ORIENTED_EDGE('',*,*,#1602,.F.);
#1604=CARTESIAN_POINT('',(14.6,5.7,-0.2));
#1605=VERTEX_POINT('',#1604);
#1606=CARTESIAN_POINT('',(14.6,5.7,-0.2));
#1607=DIRECTION('',(1.,0.,-0.));
#1608=VECTOR('',#1607,0.02);
#1609=LINE('',#1606,#1608);
#1610=EDGE_CURVE('',#1605,#1596,#1609,.T.);
#1611=ORIENTED_EDGE('',*,*,#1610,.F.);
#1612=CARTESIAN_POINT('',(14.21,6.09,-0.2));
#1613=VERTEX_POINT('',#1612);
#1614=CARTESIAN_POINT('',(14.6,6.09,-0.2));
#1615=DIRECTION('',(0.,0.,1.));
#1616=DIRECTION('',(0.,-1.,0.));
#1617=AXIS2_PLACEMENT_3D('',#1614,#1615,#1616);
#1618=CIRCLE('',#1617,0.39);
#1619=EDGE_CURVE('',#1613,#1605,#1618,.T.);
#1620=ORIENTED_EDGE('',*,*,#1619,.F.);
#1621=CARTESIAN_POINT('',(14.21,6.7,-0.2));
#1622=VERTEX_POINT('',#1621);
#1623=CARTESIAN_POINT('',(14.21,6.09,-0.2));
#1624=DIRECTION('',(-0.,1.,-0.));
#1625=VECTOR('',#1624,0.61);
#1626=LINE('',#1623,#1625);
#1627=EDGE_CURVE('',#1613,#1622,#1626,.T.);
#1628=ORIENTED_EDGE('',*,*,#1627,.T.);
#1629=CARTESIAN_POINT('',(13.51,6.7,-0.2));
#1630=VERTEX_POINT('',#1629);
#1631=CARTESIAN_POINT('',(13.51,6.7,-0.2));
#1632=DIRECTION('',(1.,0.,-0.));
#1633=VECTOR('',#1632,0.7);
#1634=LINE('',#1631,#1633);
#1635=EDGE_CURVE('NONE',#1630,#1622,#1634,.T.);
#1636=ORIENTED_EDGE('',*,*,#1635,.F.);
#1637=CARTESIAN_POINT('',(13.51,6.09,-0.2));
#1638=VERTEX_POINT('',#1637);
#1639=CARTESIAN_POINT('',(13.51,6.7,-0.2));
#1640=DIRECTION('',(0.,-1.,0.));
#1641=VECTOR('',#1640,0.61);
#1642=LINE('',#1639,#1641);
#1643=EDGE_CURVE('NONE',#1630,#1638,#1642,.T.);
#1644=ORIENTED_EDGE('',*,*,#1643,.T.);
#1645=CARTESIAN_POINT('',(13.12,5.7,-0.2));
#1646=VERTEX_POINT('',#1645);
#1647=CARTESIAN_POINT('',(13.12,6.09,-0.2));
#1648=DIRECTION('',(0.,0.,1.));
#1649=DIRECTION('',(0.,-1.,0.));
#1650=AXIS2_PLACEMENT_3D('',#1647,#1648,#1649);
#1651=CIRCLE('',#1650,0.39);
#1652=EDGE_CURVE('',#1646,#1638,#1651,.T.);
#1653=ORIENTED_EDGE('',*,*,#1652,.F.);
#1654=CARTESIAN_POINT('',(13.1,5.7,-0.2));
#1655=VERTEX_POINT('',#1654);
#1656=CARTESIAN_POINT('',(13.1,5.7,-0.2));
#1657=DIRECTION('',(1.,0.,-0.));
#1658=VECTOR('',#1657,0.02);
#1659=LINE('',#1656,#1658);
#1660=EDGE_CURVE('',#1655,#1646,#1659,.T.);
#1661=ORIENTED_EDGE('',*,*,#1660,.F.);
#1662=CARTESIAN_POINT('',(12.71,6.09,-0.2));
#1663=VERTEX_POINT('',#1662);
#1664=CARTESIAN_POINT('',(13.1,6.09,-0.2));
#1665=DIRECTION('',(0.,0.,1.));
#1666=DIRECTION('',(0.,-1.,0.));
#1667=AXIS2_PLACEMENT_3D('',#1664,#1665,#1666);
#1668=CIRCLE('',#1667,0.39);
#1669=EDGE_CURVE('',#1663,#1655,#1668,.T.);
#1670=ORIENTED_EDGE('',*,*,#1669,.F.);
#1671=CARTESIAN_POINT('',(12.71,6.7,-0.2));
#1672=VERTEX_POINT('',#1671);
#1673=CARTESIAN_POINT('',(12.71,6.09,-0.2));
#1674=DIRECTION('',(-0.,1.,-0.));
#1675=VECTOR('',#1674,0.61);
#1676=LINE('',#1673,#1675);
#1677=EDGE_CURVE('',#1663,#1672,#1676,.T.);
#1678=ORIENTED_EDGE('',*,*,#1677,.T.);
#1679=CARTESIAN_POINT('',(12.01,6.7,-0.2));
#1680=VERTEX_POINT('',#1679);
#1681=CARTESIAN_POINT('',(12.01,6.7,-0.2));
#1682=DIRECTION('',(1.,0.,-0.));
#1683=VECTOR('',#1682,0.7);
#1684=LINE('',#1681,#1683);
#1685=EDGE_CURVE('NONE',#1680,#1672,#1684,.T.);
#1686=ORIENTED_EDGE('',*,*,#1685,.F.);
#1687=CARTESIAN_POINT('',(12.01,6.09,-0.2));
#1688=VERTEX_POINT('',#1687);
#1689=CARTESIAN_POINT('',(12.01,6.7,-0.2));
#1690=DIRECTION('',(0.,-1.,0.));
#1691=VECTOR('',#1690,0.61);
#1692=LINE('',#1689,#1691);
#1693=EDGE_CURVE('NONE',#1680,#1688,#1692,.T.);
#1694=ORIENTED_EDGE('',*,*,#1693,.T.);
#1695=CARTESIAN_POINT('',(11.62,5.7,-0.2));
#1696=VERTEX_POINT('',#1695);
#1697=CARTESIAN_POINT('',(11.62,6.09,-0.2));
#1698=DIRECTION('',(0.,0.,1.));
#1699=DIRECTION('',(0.,-1.,0.));
#1700=AXIS2_PLACEMENT_3D('',#1697,#1698,#1699);
#1701=CIRCLE('',#1700,0.39);
#1702=EDGE_CURVE('',#1696,#1688,#1701,.T.);
#1703=ORIENTED_EDGE('',*,*,#1702,.F.);
#1704=CARTESIAN_POINT('',(11.6,5.7,-0.2));
#1705=VERTEX_POINT('',#1704);
#1706=CARTESIAN_POINT('',(11.6,5.7,-0.2));
#1707=DIRECTION('',(1.,0.,-0.));
#1708=VECTOR('',#1707,0.02);
#1709=LINE('',#1706,#1708);
#1710=EDGE_CURVE('',#1705,#1696,#1709,.T.);
#1711=ORIENTED_EDGE('',*,*,#1710,.F.);
#1712=CARTESIAN_POINT('',(11.21,6.09,-0.2));
#1713=VERTEX_POINT('',#1712);
#1714=CARTESIAN_POINT('',(11.6,6.09,-0.2));
#1715=DIRECTION('',(0.,0.,1.));
#1716=DIRECTION('',(0.,-1.,0.));
#1717=AXIS2_PLACEMENT_3D('',#1714,#1715,#1716);
#1718=CIRCLE('',#1717,0.39);
#1719=EDGE_CURVE('',#1713,#1705,#1718,.T.);
#1720=ORIENTED_EDGE('',*,*,#1719,.F.);
#1721=CARTESIAN_POINT('',(11.21,6.7,-0.2));
#1722=VERTEX_POINT('',#1721);
#1723=CARTESIAN_POINT('',(11.21,6.09,-0.2));
#1724=DIRECTION('',(-0.,1.,-0.));
#1725=VECTOR('',#1724,0.61);
#1726=LINE('',#1723,#1725);
#1727=EDGE_CURVE('',#1713,#1722,#1726,.T.);
#1728=ORIENTED_EDGE('',*,*,#1727,.T.);
#1729=CARTESIAN_POINT('',(10.51,6.7,-0.2));
#1730=VERTEX_POINT('',#1729);
#1731=CARTESIAN_POINT('',(10.51,6.7,-0.2));
#1732=DIRECTION('',(1.,0.,-0.));
#1733=VECTOR('',#1732,0.7);
#1734=LINE('',#1731,#1733);
#1735=EDGE_CURVE('NONE',#1730,#1722,#1734,.T.);
#1736=ORIENTED_EDGE('',*,*,#1735,.F.);
#1737=CARTESIAN_POINT('',(10.51,6.09,-0.2));
#1738=VERTEX_POINT('',#1737);
#1739=CARTESIAN_POINT('',(10.51,6.7,-0.2));
#1740=DIRECTION('',(0.,-1.,0.));
#1741=VECTOR('',#1740,0.61);
#1742=LINE('',#1739,#1741);
#1743=EDGE_CURVE('NONE',#1730,#1738,#1742,.T.);
#1744=ORIENTED_EDGE('',*,*,#1743,.T.);
#1745=CARTESIAN_POINT('',(10.12,5.7,-0.2));
#1746=VERTEX_POINT('',#1745);
#1747=CARTESIAN_POINT('',(10.12,6.09,-0.2));
#1748=DIRECTION('',(0.,0.,1.));
#1749=DIRECTION('',(0.,-1.,0.));
#1750=AXIS2_PLACEMENT_3D('',#1747,#1748,#1749);
#1751=CIRCLE('',#1750,0.39);
#1752=EDGE_CURVE('',#1746,#1738,#1751,.T.);
#1753=ORIENTED_EDGE('',*,*,#1752,.F.);
#1754=CARTESIAN_POINT('',(10.1,5.7,-0.2));
#1755=VERTEX_POINT('',#1754);
#1756=CARTESIAN_POINT('',(10.1,5.7,-0.2));
#1757=DIRECTION('',(1.,0.,-0.));
#1758=VECTOR('',#1757,0.02);
#1759=LINE('',#1756,#1758);
#1760=EDGE_CURVE('',#1755,#1746,#1759,.T.);
#1761=ORIENTED_EDGE('',*,*,#1760,.F.);
#1762=CARTESIAN_POINT('',(9.71,6.09,-0.2));
#1763=VERTEX_POINT('',#1762);
#1764=CARTESIAN_POINT('',(10.1,6.09,-0.2));
#1765=DIRECTION('',(0.,0.,1.));
#1766=DIRECTION('',(0.,-1.,0.));
#1767=AXIS2_PLACEMENT_3D('',#1764,#1765,#1766);
#1768=CIRCLE('',#1767,0.39);
#1769=EDGE_CURVE('',#1763,#1755,#1768,.T.);
#1770=ORIENTED_EDGE('',*,*,#1769,.F.);
#1771=CARTESIAN_POINT('',(9.71,6.7,-0.2));
#1772=VERTEX_POINT('',#1771);
#1773=CARTESIAN_POINT('',(9.71,6.09,-0.2));
#1774=DIRECTION('',(-0.,1.,-0.));
#1775=VECTOR('',#1774,0.61);
#1776=LINE('',#1773,#1775);
#1777=EDGE_CURVE('',#1763,#1772,#1776,.T.);
#1778=ORIENTED_EDGE('',*,*,#1777,.T.);
#1779=CARTESIAN_POINT('',(9.01,6.7,-0.2));
#1780=VERTEX_POINT('',#1779);
#1781=CARTESIAN_POINT('',(9.01,6.7,-0.2));
#1782=DIRECTION('',(1.,0.,-0.));
#1783=VECTOR('',#1782,0.7);
#1784=LINE('',#1781,#1783);
#1785=EDGE_CURVE('NONE',#1780,#1772,#1784,.T.);
#1786=ORIENTED_EDGE('',*,*,#1785,.F.);
#1787=CARTESIAN_POINT('',(9.01,6.09,-0.2));
#1788=VERTEX_POINT('',#1787);
#1789=CARTESIAN_POINT('',(9.01,6.7,-0.2));
#1790=DIRECTION('',(0.,-1.,0.));
#1791=VECTOR('',#1790,0.61);
#1792=LINE('',#1789,#1791);
#1793=EDGE_CURVE('NONE',#1780,#1788,#1792,.T.);
#1794=ORIENTED_EDGE('',*,*,#1793,.T.);
#1795=CARTESIAN_POINT('',(8.62,5.7,-0.2));
#1796=VERTEX_POINT('',#1795);
#1797=CARTESIAN_POINT('',(8.62,6.09,-0.2));
#1798=DIRECTION('',(0.,0.,1.));
#1799=DIRECTION('',(0.,-1.,0.));
#1800=AXIS2_PLACEMENT_3D('',#1797,#1798,#1799);
#1801=CIRCLE('',#1800,0.39);
#1802=EDGE_CURVE('',#1796,#1788,#1801,.T.);
#1803=ORIENTED_EDGE('',*,*,#1802,.F.);
#1804=CARTESIAN_POINT('',(8.6,5.7,-0.2));
#1805=VERTEX_POINT('',#1804);
#1806=CARTESIAN_POINT('',(8.6,5.7,-0.2));
#1807=DIRECTION('',(1.,0.,-0.));
#1808=VECTOR('',#1807,0.02);
#1809=LINE('',#1806,#1808);
#1810=EDGE_CURVE('',#1805,#1796,#1809,.T.);
#1811=ORIENTED_EDGE('',*,*,#1810,.F.);
#1812=CARTESIAN_POINT('',(8.21,6.09,-0.2));
#1813=VERTEX_POINT('',#1812);
#1814=CARTESIAN_POINT('',(8.6,6.09,-0.2));
#1815=DIRECTION('',(0.,0.,1.));
#1816=DIRECTION('',(0.,-1.,0.));
#1817=AXIS2_PLACEMENT_3D('',#1814,#1815,#1816);
#1818=CIRCLE('',#1817,0.39);
#1819=EDGE_CURVE('',#1813,#1805,#1818,.T.);
#1820=ORIENTED_EDGE('',*,*,#1819,.F.);
#1821=CARTESIAN_POINT('',(8.21,6.7,-0.2));
#1822=VERTEX_POINT('',#1821);
#1823=CARTESIAN_POINT('',(8.21,6.09,-0.2));
#1824=DIRECTION('',(-0.,1.,-0.));
#1825=VECTOR('',#1824,0.61);
#1826=LINE('',#1823,#1825);
#1827=EDGE_CURVE('',#1813,#1822,#1826,.T.);
#1828=ORIENTED_EDGE('',*,*,#1827,.T.);
#1829=CARTESIAN_POINT('',(7.51,6.7,-0.2));
#1830=VERTEX_POINT('',#1829);
#1831=CARTESIAN_POINT('',(7.51,6.7,-0.2));
#1832=DIRECTION('',(1.,0.,-0.));
#1833=VECTOR('',#1832,0.7);
#1834=LINE('',#1831,#1833);
#1835=EDGE_CURVE('',#1830,#1822,#1834,.T.);
#1836=ORIENTED_EDGE('',*,*,#1835,.F.);
#1837=CARTESIAN_POINT('',(7.51,6.09,-0.2));
#1838=VERTEX_POINT('',#1837);
#1839=CARTESIAN_POINT('',(7.51,6.7,-0.2));
#1840=DIRECTION('',(0.,-1.,0.));
#1841=VECTOR('',#1840,0.61);
#1842=LINE('',#1839,#1841);
#1843=EDGE_CURVE('NONE',#1830,#1838,#1842,.T.);
#1844=ORIENTED_EDGE('',*,*,#1843,.T.);
#1845=CARTESIAN_POINT('',(7.12,5.7,-0.2));
#1846=VERTEX_POINT('',#1845);
#1847=CARTESIAN_POINT('',(7.12,6.09,-0.2));
#1848=DIRECTION('',(0.,0.,1.));
#1849=DIRECTION('',(0.,-1.,0.));
#1850=AXIS2_PLACEMENT_3D('',#1847,#1848,#1849);
#1851=CIRCLE('',#1850,0.39);
#1852=EDGE_CURVE('',#1846,#1838,#1851,.T.);
#1853=ORIENTED_EDGE('',*,*,#1852,.F.);
#1854=CARTESIAN_POINT('',(7.1,5.7,-0.2));
#1855=VERTEX_POINT('',#1854);
#1856=CARTESIAN_POINT('',(7.1,5.7,-0.2));
#1857=DIRECTION('',(1.,0.,-0.));
#1858=VECTOR('',#1857,0.02);
#1859=LINE('',#1856,#1858);
#1860=EDGE_CURVE('',#1855,#1846,#1859,.T.);
#1861=ORIENTED_EDGE('',*,*,#1860,.F.);
#1862=CARTESIAN_POINT('',(6.71,6.09,-0.2));
#1863=VERTEX_POINT('',#1862);
#1864=CARTESIAN_POINT('',(7.1,6.09,-0.2));
#1865=DIRECTION('',(0.,0.,1.));
#1866=DIRECTION('',(0.,-1.,0.));
#1867=AXIS2_PLACEMENT_3D('',#1864,#1865,#1866);
#1868=CIRCLE('',#1867,0.39);
#1869=EDGE_CURVE('',#1863,#1855,#1868,.T.);
#1870=ORIENTED_EDGE('',*,*,#1869,.F.);
#1871=CARTESIAN_POINT('',(6.71,6.7,-0.2));
#1872=VERTEX_POINT('',#1871);
#1873=CARTESIAN_POINT('',(6.71,6.09,-0.2));
#1874=DIRECTION('',(-0.,1.,-0.));
#1875=VECTOR('',#1874,0.61);
#1876=LINE('',#1873,#1875);
#1877=EDGE_CURVE('',#1863,#1872,#1876,.T.);
#1878=ORIENTED_EDGE('',*,*,#1877,.T.);
#1879=CARTESIAN_POINT('',(6.01,6.7,-0.2));
#1880=VERTEX_POINT('',#1879);
#1881=CARTESIAN_POINT('',(6.01,6.7,-0.2));
#1882=DIRECTION('',(1.,0.,-0.));
#1883=VECTOR('',#1882,0.7);
#1884=LINE('',#1881,#1883);
#1885=EDGE_CURVE('NONE',#1880,#1872,#1884,.T.);
#1886=ORIENTED_EDGE('',*,*,#1885,.F.);
#1887=CARTESIAN_POINT('',(6.01,6.09,-0.2));
#1888=VERTEX_POINT('',#1887);
#1889=CARTESIAN_POINT('',(6.01,6.7,-0.2));
#1890=DIRECTION('',(0.,-1.,0.));
#1891=VECTOR('',#1890,0.61);
#1892=LINE('',#1889,#1891);
#1893=EDGE_CURVE('NONE',#1880,#1888,#1892,.T.);
#1894=ORIENTED_EDGE('',*,*,#1893,.T.);
#1895=CARTESIAN_POINT('',(5.62,5.7,-0.2));
#1896=VERTEX_POINT('',#1895);
#1897=CARTESIAN_POINT('',(5.62,6.09,-0.2));
#1898=DIRECTION('',(0.,0.,1.));
#1899=DIRECTION('',(0.,-1.,0.));
#1900=AXIS2_PLACEMENT_3D('',#1897,#1898,#1899);
#1901=CIRCLE('',#1900,0.39);
#1902=EDGE_CURVE('',#1896,#1888,#1901,.T.);
#1903=ORIENTED_EDGE('',*,*,#1902,.F.);
#1904=CARTESIAN_POINT('',(5.6,5.7,-0.2));
#1905=VERTEX_POINT('',#1904);
#1906=CARTESIAN_POINT('',(5.6,5.7,-0.2));
#1907=DIRECTION('',(1.,0.,-0.));
#1908=VECTOR('',#1907,0.02);
#1909=LINE('',#1906,#1908);
#1910=EDGE_CURVE('',#1905,#1896,#1909,.T.);
#1911=ORIENTED_EDGE('',*,*,#1910,.F.);
#1912=CARTESIAN_POINT('',(5.21,6.09,-0.2));
#1913=VERTEX_POINT('',#1912);
#1914=CARTESIAN_POINT('',(5.6,6.09,-0.2));
#1915=DIRECTION('',(0.,0.,1.));
#1916=DIRECTION('',(0.,-1.,0.));
#1917=AXIS2_PLACEMENT_3D('',#1914,#1915,#1916);
#1918=CIRCLE('',#1917,0.39);
#1919=EDGE_CURVE('',#1913,#1905,#1918,.T.);
#1920=ORIENTED_EDGE('',*,*,#1919,.F.);
#1921=CARTESIAN_POINT('',(5.21,6.7,-0.2));
#1922=VERTEX_POINT('',#1921);
#1923=CARTESIAN_POINT('',(5.21,6.09,-0.2));
#1924=DIRECTION('',(-0.,1.,-0.));
#1925=VECTOR('',#1924,0.61);
#1926=LINE('',#1923,#1925);
#1927=EDGE_CURVE('',#1913,#1922,#1926,.T.);
#1928=ORIENTED_EDGE('',*,*,#1927,.T.);
#1929=CARTESIAN_POINT('',(4.51,6.7,-0.2));
#1930=VERTEX_POINT('',#1929);
#1931=CARTESIAN_POINT('',(4.51,6.7,-0.2));
#1932=DIRECTION('',(1.,0.,-0.));
#1933=VECTOR('',#1932,0.7);
#1934=LINE('',#1931,#1933);
#1935=EDGE_CURVE('NONE',#1930,#1922,#1934,.T.);
#1936=ORIENTED_EDGE('',*,*,#1935,.F.);
#1937=CARTESIAN_POINT('',(4.51,6.09,-0.2));
#1938=VERTEX_POINT('',#1937);
#1939=CARTESIAN_POINT('',(4.51,6.7,-0.2));
#1940=DIRECTION('',(0.,-1.,0.));
#1941=VECTOR('',#1940,0.61);
#1942=LINE('',#1939,#1941);
#1943=EDGE_CURVE('NONE',#1930,#1938,#1942,.T.);
#1944=ORIENTED_EDGE('',*,*,#1943,.T.);
#1945=CARTESIAN_POINT('',(4.12,5.7,-0.2));
#1946=VERTEX_POINT('',#1945);
#1947=CARTESIAN_POINT('',(4.12,6.09,-0.2));
#1948=DIRECTION('',(0.,0.,1.));
#1949=DIRECTION('',(0.,-1.,0.));
#1950=AXIS2_PLACEMENT_3D('',#1947,#1948,#1949);
#1951=CIRCLE('',#1950,0.39);
#1952=EDGE_CURVE('',#1946,#1938,#1951,.T.);
#1953=ORIENTED_EDGE('',*,*,#1952,.F.);
#1954=CARTESIAN_POINT('',(4.1,5.7,-0.2));
#1955=VERTEX_POINT('',#1954);
#1956=CARTESIAN_POINT('',(4.1,5.7,-0.2));
#1957=DIRECTION('',(1.,0.,-0.));
#1958=VECTOR('',#1957,0.02);
#1959=LINE('',#1956,#1958);
#1960=EDGE_CURVE('',#1955,#1946,#1959,.T.);
#1961=ORIENTED_EDGE('',*,*,#1960,.F.);
#1962=CARTESIAN_POINT('',(3.71,6.09,-0.2));
#1963=VERTEX_POINT('',#1962);
#1964=CARTESIAN_POINT('',(4.1,6.09,-0.2));
#1965=DIRECTION('',(0.,0.,1.));
#1966=DIRECTION('',(0.,-1.,0.));
#1967=AXIS2_PLACEMENT_3D('',#1964,#1965,#1966);
#1968=CIRCLE('',#1967,0.39);
#1969=EDGE_CURVE('',#1963,#1955,#1968,.T.);
#1970=ORIENTED_EDGE('',*,*,#1969,.F.);
#1971=CARTESIAN_POINT('',(3.71,6.09,-0.2));
#1972=DIRECTION('',(-0.,1.,-0.));
#1973=VECTOR('',#1972,0.61);
#1974=LINE('',#1971,#1973);
#1975=EDGE_CURVE('',#1963,#132,#1974,.T.);
#1976=ORIENTED_EDGE('',*,*,#1975,.T.);
#1977=EDGE_LOOP('',(#138,#146,#154,#162,#171,#179,#188,#196,#204,#212,#221,#229,#238,#246,#254,#262,#271,#279,#288,#296,#304,#312,#321,#329,#338,#346,
#354,#362,#371,#379,#388,#396,#404,#412,#421,#429,#438,#446,#454,#462,#471,#479,#488,#496,#504,#512,#521,#529,#538,#546,#554,
#562,#571,#579,#588,#596,#604,#612,#621,#629,#638,#646,#654,#662,#671,#679,#688,#696,#704,#712,#721,#729,#738,#746,#754,#762,
#770,#778,#787,#795,#804,#812,#820,#828,#836,#845,#853,#862,#870,#878,#886,#895,#903,#912,#920,#928,#936,#945,#953,#962,#970,
#978,#986,#995,#1003,#1012,#1020,#1028,#1036,#1045,#1053,#1062,#1070,#1078,#1086,#1095,#1103,#1112,#1120,#1128,#1136,#1145,#1153,#1162,#1170,#1178,
#1186,#1195,#1203,#1212,#1220,#1228,#1236,#1244,#1253,#1261,#1270,#1278,#1286,#1294,#1303,#1311,#1320,#1328,#1336,#1344,#1353,#1361,#1370,#1378,#1386,
#1394,#1403,#1411,#1420,#1428,#1436,#1444,#1453,#1461,#1470,#1478,#1486,#1494,#1503,#1511,#1520,#1528,#1536,#1544,#1553,#1561,#1570,#1578,#1586,#1594,
#1603,#1611,#1620,#1628,#1636,#1644,#1653,#1661,#1670,#1678,#1686,#1694,#1703,#1711,#1720,#1728,#1736,#1744,#1753,#1761,#1770,#1778,#1786,#1794,#1803,
#1811,#1820,#1828,#1836,#1844,#1853,#1861,#1870,#1878,#1886,#1894,#1903,#1911,#1920,#1928,#1936,#1944,#1953,#1961,#1970,#1976));
#1978=FACE_BOUND('',#1977,.T.);
#1979=ADVANCED_FACE('',(#128,#1978),#94,.T.);
#1980=COLOUR_RGB('',0.34117648,0.839215696,0.411764711);
#1981=FILL_AREA_STYLE_COLOUR('',#1980);
#1982=FILL_AREA_STYLE('',(#1981));
#1983=SURFACE_STYLE_FILL_AREA(#1982);
#1984=SURFACE_SIDE_STYLE('',(#1983));
#1985=SURFACE_STYLE_USAGE(.BOTH.,#1984);
#1986=PRESENTATION_STYLE_ASSIGNMENT((#1985));
#1987=OVER_RIDING_STYLED_ITEM('',(#1986),#1979,#89);
#1988=CARTESIAN_POINT('',(12.9,6.7,-1.));
#1989=DIRECTION('',(0.,1.,-0.));
#1990=DIRECTION('',(0.,0.,1.));
#1991=AXIS2_PLACEMENT_3D('',#1988,#1989,#1990);
#1992=PLANE('',#1991);
#1993=ORIENTED_EDGE('',*,*,#1385,.F.);
#1994=CARTESIAN_POINT('',(21.71,6.7,-0.3));
#1995=VERTEX_POINT('',#1994);
#1996=CARTESIAN_POINT('',(21.71,6.7,-0.3));
#1997=DIRECTION('',(0.,0.,1.));
#1998=VECTOR('',#1997,0.1);
#1999=LINE('',#1996,#1998);
#2000=EDGE_CURVE('NONE',#1995,#1372,#1999,.T.);
#2001=ORIENTED_EDGE('',*,*,#2000,.F.);
#2002=CARTESIAN_POINT('',(21.785,6.7,-0.3));
#2003=VERTEX_POINT('',#2002);
#2004=CARTESIAN_POINT('',(21.71,6.7,-0.3));
#2005=DIRECTION('',(1.,0.,-0.));
#2006=VECTOR('',#2005,0.075);
#2007=LINE('',#2004,#2006);
#2008=EDGE_CURVE('NONE',#1995,#2003,#2007,.T.);
#2009=ORIENTED_EDGE('',*,*,#2008,.T.);
#2010=CARTESIAN_POINT('',(21.785,6.7,-1.));
#2011=VERTEX_POINT('',#2010);
#2012=CARTESIAN_POINT('',(21.785,6.7,-1.));
#2013=DIRECTION('',(0.,0.,1.));
#2014=VECTOR('',#2013,0.7);
#2015=LINE('',#2012,#2014);
#2016=EDGE_CURVE('',#2011,#2003,#2015,.T.);
#2017=ORIENTED_EDGE('',*,*,#2016,.F.);
#2018=CARTESIAN_POINT('',(20.935,6.7,-1.));
#2019=VERTEX_POINT('',#2018);
#2020=CARTESIAN_POINT('',(21.785,6.7,-1.));
#2021=DIRECTION('',(-1.,0.,0.));
#2022=VECTOR('',#2021,0.85);
#2023=LINE('',#2020,#2022);
#2024=EDGE_CURVE('',#2011,#2019,#2023,.T.);
#2025=ORIENTED_EDGE('',*,*,#2024,.T.);
#2026=CARTESIAN_POINT('',(20.935,6.7,-0.3));
#2027=VERTEX_POINT('',#2026);
#2028=CARTESIAN_POINT('',(20.935,6.7,-1.));
#2029=DIRECTION('',(0.,0.,1.));
#2030=VECTOR('',#2029,0.7);
#2031=LINE('',#2028,#2030);
#2032=EDGE_CURVE('',#2019,#2027,#2031,.T.);
#2033=ORIENTED_EDGE('',*,*,#2032,.T.);
#2034=CARTESIAN_POINT('',(21.01,6.7,-0.3));
#2035=VERTEX_POINT('',#2034);
#2036=CARTESIAN_POINT('',(20.935,6.7,-0.3));
#2037=DIRECTION('',(1.,0.,-0.));
#2038=VECTOR('',#2037,0.075);
#2039=LINE('',#2036,#2038);
#2040=EDGE_CURVE('',#2027,#2035,#2039,.T.);
#2041=ORIENTED_EDGE('',*,*,#2040,.T.);
#2042=CARTESIAN_POINT('',(21.01,6.7,-0.3));
#2043=DIRECTION('',(0.,0.,1.));
#2044=VECTOR('',#2043,0.1);
#2045=LINE('',#2042,#2044);
#2046=EDGE_CURVE('NONE',#2035,#1380,#2045,.T.);
#2047=ORIENTED_EDGE('',*,*,#2046,.T.);
#2048=EDGE_LOOP('',(#1993,#2001,#2009,#2017,#2025,#2033,#2041,#2047));
#2049=FACE_BOUND('',#2048,.T.);
#2050=ADVANCED_FACE('',(#2049),#1992,.T.);
#2051=OVER_RIDING_STYLED_ITEM('',(#1986),#2050,#89);
#2052=CARTESIAN_POINT('',(-3.,-0.,-1.));
#2053=DIRECTION('',(0.,0.,1.));
#2054=DIRECTION('',(0.,1.,-0.));
#2055=AXIS2_PLACEMENT_3D('',#2052,#2053,#2054);
#2056=PLANE('',#2055);
#2057=CARTESIAN_POINT('',(-0.040026948,-6.3,-1.));
#2058=VERTEX_POINT('',#2057);
#2059=CARTESIAN_POINT('',(-0.039973052,6.7,-1.));
#2060=VERTEX_POINT('',#2059);
#2061=CARTESIAN_POINT('',(-0.040026948,-6.3,-1.));
#2062=DIRECTION('',(0.000004146,1.,-0.));
#2063=VECTOR('',#2062,13.);
#2064=LINE('',#2061,#2063);
#2065=EDGE_CURVE('',#2058,#2060,#2064,.T.);
#2066=ORIENTED_EDGE('',*,*,#2065,.T.);
#2067=CARTESIAN_POINT('',(3.785,6.7,-1.));
#2068=VERTEX_POINT('',#2067);
#2069=CARTESIAN_POINT('',(-0.039973052,6.7,-1.));
#2070=DIRECTION('',(1.,0.,-0.));
#2071=VECTOR('',#2070,3.824973052);
#2072=LINE('',#2069,#2071);
#2073=EDGE_CURVE('',#2060,#2068,#2072,.T.);
#2074=ORIENTED_EDGE('',*,*,#2073,.T.);
#2075=CARTESIAN_POINT('',(3.785,6.325652852,-1.));
#2076=VERTEX_POINT('',#2075);
#2077=CARTESIAN_POINT('',(3.785,6.325652852,-1.));
#2078=DIRECTION('',(-0.,1.,-0.));
#2079=VECTOR('',#2078,0.374347148);
#2080=LINE('',#2077,#2079);
#2081=EDGE_CURVE('',#2076,#2068,#2080,.T.);
#2082=ORIENTED_EDGE('',*,*,#2081,.F.);
#2083=CARTESIAN_POINT('',(4.11,5.995690733,-1.));
#2084=VERTEX_POINT('',#2083);
#2085=CARTESIAN_POINT('',(4.115,6.325652852,-1.));
#2086=DIRECTION('',(-0.,-0.,-1.));
#2087=DIRECTION('',(0.,-1.,0.));
#2088=AXIS2_PLACEMENT_3D('',#2085,#2086,#2087);
#2089=CIRCLE('',#2088,0.33);
#2090=EDGE_CURVE('',#2084,#2076,#2089,.T.);
#2091=ORIENTED_EDGE('',*,*,#2090,.F.);
#2092=CARTESIAN_POINT('',(4.435,6.325652852,-1.));
#2093=VERTEX_POINT('',#2092);
#2094=CARTESIAN_POINT('',(4.105,6.325652852,-1.));
#2095=DIRECTION('',(-0.,-0.,-1.));
#2096=DIRECTION('',(0.,-1.,0.));
#2097=AXIS2_PLACEMENT_3D('',#2094,#2095,#2096);
#2098=CIRCLE('',#2097,0.33);
#2099=EDGE_CURVE('',#2093,#2084,#2098,.T.);
#2100=ORIENTED_EDGE('',*,*,#2099,.F.);
#2101=CARTESIAN_POINT('',(4.435,6.7,-1.));
#2102=VERTEX_POINT('',#2101);
#2103=CARTESIAN_POINT('',(4.435,6.7,-1.));
#2104=DIRECTION('',(0.,-1.,0.));
#2105=VECTOR('',#2104,0.374347148);
#2106=LINE('',#2103,#2105);
#2107=EDGE_CURVE('',#2102,#2093,#2106,.T.);
#2108=ORIENTED_EDGE('',*,*,#2107,.F.);
#2109=CARTESIAN_POINT('',(5.285,6.7,-1.));
#2110=VERTEX_POINT('',#2109);
#2111=CARTESIAN_POINT('',(4.435,6.7,-1.));
#2112=DIRECTION('',(1.,0.,-0.));
#2113=VECTOR('',#2112,0.85);
#2114=LINE('',#2111,#2113);
#2115=EDGE_CURVE('',#2102,#2110,#2114,.T.);
#2116=ORIENTED_EDGE('',*,*,#2115,.T.);
#2117=CARTESIAN_POINT('',(5.285,6.325652852,-1.));
#2118=VERTEX_POINT('',#2117);
#2119=CARTESIAN_POINT('',(5.285,6.325652852,-1.));
#2120=DIRECTION('',(-0.,1.,-0.));
#2121=VECTOR('',#2120,0.374347148);
#2122=LINE('',#2119,#2121);
#2123=EDGE_CURVE('',#2118,#2110,#2122,.T.);
#2124=ORIENTED_EDGE('',*,*,#2123,.F.);
#2125=CARTESIAN_POINT('',(5.61,5.995690733,-1.));
#2126=VERTEX_POINT('',#2125);
#2127=CARTESIAN_POINT('',(5.615,6.325652852,-1.));
#2128=DIRECTION('',(-0.,-0.,-1.));
#2129=DIRECTION('',(0.,-1.,0.));
#2130=AXIS2_PLACEMENT_3D('',#2127,#2128,#2129);
#2131=CIRCLE('',#2130,0.33);
#2132=EDGE_CURVE('',#2126,#2118,#2131,.T.);
#2133=ORIENTED_EDGE('',*,*,#2132,.F.);
#2134=CARTESIAN_POINT('',(5.935,6.325652852,-1.));
#2135=VERTEX_POINT('',#2134);
#2136=CARTESIAN_POINT('',(5.605,6.325652852,-1.));
#2137=DIRECTION('',(-0.,-0.,-1.));
#2138=DIRECTION('',(0.,-1.,0.));
#2139=AXIS2_PLACEMENT_3D('',#2136,#2137,#2138);
#2140=CIRCLE('',#2139,0.33);
#2141=EDGE_CURVE('',#2135,#2126,#2140,.T.);
#2142=ORIENTED_EDGE('',*,*,#2141,.F.);
#2143=CARTESIAN_POINT('',(5.935,6.7,-1.));
#2144=VERTEX_POINT('',#2143);
#2145=CARTESIAN_POINT('',(5.935,6.7,-1.));
#2146=DIRECTION('',(0.,-1.,0.));
#2147=VECTOR('',#2146,0.374347148);
#2148=LINE('',#2145,#2147);
#2149=EDGE_CURVE('',#2144,#2135,#2148,.T.);
#2150=ORIENTED_EDGE('',*,*,#2149,.F.);
#2151=CARTESIAN_POINT('',(6.785,6.7,-1.));
#2152=VERTEX_POINT('',#2151);
#2153=CARTESIAN_POINT('',(5.935,6.7,-1.));
#2154=DIRECTION('',(1.,0.,-0.));
#2155=VECTOR('',#2154,0.85);
#2156=LINE('',#2153,#2155);
#2157=EDGE_CURVE('',#2144,#2152,#2156,.T.);
#2158=ORIENTED_EDGE('',*,*,#2157,.T.);
#2159=CARTESIAN_POINT('',(6.785,6.325652852,-1.));
#2160=VERTEX_POINT('',#2159);
#2161=CARTESIAN_POINT('',(6.785,6.325652852,-1.));
#2162=DIRECTION('',(-0.,1.,-0.));
#2163=VECTOR('',#2162,0.374347148);
#2164=LINE('',#2161,#2163);
#2165=EDGE_CURVE('',#2160,#2152,#2164,.T.);
#2166=ORIENTED_EDGE('',*,*,#2165,.F.);
#2167=CARTESIAN_POINT('',(7.11,5.995690733,-1.));
#2168=VERTEX_POINT('',#2167);
#2169=CARTESIAN_POINT('',(7.115,6.325652852,-1.));
#2170=DIRECTION('',(-0.,-0.,-1.));
#2171=DIRECTION('',(0.,-1.,0.));
#2172=AXIS2_PLACEMENT_3D('',#2169,#2170,#2171);
#2173=CIRCLE('',#2172,0.33);
#2174=EDGE_CURVE('',#2168,#2160,#2173,.T.);
#2175=ORIENTED_EDGE('',*,*,#2174,.F.);
#2176=CARTESIAN_POINT('',(7.435,6.325652852,-1.));
#2177=VERTEX_POINT('',#2176);
#2178=CARTESIAN_POINT('',(7.105,6.325652852,-1.));
#2179=DIRECTION('',(-0.,-0.,-1.));
#2180=DIRECTION('',(0.,-1.,0.));
#2181=AXIS2_PLACEMENT_3D('',#2178,#2179,#2180);
#2182=CIRCLE('',#2181,0.33);
#2183=EDGE_CURVE('',#2177,#2168,#2182,.T.);
#2184=ORIENTED_EDGE('',*,*,#2183,.F.);
#2185=CARTESIAN_POINT('',(7.435,6.7,-1.));
#2186=VERTEX_POINT('',#2185);
#2187=CARTESIAN_POINT('',(7.435,6.7,-1.));
#2188=DIRECTION('',(0.,-1.,0.));
#2189=VECTOR('',#2188,0.374347148);
#2190=LINE('',#2187,#2189);
#2191=EDGE_CURVE('',#2186,#2177,#2190,.T.);
#2192=ORIENTED_EDGE('',*,*,#2191,.F.);
#2193=CARTESIAN_POINT('',(8.285,6.7,-1.));
#2194=VERTEX_POINT('',#2193);
#2195=CARTESIAN_POINT('',(7.435,6.7,-1.));
#2196=DIRECTION('',(1.,0.,-0.));
#2197=VECTOR('',#2196,0.85);
#2198=LINE('',#2195,#2197);
#2199=EDGE_CURVE('',#2186,#2194,#2198,.T.);
#2200=ORIENTED_EDGE('',*,*,#2199,.T.);
#2201=CARTESIAN_POINT('',(8.285,6.325652852,-1.));
#2202=VERTEX_POINT('',#2201);
#2203=CARTESIAN_POINT('',(8.285,6.325652852,-1.));
#2204=DIRECTION('',(-0.,1.,-0.));
#2205=VECTOR('',#2204,0.374347148);
#2206=LINE('',#2203,#2205);
#2207=EDGE_CURVE('',#2202,#2194,#2206,.T.);
#2208=ORIENTED_EDGE('',*,*,#2207,.F.);
#2209=CARTESIAN_POINT('',(8.61,5.995690733,-1.));
#2210=VERTEX_POINT('',#2209);
#2211=CARTESIAN_POINT('',(8.615,6.325652852,-1.));
#2212=DIRECTION('',(-0.,-0.,-1.));
#2213=DIRECTION('',(0.,-1.,0.));
#2214=AXIS2_PLACEMENT_3D('',#2211,#2212,#2213);
#2215=CIRCLE('',#2214,0.33);
#2216=EDGE_CURVE('',#2210,#2202,#2215,.T.);
#2217=ORIENTED_EDGE('',*,*,#2216,.F.);
#2218=CARTESIAN_POINT('',(8.935,6.325652852,-1.));
#2219=VERTEX_POINT('',#2218);
#2220=CARTESIAN_POINT('',(8.605,6.325652852,-1.));
#2221=DIRECTION('',(-0.,-0.,-1.));
#2222=DIRECTION('',(0.,-1.,0.));
#2223=AXIS2_PLACEMENT_3D('',#2220,#2221,#2222);
#2224=CIRCLE('',#2223,0.33);
#2225=EDGE_CURVE('',#2219,#2210,#2224,.T.);
#2226=ORIENTED_EDGE('',*,*,#2225,.F.);
#2227=CARTESIAN_POINT('',(8.935,6.7,-1.));
#2228=VERTEX_POINT('',#2227);
#2229=CARTESIAN_POINT('',(8.935,6.7,-1.));
#2230=DIRECTION('',(0.,-1.,0.));
#2231=VECTOR('',#2230,0.374347148);
#2232=LINE('',#2229,#2231);
#2233=EDGE_CURVE('',#2228,#2219,#2232,.T.);
#2234=ORIENTED_EDGE('',*,*,#2233,.F.);
#2235=CARTESIAN_POINT('',(9.785,6.7,-1.));
#2236=VERTEX_POINT('',#2235);
#2237=CARTESIAN_POINT('',(8.935,6.7,-1.));
#2238=DIRECTION('',(1.,0.,-0.));
#2239=VECTOR('',#2238,0.85);
#2240=LINE('',#2237,#2239);
#2241=EDGE_CURVE('',#2228,#2236,#2240,.T.);
#2242=ORIENTED_EDGE('',*,*,#2241,.T.);
#2243=CARTESIAN_POINT('',(9.785,6.325652852,-1.));
#2244=VERTEX_POINT('',#2243);
#2245=CARTESIAN_POINT('',(9.785,6.325652852,-1.));
#2246=DIRECTION('',(-0.,1.,-0.));
#2247=VECTOR('',#2246,0.374347148);
#2248=LINE('',#2245,#2247);
#2249=EDGE_CURVE('',#2244,#2236,#2248,.T.);
#2250=ORIENTED_EDGE('',*,*,#2249,.F.);
#2251=CARTESIAN_POINT('',(10.11,5.995690733,-1.));
#2252=VERTEX_POINT('',#2251);
#2253=CARTESIAN_POINT('',(10.115,6.325652852,-1.));
#2254=DIRECTION('',(-0.,-0.,-1.));
#2255=DIRECTION('',(0.,-1.,0.));
#2256=AXIS2_PLACEMENT_3D('',#2253,#2254,#2255);
#2257=CIRCLE('',#2256,0.33);
#2258=EDGE_CURVE('',#2252,#2244,#2257,.T.);
#2259=ORIENTED_EDGE('',*,*,#2258,.F.);
#2260=CARTESIAN_POINT('',(10.435,6.325652852,-1.));
#2261=VERTEX_POINT('',#2260);
#2262=CARTESIAN_POINT('',(10.105,6.325652852,-1.));
#2263=DIRECTION('',(-0.,-0.,-1.));
#2264=DIRECTION('',(0.,-1.,0.));
#2265=AXIS2_PLACEMENT_3D('',#2262,#2263,#2264);
#2266=CIRCLE('',#2265,0.33);
#2267=EDGE_CURVE('',#2261,#2252,#2266,.T.);
#2268=ORIENTED_EDGE('',*,*,#2267,.F.);
#2269=CARTESIAN_POINT('',(10.435,6.7,-1.));
#2270=VERTEX_POINT('',#2269);
#2271=CARTESIAN_POINT('',(10.435,6.7,-1.));
#2272=DIRECTION('',(0.,-1.,0.));
#2273=VECTOR('',#2272,0.374347148);
#2274=LINE('',#2271,#2273);
#2275=EDGE_CURVE('',#2270,#2261,#2274,.T.);
#2276=ORIENTED_EDGE('',*,*,#2275,.F.);
#2277=CARTESIAN_POINT('',(11.285,6.7,-1.));
#2278=VERTEX_POINT('',#2277);
#2279=CARTESIAN_POINT('',(10.435,6.7,-1.));
#2280=DIRECTION('',(1.,0.,-0.));
#2281=VECTOR('',#2280,0.85);
#2282=LINE('',#2279,#2281);
#2283=EDGE_CURVE('',#2270,#2278,#2282,.T.);
#2284=ORIENTED_EDGE('',*,*,#2283,.T.);
#2285=CARTESIAN_POINT('',(11.285,6.325652852,-1.));
#2286=VERTEX_POINT('',#2285);
#2287=CARTESIAN_POINT('',(11.285,6.325652852,-1.));
#2288=DIRECTION('',(-0.,1.,-0.));
#2289=VECTOR('',#2288,0.374347148);
#2290=LINE('',#2287,#2289);
#2291=EDGE_CURVE('',#2286,#2278,#2290,.T.);
#2292=ORIENTED_EDGE('',*,*,#2291,.F.);
#2293=CARTESIAN_POINT('',(11.61,5.995690733,-1.));
#2294=VERTEX_POINT('',#2293);
#2295=CARTESIAN_POINT('',(11.615,6.325652852,-1.));
#2296=DIRECTION('',(-0.,-0.,-1.));
#2297=DIRECTION('',(0.,-1.,0.));
#2298=AXIS2_PLACEMENT_3D('',#2295,#2296,#2297);
#2299=CIRCLE('',#2298,0.33);
#2300=EDGE_CURVE('',#2294,#2286,#2299,.T.);
#2301=ORIENTED_EDGE('',*,*,#2300,.F.);
#2302=CARTESIAN_POINT('',(11.935,6.325652852,-1.));
#2303=VERTEX_POINT('',#2302);
#2304=CARTESIAN_POINT('',(11.605,6.325652852,-1.));
#2305=DIRECTION('',(-0.,-0.,-1.));
#2306=DIRECTION('',(0.,-1.,0.));
#2307=AXIS2_PLACEMENT_3D('',#2304,#2305,#2306);
#2308=CIRCLE('',#2307,0.33);
#2309=EDGE_CURVE('',#2303,#2294,#2308,.T.);
#2310=ORIENTED_EDGE('',*,*,#2309,.F.);
#2311=CARTESIAN_POINT('',(11.935,6.7,-1.));
#2312=VERTEX_POINT('',#2311);
#2313=CARTESIAN_POINT('',(11.935,6.7,-1.));
#2314=DIRECTION('',(0.,-1.,0.));
#2315=VECTOR('',#2314,0.374347148);
#2316=LINE('',#2313,#2315);
#2317=EDGE_CURVE('',#2312,#2303,#2316,.T.);
#2318=ORIENTED_EDGE('',*,*,#2317,.F.);
#2319=CARTESIAN_POINT('',(12.785,6.7,-1.));
#2320=VERTEX_POINT('',#2319);
#2321=CARTESIAN_POINT('',(11.935,6.7,-1.));
#2322=DIRECTION('',(1.,0.,-0.));
#2323=VECTOR('',#2322,0.85);
#2324=LINE('',#2321,#2323);
#2325=EDGE_CURVE('',#2312,#2320,#2324,.T.);
#2326=ORIENTED_EDGE('',*,*,#2325,.T.);
#2327=CARTESIAN_POINT('',(12.785,6.325652852,-1.));
#2328=VERTEX_POINT('',#2327);
#2329=CARTESIAN_POINT('',(12.785,6.325652852,-1.));
#2330=DIRECTION('',(-0.,1.,-0.));
#2331=VECTOR('',#2330,0.374347148);
#2332=LINE('',#2329,#2331);
#2333=EDGE_CURVE('',#2328,#2320,#2332,.T.);
#2334=ORIENTED_EDGE('',*,*,#2333,.F.);
#2335=CARTESIAN_POINT('',(13.11,5.995690733,-1.));
#2336=VERTEX_POINT('',#2335);
#2337=CARTESIAN_POINT('',(13.115,6.325652852,-1.));
#2338=DIRECTION('',(-0.,-0.,-1.));
#2339=DIRECTION('',(0.,-1.,0.));
#2340=AXIS2_PLACEMENT_3D('',#2337,#2338,#2339);
#2341=CIRCLE('',#2340,0.33);
#2342=EDGE_CURVE('',#2336,#2328,#2341,.T.);
#2343=ORIENTED_EDGE('',*,*,#2342,.F.);
#2344=CARTESIAN_POINT('',(13.435,6.325652852,-1.));
#2345=VERTEX_POINT('',#2344);
#2346=CARTESIAN_POINT('',(13.105,6.325652852,-1.));
#2347=DIRECTION('',(-0.,-0.,-1.));
#2348=DIRECTION('',(0.,-1.,0.));
#2349=AXIS2_PLACEMENT_3D('',#2346,#2347,#2348);
#2350=CIRCLE('',#2349,0.33);
#2351=EDGE_CURVE('',#2345,#2336,#2350,.T.);
#2352=ORIENTED_EDGE('',*,*,#2351,.F.);
#2353=CARTESIAN_POINT('',(13.435,6.7,-1.));
#2354=VERTEX_POINT('',#2353);
#2355=CARTESIAN_POINT('',(13.435,6.7,-1.));
#2356=DIRECTION('',(0.,-1.,0.));
#2357=VECTOR('',#2356,0.374347148);
#2358=LINE('',#2355,#2357);
#2359=EDGE_CURVE('',#2354,#2345,#2358,.T.);
#2360=ORIENTED_EDGE('',*,*,#2359,.F.);
#2361=CARTESIAN_POINT('',(14.285,6.7,-1.));
#2362=VERTEX_POINT('',#2361);
#2363=CARTESIAN_POINT('',(13.435,6.7,-1.));
#2364=DIRECTION('',(1.,0.,-0.));
#2365=VECTOR('',#2364,0.85);
#2366=LINE('',#2363,#2365);
#2367=EDGE_CURVE('',#2354,#2362,#2366,.T.);
#2368=ORIENTED_EDGE('',*,*,#2367,.T.);
#2369=CARTESIAN_POINT('',(14.285,6.325652852,-1.));
#2370=VERTEX_POINT('',#2369);
#2371=CARTESIAN_POINT('',(14.285,6.325652852,-1.));
#2372=DIRECTION('',(-0.,1.,-0.));
#2373=VECTOR('',#2372,0.374347148);
#2374=LINE('',#2371,#2373);
#2375=EDGE_CURVE('',#2370,#2362,#2374,.T.);
#2376=ORIENTED_EDGE('',*,*,#2375,.F.);
#2377=CARTESIAN_POINT('',(14.61,5.995690733,-1.));
#2378=VERTEX_POINT('',#2377);
#2379=CARTESIAN_POINT('',(14.615,6.325652852,-1.));
#2380=DIRECTION('',(-0.,-0.,-1.));
#2381=DIRECTION('',(0.,-1.,0.));
#2382=AXIS2_PLACEMENT_3D('',#2379,#2380,#2381);
#2383=CIRCLE('',#2382,0.33);
#2384=EDGE_CURVE('',#2378,#2370,#2383,.T.);
#2385=ORIENTED_EDGE('',*,*,#2384,.F.);
#2386=CARTESIAN_POINT('',(14.935,6.325652852,-1.));
#2387=VERTEX_POINT('',#2386);
#2388=CARTESIAN_POINT('',(14.605,6.325652852,-1.));
#2389=DIRECTION('',(-0.,-0.,-1.));
#2390=DIRECTION('',(0.,-1.,0.));
#2391=AXIS2_PLACEMENT_3D('',#2388,#2389,#2390);
#2392=CIRCLE('',#2391,0.33);
#2393=EDGE_CURVE('',#2387,#2378,#2392,.T.);
#2394=ORIENTED_EDGE('',*,*,#2393,.F.);
#2395=CARTESIAN_POINT('',(14.935,6.7,-1.));
#2396=VERTEX_POINT('',#2395);
#2397=CARTESIAN_POINT('',(14.935,6.7,-1.));
#2398=DIRECTION('',(0.,-1.,0.));
#2399=VECTOR('',#2398,0.374347148);
#2400=LINE('',#2397,#2399);
#2401=EDGE_CURVE('',#2396,#2387,#2400,.T.);
#2402=ORIENTED_EDGE('',*,*,#2401,.F.);
#2403=CARTESIAN_POINT('',(15.785,6.7,-1.));
#2404=VERTEX_POINT('',#2403);
#2405=CARTESIAN_POINT('',(14.935,6.7,-1.));
#2406=DIRECTION('',(1.,0.,-0.));
#2407=VECTOR('',#2406,0.85);
#2408=LINE('',#2405,#2407);
#2409=EDGE_CURVE('',#2396,#2404,#2408,.T.);
#2410=ORIENTED_EDGE('',*,*,#2409,.T.);
#2411=CARTESIAN_POINT('',(15.785,6.325652852,-1.));
#2412=VERTEX_POINT('',#2411);
#2413=CARTESIAN_POINT('',(15.785,6.325652852,-1.));
#2414=DIRECTION('',(-0.,1.,-0.));
#2415=VECTOR('',#2414,0.374347148);
#2416=LINE('',#2413,#2415);
#2417=EDGE_CURVE('',#2412,#2404,#2416,.T.);
#2418=ORIENTED_EDGE('',*,*,#2417,.F.);
#2419=CARTESIAN_POINT('',(16.11,5.995690733,-1.));
#2420=VERTEX_POINT('',#2419);
#2421=CARTESIAN_POINT('',(16.115,6.325652852,-1.));
#2422=DIRECTION('',(-0.,-0.,-1.));
#2423=DIRECTION('',(0.,-1.,0.));
#2424=AXIS2_PLACEMENT_3D('',#2421,#2422,#2423);
#2425=CIRCLE('',#2424,0.33);
#2426=EDGE_CURVE('',#2420,#2412,#2425,.T.);
#2427=ORIENTED_EDGE('',*,*,#2426,.F.);
#2428=CARTESIAN_POINT('',(16.435,6.325652852,-1.));
#2429=VERTEX_POINT('',#2428);
#2430=CARTESIAN_POINT('',(16.105,6.325652852,-1.));
#2431=DIRECTION('',(-0.,-0.,-1.));
#2432=DIRECTION('',(0.,-1.,0.));
#2433=AXIS2_PLACEMENT_3D('',#2430,#2431,#2432);
#2434=CIRCLE('',#2433,0.33);
#2435=EDGE_CURVE('',#2429,#2420,#2434,.T.);
#2436=ORIENTED_EDGE('',*,*,#2435,.F.);
#2437=CARTESIAN_POINT('',(16.435,6.7,-1.));
#2438=VERTEX_POINT('',#2437);
#2439=CARTESIAN_POINT('',(16.435,6.7,-1.));
#2440=DIRECTION('',(0.,-1.,0.));
#2441=VECTOR('',#2440,0.374347148);
#2442=LINE('',#2439,#2441);
#2443=EDGE_CURVE('',#2438,#2429,#2442,.T.);
#2444=ORIENTED_EDGE('',*,*,#2443,.F.);
#2445=CARTESIAN_POINT('',(17.285,6.7,-1.));
#2446=VERTEX_POINT('',#2445);
#2447=CARTESIAN_POINT('',(16.435,6.7,-1.));
#2448=DIRECTION('',(1.,0.,-0.));
#2449=VECTOR('',#2448,0.85);
#2450=LINE('',#2447,#2449);
#2451=EDGE_CURVE('',#2438,#2446,#2450,.T.);
#2452=ORIENTED_EDGE('',*,*,#2451,.T.);
#2453=CARTESIAN_POINT('',(17.285,6.325652852,-1.));
#2454=VERTEX_POINT('',#2453);
#2455=CARTESIAN_POINT('',(17.285,6.325652852,-1.));
#2456=DIRECTION('',(-0.,1.,-0.));
#2457=VECTOR('',#2456,0.374347148);
#2458=LINE('',#2455,#2457);
#2459=EDGE_CURVE('',#2454,#2446,#2458,.T.);
#2460=ORIENTED_EDGE('',*,*,#2459,.F.);
#2461=CARTESIAN_POINT('',(17.61,5.995690733,-1.));
#2462=VERTEX_POINT('',#2461);
#2463=CARTESIAN_POINT('',(17.615,6.325652852,-1.));
#2464=DIRECTION('',(-0.,-0.,-1.));
#2465=DIRECTION('',(0.,-1.,0.));
#2466=AXIS2_PLACEMENT_3D('',#2463,#2464,#2465);
#2467=CIRCLE('',#2466,0.33);
#2468=EDGE_CURVE('',#2462,#2454,#2467,.T.);
#2469=ORIENTED_EDGE('',*,*,#2468,.F.);
#2470=CARTESIAN_POINT('',(17.935,6.325652852,-1.));
#2471=VERTEX_POINT('',#2470);
#2472=CARTESIAN_POINT('',(17.605,6.325652852,-1.));
#2473=DIRECTION('',(-0.,-0.,-1.));
#2474=DIRECTION('',(0.,-1.,0.));
#2475=AXIS2_PLACEMENT_3D('',#2472,#2473,#2474);
#2476=CIRCLE('',#2475,0.33);
#2477=EDGE_CURVE('',#2471,#2462,#2476,.T.);
#2478=ORIENTED_EDGE('',*,*,#2477,.F.);
#2479=CARTESIAN_POINT('',(17.935,6.7,-1.));
#2480=VERTEX_POINT('',#2479);
#2481=CARTESIAN_POINT('',(17.935,6.7,-1.));
#2482=DIRECTION('',(0.,-1.,0.));
#2483=VECTOR('',#2482,0.374347148);
#2484=LINE('',#2481,#2483);
#2485=EDGE_CURVE('',#2480,#2471,#2484,.T.);
#2486=ORIENTED_EDGE('',*,*,#2485,.F.);
#2487=CARTESIAN_POINT('',(18.785,6.7,-1.));
#2488=VERTEX_POINT('',#2487);
#2489=CARTESIAN_POINT('',(17.935,6.7,-1.));
#2490=DIRECTION('',(1.,0.,-0.));
#2491=VECTOR('',#2490,0.85);
#2492=LINE('',#2489,#2491);
#2493=EDGE_CURVE('',#2480,#2488,#2492,.T.);
#2494=ORIENTED_EDGE('',*,*,#2493,.T.);
#2495=CARTESIAN_POINT('',(18.785,6.325652852,-1.));
#2496=VERTEX_POINT('',#2495);
#2497=CARTESIAN_POINT('',(18.785,6.325652852,-1.));
#2498=DIRECTION('',(-0.,1.,-0.));
#2499=VECTOR('',#2498,0.374347148);
#2500=LINE('',#2497,#2499);
#2501=EDGE_CURVE('',#2496,#2488,#2500,.T.);
#2502=ORIENTED_EDGE('',*,*,#2501,.F.);
#2503=CARTESIAN_POINT('',(19.11,5.995690733,-1.));
#2504=VERTEX_POINT('',#2503);
#2505=CARTESIAN_POINT('',(19.115,6.325652852,-1.));
#2506=DIRECTION('',(-0.,-0.,-1.));
#2507=DIRECTION('',(0.,-1.,0.));
#2508=AXIS2_PLACEMENT_3D('',#2505,#2506,#2507);
#2509=CIRCLE('',#2508,0.33);
#2510=EDGE_CURVE('',#2504,#2496,#2509,.T.);
#2511=ORIENTED_EDGE('',*,*,#2510,.F.);
#2512=CARTESIAN_POINT('',(19.435,6.325652852,-1.));
#2513=VERTEX_POINT('',#2512);
#2514=CARTESIAN_POINT('',(19.105,6.325652852,-1.));
#2515=DIRECTION('',(-0.,-0.,-1.));
#2516=DIRECTION('',(0.,-1.,0.));
#2517=AXIS2_PLACEMENT_3D('',#2514,#2515,#2516);
#2518=CIRCLE('',#2517,0.33);
#2519=EDGE_CURVE('',#2513,#2504,#2518,.T.);
#2520=ORIENTED_EDGE('',*,*,#2519,.F.);
#2521=CARTESIAN_POINT('',(19.435,6.7,-1.));
#2522=VERTEX_POINT('',#2521);
#2523=CARTESIAN_POINT('',(19.435,6.7,-1.));
#2524=DIRECTION('',(0.,-1.,0.));
#2525=VECTOR('',#2524,0.374347148);
#2526=LINE('',#2523,#2525);
#2527=EDGE_CURVE('',#2522,#2513,#2526,.T.);
#2528=ORIENTED_EDGE('',*,*,#2527,.F.);
#2529=CARTESIAN_POINT('',(20.285,6.7,-1.));
#2530=VERTEX_POINT('',#2529);
#2531=CARTESIAN_POINT('',(19.435,6.7,-1.));
#2532=DIRECTION('',(1.,0.,-0.));
#2533=VECTOR('',#2532,0.85);
#2534=LINE('',#2531,#2533);
#2535=EDGE_CURVE('',#2522,#2530,#2534,.T.);
#2536=ORIENTED_EDGE('',*,*,#2535,.T.);
#2537=CARTESIAN_POINT('',(20.285,6.325652852,-1.));
#2538=VERTEX_POINT('',#2537);
#2539=CARTESIAN_POINT('',(20.285,6.325652852,-1.));
#2540=DIRECTION('',(-0.,1.,-0.));
#2541=VECTOR('',#2540,0.374347148);
#2542=LINE('',#2539,#2541);
#2543=EDGE_CURVE('',#2538,#2530,#2542,.T.);
#2544=ORIENTED_EDGE('',*,*,#2543,.F.);
#2545=CARTESIAN_POINT('',(20.61,5.995690733,-1.));
#2546=VERTEX_POINT('',#2545);
#2547=CARTESIAN_POINT('',(20.615,6.325652852,-1.));
#2548=DIRECTION('',(-0.,-0.,-1.));
#2549=DIRECTION('',(0.,-1.,0.));
#2550=AXIS2_PLACEMENT_3D('',#2547,#2548,#2549);
#2551=CIRCLE('',#2550,0.33);
#2552=EDGE_CURVE('',#2546,#2538,#2551,.T.);
#2553=ORIENTED_EDGE('',*,*,#2552,.F.);
#2554=CARTESIAN_POINT('',(20.935,6.325652852,-1.));
#2555=VERTEX_POINT('',#2554);
#2556=CARTESIAN_POINT('',(20.605,6.325652852,-1.));
#2557=DIRECTION('',(-0.,-0.,-1.));
#2558=DIRECTION('',(0.,-1.,0.));
#2559=AXIS2_PLACEMENT_3D('',#2556,#2557,#2558);
#2560=CIRCLE('',#2559,0.33);
#2561=EDGE_CURVE('',#2555,#2546,#2560,.T.);
#2562=ORIENTED_EDGE('',*,*,#2561,.F.);
#2563=CARTESIAN_POINT('',(20.935,6.7,-1.));
#2564=DIRECTION('',(0.,-1.,0.));
#2565=VECTOR('',#2564,0.374347148);
#2566=LINE('',#2563,#2565);
#2567=EDGE_CURVE('',#2019,#2555,#2566,.T.);
#2568=ORIENTED_EDGE('',*,*,#2567,.F.);
#2569=ORIENTED_EDGE('',*,*,#2024,.F.);
#2570=CARTESIAN_POINT('',(21.785,6.325652852,-1.));
#2571=VERTEX_POINT('',#2570);
#2572=CARTESIAN_POINT('',(21.785,6.325652852,-1.));
#2573=DIRECTION('',(-0.,1.,-0.));
#2574=VECTOR('',#2573,0.374347148);
#2575=LINE('',#2572,#2574);
#2576=EDGE_CURVE('',#2571,#2011,#2575,.T.);
#2577=ORIENTED_EDGE('',*,*,#2576,.F.);
#2578=CARTESIAN_POINT('',(22.11,5.995690733,-1.));
#2579=VERTEX_POINT('',#2578);
#2580=CARTESIAN_POINT('',(22.115,6.325652852,-1.));
#2581=DIRECTION('',(-0.,-0.,-1.));
#2582=DIRECTION('',(0.,-1.,0.));
#2583=AXIS2_PLACEMENT_3D('',#2580,#2581,#2582);
#2584=CIRCLE('',#2583,0.33);
#2585=EDGE_CURVE('',#2579,#2571,#2584,.T.);
#2586=ORIENTED_EDGE('',*,*,#2585,.F.);
#2587=CARTESIAN_POINT('',(22.435,6.325652852,-1.));
#2588=VERTEX_POINT('',#2587);
#2589=CARTESIAN_POINT('',(22.105,6.325652852,-1.));
#2590=DIRECTION('',(-0.,-0.,-1.));
#2591=DIRECTION('',(0.,-1.,0.));
#2592=AXIS2_PLACEMENT_3D('',#2589,#2590,#2591);
#2593=CIRCLE('',#2592,0.33);
#2594=EDGE_CURVE('',#2588,#2579,#2593,.T.);
#2595=ORIENTED_EDGE('',*,*,#2594,.F.);
#2596=CARTESIAN_POINT('',(22.435,6.7,-1.));
#2597=VERTEX_POINT('',#2596);
#2598=CARTESIAN_POINT('',(22.435,6.7,-1.));
#2599=DIRECTION('',(0.,-1.,0.));
#2600=VECTOR('',#2599,0.374347148);
#2601=LINE('',#2598,#2600);
#2602=EDGE_CURVE('',#2597,#2588,#2601,.T.);
#2603=ORIENTED_EDGE('',*,*,#2602,.F.);
#2604=CARTESIAN_POINT('',(23.285,6.7,-1.));
#2605=VERTEX_POINT('',#2604);
#2606=CARTESIAN_POINT('',(22.435,6.7,-1.));
#2607=DIRECTION('',(1.,0.,-0.));
#2608=VECTOR('',#2607,0.85);
#2609=LINE('',#2606,#2608);
#2610=EDGE_CURVE('',#2597,#2605,#2609,.T.);
#2611=ORIENTED_EDGE('',*,*,#2610,.T.);
#2612=CARTESIAN_POINT('',(23.285,6.325652852,-1.));
#2613=VERTEX_POINT('',#2612);
#2614=CARTESIAN_POINT('',(23.285,6.325652852,-1.));
#2615=DIRECTION('',(-0.,1.,-0.));
#2616=VECTOR('',#2615,0.374347148);
#2617=LINE('',#2614,#2616);
#2618=EDGE_CURVE('',#2613,#2605,#2617,.T.);
#2619=ORIENTED_EDGE('',*,*,#2618,.F.);
#2620=CARTESIAN_POINT('',(23.61,5.995690733,-1.));
#2621=VERTEX_POINT('',#2620);
#2622=CARTESIAN_POINT('',(23.615,6.325652852,-1.));
#2623=DIRECTION('',(-0.,-0.,-1.));
#2624=DIRECTION('',(0.,-1.,0.));
#2625=AXIS2_PLACEMENT_3D('',#2622,#2623,#2624);
#2626=CIRCLE('',#2625,0.33);
#2627=EDGE_CURVE('',#2621,#2613,#2626,.T.);
#2628=ORIENTED_EDGE('',*,*,#2627,.F.);
#2629=CARTESIAN_POINT('',(23.935,6.325652852,-1.));
#2630=VERTEX_POINT('',#2629);
#2631=CARTESIAN_POINT('',(23.605,6.325652852,-1.));
#2632=DIRECTION('',(-0.,-0.,-1.));
#2633=DIRECTION('',(0.,-1.,0.));
#2634=AXIS2_PLACEMENT_3D('',#2631,#2632,#2633);
#2635=CIRCLE('',#2634,0.33);
#2636=EDGE_CURVE('',#2630,#2621,#2635,.T.);
#2637=ORIENTED_EDGE('',*,*,#2636,.F.);
#2638=CARTESIAN_POINT('',(23.935,6.7,-1.));
#2639=VERTEX_POINT('',#2638);
#2640=CARTESIAN_POINT('',(23.935,6.7,-1.));
#2641=DIRECTION('',(0.,-1.,0.));
#2642=VECTOR('',#2641,0.374347148);
#2643=LINE('',#2640,#2642);
#2644=EDGE_CURVE('',#2639,#2630,#2643,.T.);
#2645=ORIENTED_EDGE('',*,*,#2644,.F.);
#2646=CARTESIAN_POINT('',(24.785,6.7,-1.));
#2647=VERTEX_POINT('',#2646);
#2648=CARTESIAN_POINT('',(23.935,6.7,-1.));
#2649=DIRECTION('',(1.,0.,-0.));
#2650=VECTOR('',#2649,0.85);
#2651=LINE('',#2648,#2650);
#2652=EDGE_CURVE('',#2639,#2647,#2651,.T.);
#2653=ORIENTED_EDGE('',*,*,#2652,.T.);
#2654=CARTESIAN_POINT('',(24.785,6.325652852,-1.));
#2655=VERTEX_POINT('',#2654);
#2656=CARTESIAN_POINT('',(24.785,6.325652852,-1.));
#2657=DIRECTION('',(-0.,1.,-0.));
#2658=VECTOR('',#2657,0.374347148);
#2659=LINE('',#2656,#2658);
#2660=EDGE_CURVE('',#2655,#2647,#2659,.T.);
#2661=ORIENTED_EDGE('',*,*,#2660,.F.);
#2662=CARTESIAN_POINT('',(25.11,5.995690733,-1.));
#2663=VERTEX_POINT('',#2662);
#2664=CARTESIAN_POINT('',(25.115,6.325652852,-1.));
#2665=DIRECTION('',(-0.,-0.,-1.));
#2666=DIRECTION('',(0.,-1.,0.));
#2667=AXIS2_PLACEMENT_3D('',#2664,#2665,#2666);
#2668=CIRCLE('',#2667,0.33);
#2669=EDGE_CURVE('',#2663,#2655,#2668,.T.);
#2670=ORIENTED_EDGE('',*,*,#2669,.F.);
#2671=CARTESIAN_POINT('',(25.435,6.325652852,-1.));
#2672=VERTEX_POINT('',#2671);
#2673=CARTESIAN_POINT('',(25.105,6.325652852,-1.));
#2674=DIRECTION('',(-0.,-0.,-1.));
#2675=DIRECTION('',(0.,-1.,0.));
#2676=AXIS2_PLACEMENT_3D('',#2673,#2674,#2675);
#2677=CIRCLE('',#2676,0.33);
#2678=EDGE_CURVE('',#2672,#2663,#2677,.T.);
#2679=ORIENTED_EDGE('',*,*,#2678,.F.);
#2680=CARTESIAN_POINT('',(25.435,6.7,-1.));
#2681=VERTEX_POINT('',#2680);
#2682=CARTESIAN_POINT('',(25.435,6.7,-1.));
#2683=DIRECTION('',(0.,-1.,0.));
#2684=VECTOR('',#2683,0.374347148);
#2685=LINE('',#2682,#2684);
#2686=EDGE_CURVE('',#2681,#2672,#2685,.T.);
#2687=ORIENTED_EDGE('',*,*,#2686,.F.);
#2688=CARTESIAN_POINT('',(25.87,6.7,-1.));
#2689=VERTEX_POINT('',#2688);
#2690=CARTESIAN_POINT('',(25.435,6.7,-1.));
#2691=DIRECTION('',(1.,0.,-0.));
#2692=VECTOR('',#2691,0.435);
#2693=LINE('',#2690,#2692);
#2694=EDGE_CURVE('',#2681,#2689,#2693,.T.);
#2695=ORIENTED_EDGE('',*,*,#2694,.T.);
#2696=CARTESIAN_POINT('',(25.87,5.687465877,-1.));
#2697=VERTEX_POINT('',#2696);
#2698=CARTESIAN_POINT('',(25.87,5.687465877,-1.));
#2699=DIRECTION('',(-0.,1.,-0.));
#2700=VECTOR('',#2699,1.012534123);
#2701=LINE('',#2698,#2700);
#2702=EDGE_CURVE('',#2697,#2689,#2701,.T.);
#2703=ORIENTED_EDGE('',*,*,#2702,.F.);
#2704=CARTESIAN_POINT('',(25.8905,5.687465877,-0.999993033));
#2705=VERTEX_POINT('',#2704);
#2706=CARTESIAN_POINT('',(25.87,5.687465877,-1.));
#2707=DIRECTION('',(1.,-0.,-0.));
#2708=VECTOR('',#2707,0.0205);
#2709=LINE('',#2706,#2708);
#2710=EDGE_CURVE('',#2697,#2705,#2709,.T.);
#2711=ORIENTED_EDGE('',*,*,#2710,.T.);
#2712=CARTESIAN_POINT('',(25.8905,5.000003732,-0.999993033));
#2713=VERTEX_POINT('',#2712);
#2714=CARTESIAN_POINT('',(25.8905,5.687465877,-1.));
#2715=DIRECTION('',(-0.,-1.,0.));
#2716=VECTOR('',#2715,0.687462145);
#2717=LINE('',#2714,#2716);
#2718=EDGE_CURVE('',#2705,#2713,#2717,.T.);
#2719=ORIENTED_EDGE('',*,*,#2718,.T.);
#2720=CARTESIAN_POINT('',(25.8905,3.500003732,-0.999993033));
#2721=VERTEX_POINT('',#2720);
#2722=CARTESIAN_POINT('',(25.8905,5.000003732,-1.));
#2723=DIRECTION('',(-0.,-1.,0.));
#2724=VECTOR('',#2723,1.5);
#2725=LINE('',#2722,#2724);
#2726=EDGE_CURVE('',#2713,#2721,#2725,.T.);
#2727=ORIENTED_EDGE('',*,*,#2726,.T.);
#2728=CARTESIAN_POINT('',(25.8905,2.000003732,-0.999993033));
#2729=VERTEX_POINT('',#2728);
#2730=CARTESIAN_POINT('',(25.8905,3.500003732,-1.));
#2731=DIRECTION('',(-0.,-1.,0.));
#2732=VECTOR('',#2731,1.5);
#2733=LINE('',#2730,#2732);
#2734=EDGE_CURVE('',#2721,#2729,#2733,.T.);
#2735=ORIENTED_EDGE('',*,*,#2734,.T.);
#2736=CARTESIAN_POINT('',(25.8905,0.500003732,-0.999993033));
#2737=VERTEX_POINT('',#2736);
#2738=CARTESIAN_POINT('',(25.8905,2.000003732,-1.));
#2739=DIRECTION('',(-0.,-1.,0.));
#2740=VECTOR('',#2739,1.5);
#2741=LINE('',#2738,#2740);
#2742=EDGE_CURVE('',#2729,#2737,#2741,.T.);
#2743=ORIENTED_EDGE('',*,*,#2742,.T.);
#2744=CARTESIAN_POINT('',(25.8905,-0.999996268,-0.999993033));
#2745=VERTEX_POINT('',#2744);
#2746=CARTESIAN_POINT('',(25.8905,0.500003732,-1.));
#2747=DIRECTION('',(-0.,-1.,0.));
#2748=VECTOR('',#2747,1.5);
#2749=LINE('',#2746,#2748);
#2750=EDGE_CURVE('',#2737,#2745,#2749,.T.);
#2751=ORIENTED_EDGE('',*,*,#2750,.T.);
#2752=CARTESIAN_POINT('',(25.8905,-2.499996268,-0.999993033));
#2753=VERTEX_POINT('',#2752);
#2754=CARTESIAN_POINT('',(25.8905,-0.999996268,-1.));
#2755=DIRECTION('',(-0.,-1.,0.));
#2756=VECTOR('',#2755,1.5);
#2757=LINE('',#2754,#2756);
#2758=EDGE_CURVE('',#2745,#2753,#2757,.T.);
#2759=ORIENTED_EDGE('',*,*,#2758,.T.);
#2760=CARTESIAN_POINT('',(25.8905,-3.999996268,-0.999993033));
#2761=VERTEX_POINT('',#2760);
#2762=CARTESIAN_POINT('',(25.8905,-2.499996268,-1.));
#2763=DIRECTION('',(-0.,-1.,0.));
#2764=VECTOR('',#2763,1.5);
#2765=LINE('',#2762,#2764);
#2766=EDGE_CURVE('',#2753,#2761,#2765,.T.);
#2767=ORIENTED_EDGE('',*,*,#2766,.T.);
#2768=CARTESIAN_POINT('',(25.8905,-5.287465877,-0.999993033));
#2769=VERTEX_POINT('',#2768);
#2770=CARTESIAN_POINT('',(25.8905,-3.999996268,-1.));
#2771=DIRECTION('',(-0.,-1.,0.));
#2772=VECTOR('',#2771,1.287469608);
#2773=LINE('',#2770,#2772);
#2774=EDGE_CURVE('',#2761,#2769,#2773,.T.);
#2775=ORIENTED_EDGE('',*,*,#2774,.T.);
#2776=CARTESIAN_POINT('',(25.887,-5.287465877,-0.999993033));
#2777=VERTEX_POINT('',#2776);
#2778=CARTESIAN_POINT('',(25.8905,-5.287465877,-1.));
#2779=DIRECTION('',(-1.,0.,0.));
#2780=VECTOR('',#2779,0.0035);
#2781=LINE('',#2778,#2780);
#2782=EDGE_CURVE('',#2769,#2777,#2781,.T.);
#2783=ORIENTED_EDGE('',*,*,#2782,.T.);
#2784=CARTESIAN_POINT('',(25.887,-6.3,-1.));
#2785=VERTEX_POINT('',#2784);
#2786=CARTESIAN_POINT('',(25.887,-5.287465877,-1.));
#2787=DIRECTION('',(0.,-1.,0.));
#2788=VECTOR('',#2787,1.012534123);
#2789=LINE('',#2786,#2788);
#2790=EDGE_CURVE('',#2777,#2785,#2789,.T.);
#2791=ORIENTED_EDGE('',*,*,#2790,.T.);
#2792=CARTESIAN_POINT('',(25.435,-6.3,-1.));
#2793=VERTEX_POINT('',#2792);
#2794=CARTESIAN_POINT('',(25.435,-6.3,-1.));
#2795=DIRECTION('',(1.,0.,-0.));
#2796=VECTOR('',#2795,0.452);
#2797=LINE('',#2794,#2796);
#2798=EDGE_CURVE('',#2793,#2785,#2797,.T.);
#2799=ORIENTED_EDGE('',*,*,#2798,.F.);
#2800=CARTESIAN_POINT('',(25.435,-5.925652852,-1.));
#2801=VERTEX_POINT('',#2800);
#2802=CARTESIAN_POINT('',(25.435,-6.3,-1.));
#2803=DIRECTION('',(0.,1.,-0.));
#2804=VECTOR('',#2803,0.374347148);
#2805=LINE('',#2802,#2804);
#2806=EDGE_CURVE('',#2793,#2801,#2805,.T.);
#2807=ORIENTED_EDGE('',*,*,#2806,.T.);
#2808=CARTESIAN_POINT('',(25.11,-5.595690733,-1.));
#2809=VERTEX_POINT('',#2808);
#2810=CARTESIAN_POINT('',(25.105,-5.925652852,-1.));
#2811=DIRECTION('',(-0.,0.,1.));
#2812=DIRECTION('',(0.,1.,-0.));
#2813=AXIS2_PLACEMENT_3D('',#2810,#2811,#2812);
#2814=CIRCLE('',#2813,0.33);
#2815=EDGE_CURVE('',#2801,#2809,#2814,.T.);
#2816=ORIENTED_EDGE('',*,*,#2815,.T.);
#2817=CARTESIAN_POINT('',(24.785,-5.925652852,-1.));
#2818=VERTEX_POINT('',#2817);
#2819=CARTESIAN_POINT('',(25.115,-5.925652852,-1.));
#2820=DIRECTION('',(-0.,0.,1.));
#2821=DIRECTION('',(0.,1.,-0.));
#2822=AXIS2_PLACEMENT_3D('',#2819,#2820,#2821);
#2823=CIRCLE('',#2822,0.33);
#2824=EDGE_CURVE('',#2809,#2818,#2823,.T.);
#2825=ORIENTED_EDGE('',*,*,#2824,.T.);
#2826=CARTESIAN_POINT('',(24.785,-6.3,-1.));
#2827=VERTEX_POINT('',#2826);
#2828=CARTESIAN_POINT('',(24.785,-5.925652852,-1.));
#2829=DIRECTION('',(-0.,-1.,0.));
#2830=VECTOR('',#2829,0.374347148);
#2831=LINE('',#2828,#2830);
#2832=EDGE_CURVE('',#2818,#2827,#2831,.T.);
#2833=ORIENTED_EDGE('',*,*,#2832,.T.);
#2834=CARTESIAN_POINT('',(24.659973052,-6.3,-1.));
#2835=VERTEX_POINT('',#2834);
#2836=CARTESIAN_POINT('',(24.659973052,-6.3,-1.));
#2837=DIRECTION('',(1.,0.,-0.));
#2838=VECTOR('',#2837,0.125026948);
#2839=LINE('',#2836,#2838);
#2840=EDGE_CURVE('',#2835,#2827,#2839,.T.);
#2841=ORIENTED_EDGE('',*,*,#2840,.F.);
#2842=CARTESIAN_POINT('',(24.059973052,-6.3,-1.));
#2843=VERTEX_POINT('',#2842);
#2844=CARTESIAN_POINT('',(24.059973052,-6.3,-1.));
#2845=DIRECTION('',(1.,0.,-0.));
#2846=VECTOR('',#2845,0.6);
#2847=LINE('',#2844,#2846);
#2848=EDGE_CURVE('',#2843,#2835,#2847,.T.);
#2849=ORIENTED_EDGE('',*,*,#2848,.F.);
#2850=CARTESIAN_POINT('',(23.935,-6.3,-1.));
#2851=VERTEX_POINT('',#2850);
#2852=CARTESIAN_POINT('',(23.935,-6.3,-1.));
#2853=DIRECTION('',(1.,0.,-0.));
#2854=VECTOR('',#2853,0.124973052);
#2855=LINE('',#2852,#2854);
#2856=EDGE_CURVE('',#2851,#2843,#2855,.T.);
#2857=ORIENTED_EDGE('',*,*,#2856,.F.);
#2858=CARTESIAN_POINT('',(23.935,-5.925652852,-1.));
#2859=VERTEX_POINT('',#2858);
#2860=CARTESIAN_POINT('',(23.935,-6.3,-1.));
#2861=DIRECTION('',(0.,1.,-0.));
#2862=VECTOR('',#2861,0.374347148);
#2863=LINE('',#2860,#2862);
#2864=EDGE_CURVE('',#2851,#2859,#2863,.T.);
#2865=ORIENTED_EDGE('',*,*,#2864,.T.);
#2866=CARTESIAN_POINT('',(23.61,-5.595690733,-1.));
#2867=VERTEX_POINT('',#2866);
#2868=CARTESIAN_POINT('',(23.605,-5.925652852,-1.));
#2869=DIRECTION('',(-0.,0.,1.));
#2870=DIRECTION('',(0.,1.,-0.));
#2871=AXIS2_PLACEMENT_3D('',#2868,#2869,#2870);
#2872=CIRCLE('',#2871,0.33);
#2873=EDGE_CURVE('',#2859,#2867,#2872,.T.);
#2874=ORIENTED_EDGE('',*,*,#2873,.T.);
#2875=CARTESIAN_POINT('',(23.285,-5.925652852,-1.));
#2876=VERTEX_POINT('',#2875);
#2877=CARTESIAN_POINT('',(23.615,-5.925652852,-1.));
#2878=DIRECTION('',(-0.,0.,1.));
#2879=DIRECTION('',(0.,1.,-0.));
#2880=AXIS2_PLACEMENT_3D('',#2877,#2878,#2879);
#2881=CIRCLE('',#2880,0.33);
#2882=EDGE_CURVE('',#2867,#2876,#2881,.T.);
#2883=ORIENTED_EDGE('',*,*,#2882,.T.);
#2884=CARTESIAN_POINT('',(23.285,-6.3,-1.));
#2885=VERTEX_POINT('',#2884);
#2886=CARTESIAN_POINT('',(23.285,-5.925652852,-1.));
#2887=DIRECTION('',(-0.,-1.,0.));
#2888=VECTOR('',#2887,0.374347148);
#2889=LINE('',#2886,#2888);
#2890=EDGE_CURVE('',#2876,#2885,#2889,.T.);
#2891=ORIENTED_EDGE('',*,*,#2890,.T.);
#2892=CARTESIAN_POINT('',(22.435,-6.3,-1.));
#2893=VERTEX_POINT('',#2892);
#2894=CARTESIAN_POINT('',(22.435,-6.3,-1.));
#2895=DIRECTION('',(1.,0.,-0.));
#2896=VECTOR('',#2895,0.85);
#2897=LINE('',#2894,#2896);
#2898=EDGE_CURVE('',#2893,#2885,#2897,.T.);
#2899=ORIENTED_EDGE('',*,*,#2898,.F.);
#2900=CARTESIAN_POINT('',(22.435,-5.925652852,-1.));
#2901=VERTEX_POINT('',#2900);
#2902=CARTESIAN_POINT('',(22.435,-6.3,-1.));
#2903=DIRECTION('',(0.,1.,-0.));
#2904=VECTOR('',#2903,0.374347148);
#2905=LINE('',#2902,#2904);
#2906=EDGE_CURVE('',#2893,#2901,#2905,.T.);
#2907=ORIENTED_EDGE('',*,*,#2906,.T.);
#2908=CARTESIAN_POINT('',(22.11,-5.595690733,-1.));
#2909=VERTEX_POINT('',#2908);
#2910=CARTESIAN_POINT('',(22.105,-5.925652852,-1.));
#2911=DIRECTION('',(-0.,0.,1.));
#2912=DIRECTION('',(0.,1.,-0.));
#2913=AXIS2_PLACEMENT_3D('',#2910,#2911,#2912);
#2914=CIRCLE('',#2913,0.33);
#2915=EDGE_CURVE('',#2901,#2909,#2914,.T.);
#2916=ORIENTED_EDGE('',*,*,#2915,.T.);
#2917=CARTESIAN_POINT('',(21.785,-5.925652852,-1.));
#2918=VERTEX_POINT('',#2917);
#2919=CARTESIAN_POINT('',(22.115,-5.925652852,-1.));
#2920=DIRECTION('',(-0.,0.,1.));
#2921=DIRECTION('',(0.,1.,-0.));
#2922=AXIS2_PLACEMENT_3D('',#2919,#2920,#2921);
#2923=CIRCLE('',#2922,0.33);
#2924=EDGE_CURVE('',#2909,#2918,#2923,.T.);
#2925=ORIENTED_EDGE('',*,*,#2924,.T.);
#2926=CARTESIAN_POINT('',(21.785,-6.3,-1.));
#2927=VERTEX_POINT('',#2926);
#2928=CARTESIAN_POINT('',(21.785,-5.925652852,-1.));
#2929=DIRECTION('',(-0.,-1.,0.));
#2930=VECTOR('',#2929,0.374347148);
#2931=LINE('',#2928,#2930);
#2932=EDGE_CURVE('',#2918,#2927,#2931,.T.);
#2933=ORIENTED_EDGE('',*,*,#2932,.T.);
#2934=CARTESIAN_POINT('',(20.935,-6.3,-1.));
#2935=VERTEX_POINT('',#2934);
#2936=CARTESIAN_POINT('',(20.935,-6.3,-1.));
#2937=DIRECTION('',(1.,0.,-0.));
#2938=VECTOR('',#2937,0.85);
#2939=LINE('',#2936,#2938);
#2940=EDGE_CURVE('',#2935,#2927,#2939,.T.);
#2941=ORIENTED_EDGE('',*,*,#2940,.F.);
#2942=CARTESIAN_POINT('',(20.935,-5.925652852,-1.));
#2943=VERTEX_POINT('',#2942);
#2944=CARTESIAN_POINT('',(20.935,-6.3,-1.));
#2945=DIRECTION('',(0.,1.,-0.));
#2946=VECTOR('',#2945,0.374347148);
#2947=LINE('',#2944,#2946);
#2948=EDGE_CURVE('',#2935,#2943,#2947,.T.);
#2949=ORIENTED_EDGE('',*,*,#2948,.T.);
#2950=CARTESIAN_POINT('',(20.61,-5.595690733,-1.));
#2951=VERTEX_POINT('',#2950);
#2952=CARTESIAN_POINT('',(20.605,-5.925652852,-1.));
#2953=DIRECTION('',(-0.,0.,1.));
#2954=DIRECTION('',(0.,1.,-0.));
#2955=AXIS2_PLACEMENT_3D('',#2952,#2953,#2954);
#2956=CIRCLE('',#2955,0.33);
#2957=EDGE_CURVE('',#2943,#2951,#2956,.T.);
#2958=ORIENTED_EDGE('',*,*,#2957,.T.);
#2959=CARTESIAN_POINT('',(20.285,-5.925652852,-1.));
#2960=VERTEX_POINT('',#2959);
#2961=CARTESIAN_POINT('',(20.615,-5.925652852,-1.));
#2962=DIRECTION('',(-0.,0.,1.));
#2963=DIRECTION('',(0.,1.,-0.));
#2964=AXIS2_PLACEMENT_3D('',#2961,#2962,#2963);
#2965=CIRCLE('',#2964,0.33);
#2966=EDGE_CURVE('',#2951,#2960,#2965,.T.);
#2967=ORIENTED_EDGE('',*,*,#2966,.T.);
#2968=CARTESIAN_POINT('',(20.285,-6.3,-1.));
#2969=VERTEX_POINT('',#2968);
#2970=CARTESIAN_POINT('',(20.285,-5.925652852,-1.));
#2971=DIRECTION('',(-0.,-1.,0.));
#2972=VECTOR('',#2971,0.374347148);
#2973=LINE('',#2970,#2972);
#2974=EDGE_CURVE('',#2960,#2969,#2973,.T.);
#2975=ORIENTED_EDGE('',*,*,#2974,.T.);
#2976=CARTESIAN_POINT('',(19.435,-6.3,-1.));
#2977=VERTEX_POINT('',#2976);
#2978=CARTESIAN_POINT('',(19.435,-6.3,-1.));
#2979=DIRECTION('',(1.,0.,-0.));
#2980=VECTOR('',#2979,0.85);
#2981=LINE('',#2978,#2980);
#2982=EDGE_CURVE('',#2977,#2969,#2981,.T.);
#2983=ORIENTED_EDGE('',*,*,#2982,.F.);
#2984=CARTESIAN_POINT('',(19.435,-5.925652852,-1.));
#2985=VERTEX_POINT('',#2984);
#2986=CARTESIAN_POINT('',(19.435,-6.3,-1.));
#2987=DIRECTION('',(0.,1.,-0.));
#2988=VECTOR('',#2987,0.374347148);
#2989=LINE('',#2986,#2988);
#2990=EDGE_CURVE('',#2977,#2985,#2989,.T.);
#2991=ORIENTED_EDGE('',*,*,#2990,.T.);
#2992=CARTESIAN_POINT('',(19.11,-5.595690733,-1.));
#2993=VERTEX_POINT('',#2992);
#2994=CARTESIAN_POINT('',(19.105,-5.925652852,-1.));
#2995=DIRECTION('',(-0.,0.,1.));
#2996=DIRECTION('',(0.,1.,-0.));
#2997=AXIS2_PLACEMENT_3D('',#2994,#2995,#2996);
#2998=CIRCLE('',#2997,0.33);
#2999=EDGE_CURVE('',#2985,#2993,#2998,.T.);
#3000=ORIENTED_EDGE('',*,*,#2999,.T.);
#3001=CARTESIAN_POINT('',(18.785,-5.925652852,-1.));
#3002=VERTEX_POINT('',#3001);
#3003=CARTESIAN_POINT('',(19.115,-5.925652852,-1.));
#3004=DIRECTION('',(-0.,0.,1.));
#3005=DIRECTION('',(0.,1.,-0.));
#3006=AXIS2_PLACEMENT_3D('',#3003,#3004,#3005);
#3007=CIRCLE('',#3006,0.33);
#3008=EDGE_CURVE('',#2993,#3002,#3007,.T.);
#3009=ORIENTED_EDGE('',*,*,#3008,.T.);
#3010=CARTESIAN_POINT('',(18.785,-6.3,-1.));
#3011=VERTEX_POINT('',#3010);
#3012=CARTESIAN_POINT('',(18.785,-5.925652852,-1.));
#3013=DIRECTION('',(-0.,-1.,0.));
#3014=VECTOR('',#3013,0.374347148);
#3015=LINE('',#3012,#3014);
#3016=EDGE_CURVE('',#3002,#3011,#3015,.T.);
#3017=ORIENTED_EDGE('',*,*,#3016,.T.);
#3018=CARTESIAN_POINT('',(17.935,-6.3,-1.));
#3019=VERTEX_POINT('',#3018);
#3020=CARTESIAN_POINT('',(17.935,-6.3,-1.));
#3021=DIRECTION('',(1.,0.,-0.));
#3022=VECTOR('',#3021,0.85);
#3023=LINE('',#3020,#3022);
#3024=EDGE_CURVE('',#3019,#3011,#3023,.T.);
#3025=ORIENTED_EDGE('',*,*,#3024,.F.);
#3026=CARTESIAN_POINT('',(17.935,-5.925652852,-1.));
#3027=VERTEX_POINT('',#3026);
#3028=CARTESIAN_POINT('',(17.935,-6.3,-1.));
#3029=DIRECTION('',(0.,1.,-0.));
#3030=VECTOR('',#3029,0.374347148);
#3031=LINE('',#3028,#3030);
#3032=EDGE_CURVE('',#3019,#3027,#3031,.T.);
#3033=ORIENTED_EDGE('',*,*,#3032,.T.);
#3034=CARTESIAN_POINT('',(17.61,-5.595690733,-1.));
#3035=VERTEX_POINT('',#3034);
#3036=CARTESIAN_POINT('',(17.605,-5.925652852,-1.));
#3037=DIRECTION('',(-0.,0.,1.));
#3038=DIRECTION('',(0.,1.,-0.));
#3039=AXIS2_PLACEMENT_3D('',#3036,#3037,#3038);
#3040=CIRCLE('',#3039,0.33);
#3041=EDGE_CURVE('',#3027,#3035,#3040,.T.);
#3042=ORIENTED_EDGE('',*,*,#3041,.T.);
#3043=CARTESIAN_POINT('',(17.285,-5.925652852,-1.));
#3044=VERTEX_POINT('',#3043);
#3045=CARTESIAN_POINT('',(17.615,-5.925652852,-1.));
#3046=DIRECTION('',(-0.,0.,1.));
#3047=DIRECTION('',(0.,1.,-0.));
#3048=AXIS2_PLACEMENT_3D('',#3045,#3046,#3047);
#3049=CIRCLE('',#3048,0.33);
#3050=EDGE_CURVE('',#3035,#3044,#3049,.T.);
#3051=ORIENTED_EDGE('',*,*,#3050,.T.);
#3052=CARTESIAN_POINT('',(17.285,-6.3,-1.));
#3053=VERTEX_POINT('',#3052);
#3054=CARTESIAN_POINT('',(17.285,-5.925652852,-1.));
#3055=DIRECTION('',(-0.,-1.,0.));
#3056=VECTOR('',#3055,0.374347148);
#3057=LINE('',#3054,#3056);
#3058=EDGE_CURVE('',#3044,#3053,#3057,.T.);
#3059=ORIENTED_EDGE('',*,*,#3058,.T.);
#3060=CARTESIAN_POINT('',(16.435,-6.3,-1.));
#3061=VERTEX_POINT('',#3060);
#3062=CARTESIAN_POINT('',(16.435,-6.3,-1.));
#3063=DIRECTION('',(1.,0.,-0.));
#3064=VECTOR('',#3063,0.85);
#3065=LINE('',#3062,#3064);
#3066=EDGE_CURVE('',#3061,#3053,#3065,.T.);
#3067=ORIENTED_EDGE('',*,*,#3066,.F.);
#3068=CARTESIAN_POINT('',(16.435,-5.925652852,-1.));
#3069=VERTEX_POINT('',#3068);
#3070=CARTESIAN_POINT('',(16.435,-6.3,-1.));
#3071=DIRECTION('',(0.,1.,-0.));
#3072=VECTOR('',#3071,0.374347148);
#3073=LINE('',#3070,#3072);
#3074=EDGE_CURVE('',#3061,#3069,#3073,.T.);
#3075=ORIENTED_EDGE('',*,*,#3074,.T.);
#3076=CARTESIAN_POINT('',(16.11,-5.595690733,-1.));
#3077=VERTEX_POINT('',#3076);
#3078=CARTESIAN_POINT('',(16.105,-5.925652852,-1.));
#3079=DIRECTION('',(-0.,0.,1.));
#3080=DIRECTION('',(0.,1.,-0.));
#3081=AXIS2_PLACEMENT_3D('',#3078,#3079,#3080);
#3082=CIRCLE('',#3081,0.33);
#3083=EDGE_CURVE('',#3069,#3077,#3082,.T.);
#3084=ORIENTED_EDGE('',*,*,#3083,.T.);
#3085=CARTESIAN_POINT('',(15.785,-5.925652852,-1.));
#3086=VERTEX_POINT('',#3085);
#3087=CARTESIAN_POINT('',(16.115,-5.925652852,-1.));
#3088=DIRECTION('',(-0.,0.,1.));
#3089=DIRECTION('',(0.,1.,-0.));
#3090=AXIS2_PLACEMENT_3D('',#3087,#3088,#3089);
#3091=CIRCLE('',#3090,0.33);
#3092=EDGE_CURVE('',#3077,#3086,#3091,.T.);
#3093=ORIENTED_EDGE('',*,*,#3092,.T.);
#3094=CARTESIAN_POINT('',(15.785,-6.3,-1.));
#3095=VERTEX_POINT('',#3094);
#3096=CARTESIAN_POINT('',(15.785,-5.925652852,-1.));
#3097=DIRECTION('',(-0.,-1.,0.));
#3098=VECTOR('',#3097,0.374347148);
#3099=LINE('',#3096,#3098);
#3100=EDGE_CURVE('',#3086,#3095,#3099,.T.);
#3101=ORIENTED_EDGE('',*,*,#3100,.T.);
#3102=CARTESIAN_POINT('',(14.935,-6.3,-1.));
#3103=VERTEX_POINT('',#3102);
#3104=CARTESIAN_POINT('',(14.935,-6.3,-1.));
#3105=DIRECTION('',(1.,0.,-0.));
#3106=VECTOR('',#3105,0.85);
#3107=LINE('',#3104,#3106);
#3108=EDGE_CURVE('',#3103,#3095,#3107,.T.);
#3109=ORIENTED_EDGE('',*,*,#3108,.F.);
#3110=CARTESIAN_POINT('',(14.935,-5.925652852,-1.));
#3111=VERTEX_POINT('',#3110);
#3112=CARTESIAN_POINT('',(14.935,-6.3,-1.));
#3113=DIRECTION('',(0.,1.,-0.));
#3114=VECTOR('',#3113,0.374347148);
#3115=LINE('',#3112,#3114);
#3116=EDGE_CURVE('',#3103,#3111,#3115,.T.);
#3117=ORIENTED_EDGE('',*,*,#3116,.T.);
#3118=CARTESIAN_POINT('',(14.61,-5.595690733,-1.));
#3119=VERTEX_POINT('',#3118);
#3120=CARTESIAN_POINT('',(14.605,-5.925652852,-1.));
#3121=DIRECTION('',(-0.,0.,1.));
#3122=DIRECTION('',(0.,1.,-0.));
#3123=AXIS2_PLACEMENT_3D('',#3120,#3121,#3122);
#3124=CIRCLE('',#3123,0.33);
#3125=EDGE_CURVE('',#3111,#3119,#3124,.T.);
#3126=ORIENTED_EDGE('',*,*,#3125,.T.);
#3127=CARTESIAN_POINT('',(14.285,-5.925652852,-1.));
#3128=VERTEX_POINT('',#3127);
#3129=CARTESIAN_POINT('',(14.615,-5.925652852,-1.));
#3130=DIRECTION('',(-0.,0.,1.));
#3131=DIRECTION('',(0.,1.,-0.));
#3132=AXIS2_PLACEMENT_3D('',#3129,#3130,#3131);
#3133=CIRCLE('',#3132,0.33);
#3134=EDGE_CURVE('',#3119,#3128,#3133,.T.);
#3135=ORIENTED_EDGE('',*,*,#3134,.T.);
#3136=CARTESIAN_POINT('',(14.285,-6.3,-1.));
#3137=VERTEX_POINT('',#3136);
#3138=CARTESIAN_POINT('',(14.285,-5.925652852,-1.));
#3139=DIRECTION('',(-0.,-1.,0.));
#3140=VECTOR('',#3139,0.374347148);
#3141=LINE('',#3138,#3140);
#3142=EDGE_CURVE('',#3128,#3137,#3141,.T.);
#3143=ORIENTED_EDGE('',*,*,#3142,.T.);
#3144=CARTESIAN_POINT('',(13.435,-6.3,-1.));
#3145=VERTEX_POINT('',#3144);
#3146=CARTESIAN_POINT('',(13.435,-6.3,-1.));
#3147=DIRECTION('',(1.,0.,-0.));
#3148=VECTOR('',#3147,0.85);
#3149=LINE('',#3146,#3148);
#3150=EDGE_CURVE('',#3145,#3137,#3149,.T.);
#3151=ORIENTED_EDGE('',*,*,#3150,.F.);
#3152=CARTESIAN_POINT('',(13.435,-5.925652852,-1.));
#3153=VERTEX_POINT('',#3152);
#3154=CARTESIAN_POINT('',(13.435,-6.3,-1.));
#3155=DIRECTION('',(0.,1.,-0.));
#3156=VECTOR('',#3155,0.374347148);
#3157=LINE('',#3154,#3156);
#3158=EDGE_CURVE('',#3145,#3153,#3157,.T.);
#3159=ORIENTED_EDGE('',*,*,#3158,.T.);
#3160=CARTESIAN_POINT('',(13.11,-5.595690733,-1.));
#3161=VERTEX_POINT('',#3160);
#3162=CARTESIAN_POINT('',(13.105,-5.925652852,-1.));
#3163=DIRECTION('',(-0.,0.,1.));
#3164=DIRECTION('',(0.,1.,-0.));
#3165=AXIS2_PLACEMENT_3D('',#3162,#3163,#3164);
#3166=CIRCLE('',#3165,0.33);
#3167=EDGE_CURVE('',#3153,#3161,#3166,.T.);
#3168=ORIENTED_EDGE('',*,*,#3167,.T.);
#3169=CARTESIAN_POINT('',(12.785,-5.925652852,-1.));
#3170=VERTEX_POINT('',#3169);
#3171=CARTESIAN_POINT('',(13.115,-5.925652852,-1.));
#3172=DIRECTION('',(-0.,0.,1.));
#3173=DIRECTION('',(0.,1.,-0.));
#3174=AXIS2_PLACEMENT_3D('',#3171,#3172,#3173);
#3175=CIRCLE('',#3174,0.33);
#3176=EDGE_CURVE('',#3161,#3170,#3175,.T.);
#3177=ORIENTED_EDGE('',*,*,#3176,.T.);
#3178=CARTESIAN_POINT('',(12.785,-6.3,-1.));
#3179=VERTEX_POINT('',#3178);
#3180=CARTESIAN_POINT('',(12.785,-5.925652852,-1.));
#3181=DIRECTION('',(-0.,-1.,0.));
#3182=VECTOR('',#3181,0.374347148);
#3183=LINE('',#3180,#3182);
#3184=EDGE_CURVE('',#3170,#3179,#3183,.T.);
#3185=ORIENTED_EDGE('',*,*,#3184,.T.);
#3186=CARTESIAN_POINT('',(11.935,-6.3,-1.));
#3187=VERTEX_POINT('',#3186);
#3188=CARTESIAN_POINT('',(11.935,-6.3,-1.));
#3189=DIRECTION('',(1.,0.,-0.));
#3190=VECTOR('',#3189,0.85);
#3191=LINE('',#3188,#3190);
#3192=EDGE_CURVE('',#3187,#3179,#3191,.T.);
#3193=ORIENTED_EDGE('',*,*,#3192,.F.);
#3194=CARTESIAN_POINT('',(11.935,-5.925652852,-1.));
#3195=VERTEX_POINT('',#3194);
#3196=CARTESIAN_POINT('',(11.935,-6.3,-1.));
#3197=DIRECTION('',(0.,1.,-0.));
#3198=VECTOR('',#3197,0.374347148);
#3199=LINE('',#3196,#3198);
#3200=EDGE_CURVE('',#3187,#3195,#3199,.T.);
#3201=ORIENTED_EDGE('',*,*,#3200,.T.);
#3202=CARTESIAN_POINT('',(11.61,-5.595690733,-1.));
#3203=VERTEX_POINT('',#3202);
#3204=CARTESIAN_POINT('',(11.605,-5.925652852,-1.));
#3205=DIRECTION('',(-0.,0.,1.));
#3206=DIRECTION('',(0.,1.,-0.));
#3207=AXIS2_PLACEMENT_3D('',#3204,#3205,#3206);
#3208=CIRCLE('',#3207,0.33);
#3209=EDGE_CURVE('',#3195,#3203,#3208,.T.);
#3210=ORIENTED_EDGE('',*,*,#3209,.T.);
#3211=CARTESIAN_POINT('',(11.285,-5.925652852,-1.));
#3212=VERTEX_POINT('',#3211);
#3213=CARTESIAN_POINT('',(11.615,-5.925652852,-1.));
#3214=DIRECTION('',(-0.,0.,1.));
#3215=DIRECTION('',(0.,1.,-0.));
#3216=AXIS2_PLACEMENT_3D('',#3213,#3214,#3215);
#3217=CIRCLE('',#3216,0.33);
#3218=EDGE_CURVE('',#3203,#3212,#3217,.T.);
#3219=ORIENTED_EDGE('',*,*,#3218,.T.);
#3220=CARTESIAN_POINT('',(11.285,-6.3,-1.));
#3221=VERTEX_POINT('',#3220);
#3222=CARTESIAN_POINT('',(11.285,-5.925652852,-1.));
#3223=DIRECTION('',(-0.,-1.,0.));
#3224=VECTOR('',#3223,0.374347148);
#3225=LINE('',#3222,#3224);
#3226=EDGE_CURVE('',#3212,#3221,#3225,.T.);
#3227=ORIENTED_EDGE('',*,*,#3226,.T.);
#3228=CARTESIAN_POINT('',(10.435,-6.3,-1.));
#3229=VERTEX_POINT('',#3228);
#3230=CARTESIAN_POINT('',(10.435,-6.3,-1.));
#3231=DIRECTION('',(1.,0.,-0.));
#3232=VECTOR('',#3231,0.85);
#3233=LINE('',#3230,#3232);
#3234=EDGE_CURVE('',#3229,#3221,#3233,.T.);
#3235=ORIENTED_EDGE('',*,*,#3234,.F.);
#3236=CARTESIAN_POINT('',(10.435,-5.925652852,-1.));
#3237=VERTEX_POINT('',#3236);
#3238=CARTESIAN_POINT('',(10.435,-6.3,-1.));
#3239=DIRECTION('',(0.,1.,-0.));
#3240=VECTOR('',#3239,0.374347148);
#3241=LINE('',#3238,#3240);
#3242=EDGE_CURVE('',#3229,#3237,#3241,.T.);
#3243=ORIENTED_EDGE('',*,*,#3242,.T.);
#3244=CARTESIAN_POINT('',(10.11,-5.595690733,-1.));
#3245=VERTEX_POINT('',#3244);
#3246=CARTESIAN_POINT('',(10.105,-5.925652852,-1.));
#3247=DIRECTION('',(-0.,0.,1.));
#3248=DIRECTION('',(0.,1.,-0.));
#3249=AXIS2_PLACEMENT_3D('',#3246,#3247,#3248);
#3250=CIRCLE('',#3249,0.33);
#3251=EDGE_CURVE('',#3237,#3245,#3250,.T.);
#3252=ORIENTED_EDGE('',*,*,#3251,.T.);
#3253=CARTESIAN_POINT('',(9.785,-5.925652852,-1.));
#3254=VERTEX_POINT('',#3253);
#3255=CARTESIAN_POINT('',(10.115,-5.925652852,-1.));
#3256=DIRECTION('',(-0.,0.,1.));
#3257=DIRECTION('',(0.,1.,-0.));
#3258=AXIS2_PLACEMENT_3D('',#3255,#3256,#3257);
#3259=CIRCLE('',#3258,0.33);
#3260=EDGE_CURVE('',#3245,#3254,#3259,.T.);
#3261=ORIENTED_EDGE('',*,*,#3260,.T.);
#3262=CARTESIAN_POINT('',(9.785,-6.3,-1.));
#3263=VERTEX_POINT('',#3262);
#3264=CARTESIAN_POINT('',(9.785,-5.925652852,-1.));
#3265=DIRECTION('',(-0.,-1.,0.));
#3266=VECTOR('',#3265,0.374347148);
#3267=LINE('',#3264,#3266);
#3268=EDGE_CURVE('',#3254,#3263,#3267,.T.);
#3269=ORIENTED_EDGE('',*,*,#3268,.T.);
#3270=CARTESIAN_POINT('',(8.935,-6.3,-1.));
#3271=VERTEX_POINT('',#3270);
#3272=CARTESIAN_POINT('',(8.935,-6.3,-1.));
#3273=DIRECTION('',(1.,0.,-0.));
#3274=VECTOR('',#3273,0.85);
#3275=LINE('',#3272,#3274);
#3276=EDGE_CURVE('',#3271,#3263,#3275,.T.);
#3277=ORIENTED_EDGE('',*,*,#3276,.F.);
#3278=CARTESIAN_POINT('',(8.935,-5.925652852,-1.));
#3279=VERTEX_POINT('',#3278);
#3280=CARTESIAN_POINT('',(8.935,-6.3,-1.));
#3281=DIRECTION('',(0.,1.,-0.));
#3282=VECTOR('',#3281,0.374347148);
#3283=LINE('',#3280,#3282);
#3284=EDGE_CURVE('',#3271,#3279,#3283,.T.);
#3285=ORIENTED_EDGE('',*,*,#3284,.T.);
#3286=CARTESIAN_POINT('',(8.61,-5.595690733,-1.));
#3287=VERTEX_POINT('',#3286);
#3288=CARTESIAN_POINT('',(8.605,-5.925652852,-1.));
#3289=DIRECTION('',(-0.,0.,1.));
#3290=DIRECTION('',(0.,1.,-0.));
#3291=AXIS2_PLACEMENT_3D('',#3288,#3289,#3290);
#3292=CIRCLE('',#3291,0.33);
#3293=EDGE_CURVE('',#3279,#3287,#3292,.T.);
#3294=ORIENTED_EDGE('',*,*,#3293,.T.);
#3295=CARTESIAN_POINT('',(8.285,-5.925652852,-1.));
#3296=VERTEX_POINT('',#3295);
#3297=CARTESIAN_POINT('',(8.615,-5.925652852,-1.));
#3298=DIRECTION('',(-0.,0.,1.));
#3299=DIRECTION('',(0.,1.,-0.));
#3300=AXIS2_PLACEMENT_3D('',#3297,#3298,#3299);
#3301=CIRCLE('',#3300,0.33);
#3302=EDGE_CURVE('',#3287,#3296,#3301,.T.);
#3303=ORIENTED_EDGE('',*,*,#3302,.T.);
#3304=CARTESIAN_POINT('',(8.285,-6.3,-1.));
#3305=VERTEX_POINT('',#3304);
#3306=CARTESIAN_POINT('',(8.285,-5.925652852,-1.));
#3307=DIRECTION('',(-0.,-1.,0.));
#3308=VECTOR('',#3307,0.374347148);
#3309=LINE('',#3306,#3308);
#3310=EDGE_CURVE('',#3296,#3305,#3309,.T.);
#3311=ORIENTED_EDGE('',*,*,#3310,.T.);
#3312=CARTESIAN_POINT('',(7.435,-6.3,-1.));
#3313=VERTEX_POINT('',#3312);
#3314=CARTESIAN_POINT('',(7.435,-6.3,-1.));
#3315=DIRECTION('',(1.,0.,-0.));
#3316=VECTOR('',#3315,0.85);
#3317=LINE('',#3314,#3316);
#3318=EDGE_CURVE('',#3313,#3305,#3317,.T.);
#3319=ORIENTED_EDGE('',*,*,#3318,.F.);
#3320=CARTESIAN_POINT('',(7.435,-5.925652852,-1.));
#3321=VERTEX_POINT('',#3320);
#3322=CARTESIAN_POINT('',(7.435,-6.3,-1.));
#3323=DIRECTION('',(0.,1.,-0.));
#3324=VECTOR('',#3323,0.374347148);
#3325=LINE('',#3322,#3324);
#3326=EDGE_CURVE('',#3313,#3321,#3325,.T.);
#3327=ORIENTED_EDGE('',*,*,#3326,.T.);
#3328=CARTESIAN_POINT('',(7.11,-5.595690733,-1.));
#3329=VERTEX_POINT('',#3328);
#3330=CARTESIAN_POINT('',(7.105,-5.925652852,-1.));
#3331=DIRECTION('',(-0.,0.,1.));
#3332=DIRECTION('',(0.,1.,-0.));
#3333=AXIS2_PLACEMENT_3D('',#3330,#3331,#3332);
#3334=CIRCLE('',#3333,0.33);
#3335=EDGE_CURVE('',#3321,#3329,#3334,.T.);
#3336=ORIENTED_EDGE('',*,*,#3335,.T.);
#3337=CARTESIAN_POINT('',(6.785,-5.925652852,-1.));
#3338=VERTEX_POINT('',#3337);
#3339=CARTESIAN_POINT('',(7.115,-5.925652852,-1.));
#3340=DIRECTION('',(-0.,0.,1.));
#3341=DIRECTION('',(0.,1.,-0.));
#3342=AXIS2_PLACEMENT_3D('',#3339,#3340,#3341);
#3343=CIRCLE('',#3342,0.33);
#3344=EDGE_CURVE('',#3329,#3338,#3343,.T.);
#3345=ORIENTED_EDGE('',*,*,#3344,.T.);
#3346=CARTESIAN_POINT('',(6.785,-6.3,-1.));
#3347=VERTEX_POINT('',#3346);
#3348=CARTESIAN_POINT('',(6.785,-5.925652852,-1.));
#3349=DIRECTION('',(-0.,-1.,0.));
#3350=VECTOR('',#3349,0.374347148);
#3351=LINE('',#3348,#3350);
#3352=EDGE_CURVE('',#3338,#3347,#3351,.T.);
#3353=ORIENTED_EDGE('',*,*,#3352,.T.);
#3354=CARTESIAN_POINT('',(-0.040026948,-6.3,-1.));
#3355=DIRECTION('',(1.,0.,-0.));
#3356=VECTOR('',#3355,6.825026948);
#3357=LINE('',#3354,#3356);
#3358=EDGE_CURVE('',#2058,#3347,#3357,.T.);
#3359=ORIENTED_EDGE('',*,*,#3358,.F.);
#3360=EDGE_LOOP('',(#2066,#2074,#2082,#2091,#2100,#2108,#2116,#2124,#2133,#2142,#2150,#2158,#2166,#2175,#2184,#2192,#2200,#2208,#2217,#2226,#2234,#2242,#2250,#2259,#2268,#2276,
#2284,#2292,#2301,#2310,#2318,#2326,#2334,#2343,#2352,#2360,#2368,#2376,#2385,#2394,#2402,#2410,#2418,#2427,#2436,#2444,#2452,#2460,#2469,#2478,#2486,
#2494,#2502,#2511,#2520,#2528,#2536,#2544,#2553,#2562,#2568,#2569,#2577,#2586,#2595,#2603,#2611,#2619,#2628,#2637,#2645,#2653,#2661,#2670,#2679,#2687,
#2695,#2703,#2711,#2719,#2727,#2735,#2743,#2751,#2759,#2767,#2775,#2783,#2791,#2799,#2807,#2816,#2825,#2833,#2841,#2849,#2857,#2865,#2874,#2883,#2891,
#2899,#2907,#2916,#2925,#2933,#2941,#2949,#2958,#2967,#2975,#2983,#2991,#3000,#3009,#3017,#3025,#3033,#3042,#3051,#3059,#3067,#3075,#3084,#3093,#3101,
#3109,#3117,#3126,#3135,#3143,#3151,#3159,#3168,#3177,#3185,#3193,#3201,#3210,#3219,#3227,#3235,#3243,#3252,#3261,#3269,#3277,#3285,#3294,#3303,#3311,
#3319,#3327,#3336,#3345,#3353,#3359));
#3361=FACE_BOUND('',#3360,.T.);
#3362=ADVANCED_FACE('',(#3361),#2056,.F.);
#3363=OVER_RIDING_STYLED_ITEM('',(#1986),#3362,#89);
#3364=CARTESIAN_POINT('',(0.71,6.7,-1.));
#3365=DIRECTION('',(-0.,1.,-0.));
#3366=DIRECTION('',(1.,0.,-0.));
#3367=AXIS2_PLACEMENT_3D('',#3364,#3365,#3366);
#3368=PLANE('',#3367);
#3369=CARTESIAN_POINT('',(26.899767062,6.7,-0.999986066));
#3370=VERTEX_POINT('',#3369);
#3371=CARTESIAN_POINT('',(26.899767062,6.7,-0.999986066));
#3372=DIRECTION('',(-0.,0.,1.));
#3373=VECTOR('',#3372,0.799986066);
#3374=LINE('',#3371,#3373);
#3375=EDGE_CURVE('',#3370,#1222,#3374,.T.);
#3376=ORIENTED_EDGE('',*,*,#3375,.F.);
#3377=CARTESIAN_POINT('',(25.87,6.7,-0.999986066));
#3378=VERTEX_POINT('',#3377);
#3379=CARTESIAN_POINT('',(25.87,6.7,-0.999986066));
#3380=DIRECTION('',(1.,0.,-0.));
#3381=VECTOR('',#3380,1.029767062);
#3382=LINE('',#3379,#3381);
#3383=EDGE_CURVE('',#3378,#3370,#3382,.T.);
#3384=ORIENTED_EDGE('',*,*,#3383,.F.);
#3385=CARTESIAN_POINT('',(25.87,6.7,-1.));
#3386=DIRECTION('',(0.,0.,1.));
#3387=VECTOR('',#3386,0.000013934);
#3388=LINE('',#3385,#3387);
#3389=EDGE_CURVE('',#2689,#3378,#3388,.T.);
#3390=ORIENTED_EDGE('',*,*,#3389,.F.);
#3391=ORIENTED_EDGE('',*,*,#2694,.F.);
#3392=CARTESIAN_POINT('',(25.435,6.7,-0.3));
#3393=VERTEX_POINT('',#3392);
#3394=CARTESIAN_POINT('',(25.435,6.7,-1.));
#3395=DIRECTION('',(0.,0.,1.));
#3396=VECTOR('',#3395,0.7);
#3397=LINE('',#3394,#3396);
#3398=EDGE_CURVE('',#2681,#3393,#3397,.T.);
#3399=ORIENTED_EDGE('',*,*,#3398,.T.);
#3400=CARTESIAN_POINT('',(25.51,6.7,-0.3));
#3401=VERTEX_POINT('',#3400);
#3402=CARTESIAN_POINT('',(25.435,6.7,-0.3));
#3403=DIRECTION('',(1.,0.,-0.));
#3404=VECTOR('',#3403,0.075);
#3405=LINE('',#3402,#3404);
#3406=EDGE_CURVE('',#3393,#3401,#3405,.T.);
#3407=ORIENTED_EDGE('',*,*,#3406,.T.);
#3408=CARTESIAN_POINT('',(25.51,6.7,-0.3));
#3409=DIRECTION('',(0.,0.,1.));
#3410=VECTOR('',#3409,0.1);
#3411=LINE('',#3408,#3410);
#3412=EDGE_CURVE('NONE',#3401,#1230,#3411,.T.);
#3413=ORIENTED_EDGE('',*,*,#3412,.T.);
#3414=ORIENTED_EDGE('',*,*,#1235,.T.);
#3415=EDGE_LOOP('',(#3376,#3384,#3390,#3391,#3399,#3407,#3413,#3414));
#3416=FACE_BOUND('',#3415,.T.);
#3417=ADVANCED_FACE('',(#3416),#3368,.T.);
#3418=OVER_RIDING_STYLED_ITEM('',(#1986),#3417,#89);
#3419=CARTESIAN_POINT('',(11.61,-6.3,-0.3));
#3420=DIRECTION('',(0.,0.,1.));
#3421=DIRECTION('',(0.,-1.,0.));
#3422=AXIS2_PLACEMENT_3D('',#3419,#3420,#3421);
#3423=PLANE('',#3422);
#3424=CARTESIAN_POINT('',(11.285,-6.3,-0.3));
#3425=VERTEX_POINT('',#3424);
#3426=CARTESIAN_POINT('',(11.285,-5.925652852,-0.3));
#3427=VERTEX_POINT('',#3426);
#3428=CARTESIAN_POINT('',(11.285,-6.3,-0.3));
#3429=DIRECTION('',(0.,1.,-0.));
#3430=VECTOR('',#3429,0.374347148);
#3431=LINE('',#3428,#3430);
#3432=EDGE_CURVE('',#3425,#3427,#3431,.T.);
#3433=ORIENTED_EDGE('',*,*,#3432,.T.);
#3434=CARTESIAN_POINT('',(11.61,-5.595690733,-0.3));
#3435=VERTEX_POINT('',#3434);
#3436=CARTESIAN_POINT('',(11.615,-5.925652852,-0.3));
#3437=DIRECTION('',(-0.,-0.,-1.));
#3438=DIRECTION('',(0.,-1.,0.));
#3439=AXIS2_PLACEMENT_3D('',#3436,#3437,#3438);
#3440=CIRCLE('',#3439,0.33);
#3441=EDGE_CURVE('',#3427,#3435,#3440,.T.);
#3442=ORIENTED_EDGE('',*,*,#3441,.T.);
#3443=CARTESIAN_POINT('',(11.935,-5.925652852,-0.3));
#3444=VERTEX_POINT('',#3443);
#3445=CARTESIAN_POINT('',(11.605,-5.925652852,-0.3));
#3446=DIRECTION('',(-0.,-0.,-1.));
#3447=DIRECTION('',(0.,-1.,0.));
#3448=AXIS2_PLACEMENT_3D('',#3445,#3446,#3447);
#3449=CIRCLE('',#3448,0.33);
#3450=EDGE_CURVE('',#3435,#3444,#3449,.T.);
#3451=ORIENTED_EDGE('',*,*,#3450,.T.);
#3452=CARTESIAN_POINT('',(11.935,-6.3,-0.3));
#3453=VERTEX_POINT('',#3452);
#3454=CARTESIAN_POINT('',(11.935,-5.925652852,-0.3));
#3455=DIRECTION('',(-0.,-1.,0.));
#3456=VECTOR('',#3455,0.374347148);
#3457=LINE('',#3454,#3456);
#3458=EDGE_CURVE('',#3444,#3453,#3457,.T.);
#3459=ORIENTED_EDGE('',*,*,#3458,.T.);
#3460=CARTESIAN_POINT('',(12.01,-6.3,-0.3));
#3461=VERTEX_POINT('',#3460);
#3462=CARTESIAN_POINT('',(11.935,-6.3,-0.3));
#3463=DIRECTION('',(1.,0.,-0.));
#3464=VECTOR('',#3463,0.075);
#3465=LINE('',#3462,#3464);
#3466=EDGE_CURVE('',#3453,#3461,#3465,.T.);
#3467=ORIENTED_EDGE('',*,*,#3466,.T.);
#3468=CARTESIAN_POINT('',(12.01,-5.69,-0.3));
#3469=VERTEX_POINT('',#3468);
#3470=CARTESIAN_POINT('',(12.01,-6.3,-0.3));
#3471=DIRECTION('',(-0.,1.,-0.));
#3472=VECTOR('',#3471,0.61);
#3473=LINE('',#3470,#3472);
#3474=EDGE_CURVE('NONE',#3461,#3469,#3473,.T.);
#3475=ORIENTED_EDGE('',*,*,#3474,.T.);
#3476=CARTESIAN_POINT('',(11.62,-5.3,-0.3));
#3477=VERTEX_POINT('',#3476);
#3478=CARTESIAN_POINT('',(11.62,-5.69,-0.3));
#3479=DIRECTION('',(0.,0.,1.));
#3480=DIRECTION('',(0.,-1.,0.));
#3481=AXIS2_PLACEMENT_3D('',#3478,#3479,#3480);
#3482=CIRCLE('',#3481,0.39);
#3483=EDGE_CURVE('',#3469,#3477,#3482,.T.);
#3484=ORIENTED_EDGE('',*,*,#3483,.T.);
#3485=CARTESIAN_POINT('',(11.6,-5.3,-0.3));
#3486=VERTEX_POINT('',#3485);
#3487=CARTESIAN_POINT('',(11.6,-5.3,-0.3));
#3488=DIRECTION('',(1.,-0.,0.));
#3489=VECTOR('',#3488,0.02);
#3490=LINE('',#3487,#3489);
#3491=EDGE_CURVE('',#3486,#3477,#3490,.T.);
#3492=ORIENTED_EDGE('',*,*,#3491,.F.);
#3493=CARTESIAN_POINT('',(11.21,-5.69,-0.3));
#3494=VERTEX_POINT('',#3493);
#3495=CARTESIAN_POINT('',(11.6,-5.69,-0.3));
#3496=DIRECTION('',(0.,0.,1.));
#3497=DIRECTION('',(0.,-1.,0.));
#3498=AXIS2_PLACEMENT_3D('',#3495,#3496,#3497);
#3499=CIRCLE('',#3498,0.39);
#3500=EDGE_CURVE('',#3486,#3494,#3499,.T.);
#3501=ORIENTED_EDGE('',*,*,#3500,.T.);
#3502=CARTESIAN_POINT('',(11.21,-6.3,-0.3));
#3503=VERTEX_POINT('',#3502);
#3504=CARTESIAN_POINT('',(11.21,-5.69,-0.3));
#3505=DIRECTION('',(0.,-1.,0.));
#3506=VECTOR('',#3505,0.61);
#3507=LINE('',#3504,#3506);
#3508=EDGE_CURVE('',#3494,#3503,#3507,.T.);
#3509=ORIENTED_EDGE('',*,*,#3508,.T.);
#3510=CARTESIAN_POINT('',(11.21,-6.3,-0.3));
#3511=DIRECTION('',(1.,0.,-0.));
#3512=VECTOR('',#3511,0.075);
#3513=LINE('',#3510,#3512);
#3514=EDGE_CURVE('NONE',#3503,#3425,#3513,.T.);
#3515=ORIENTED_EDGE('',*,*,#3514,.T.);
#3516=EDGE_LOOP('',(#3433,#3442,#3451,#3459,#3467,#3475,#3484,#3492,#3501,#3509,#3515));
#3517=FACE_BOUND('',#3516,.T.);
#3518=ADVANCED_FACE('',(#3517),#3423,.T.);
#3519=CARTESIAN_POINT('',(11.285,-6.3,-1.8));
#3520=DIRECTION('',(1.,-0.,0.));
#3521=DIRECTION('',(0.,1.,0.));
#3522=AXIS2_PLACEMENT_3D('',#3519,#3520,#3521);
#3523=PLANE('',#3522);
#3524=ORIENTED_EDGE('',*,*,#3226,.F.);
#3525=CARTESIAN_POINT('',(11.285,-5.925652852,-1.));
#3526=DIRECTION('',(0.,0.,1.));
#3527=VECTOR('',#3526,0.7);
#3528=LINE('',#3525,#3527);
#3529=EDGE_CURVE('',#3212,#3427,#3528,.T.);
#3530=ORIENTED_EDGE('',*,*,#3529,.T.);
#3531=ORIENTED_EDGE('',*,*,#3432,.F.);
#3532=CARTESIAN_POINT('',(11.285,-6.3,-1.));
#3533=DIRECTION('',(0.,0.,1.));
#3534=VECTOR('',#3533,0.7);
#3535=LINE('',#3532,#3534);
#3536=EDGE_CURVE('',#3221,#3425,#3535,.T.);
#3537=ORIENTED_EDGE('',*,*,#3536,.F.);
#3538=EDGE_LOOP('',(#3524,#3530,#3531,#3537));
#3539=FACE_BOUND('',#3538,.T.);
#3540=ADVANCED_FACE('',(#3539),#3523,.T.);
#3541=CARTESIAN_POINT('',(11.615,-5.925652852,-1.8));
#3542=DIRECTION('',(0.,-0.,-1.));
#3543=DIRECTION('',(0.,1.,-0.));
#3544=AXIS2_PLACEMENT_3D('',#3541,#3542,#3543);
#3545=CYLINDRICAL_SURFACE('',#3544,0.33);
#3546=ORIENTED_EDGE('',*,*,#3529,.F.);
#3547=ORIENTED_EDGE('',*,*,#3218,.F.);
#3548=CARTESIAN_POINT('',(11.61,-5.595690733,-0.3));
#3549=DIRECTION('',(0.,-0.,-1.));
#3550=VECTOR('',#3549,0.7);
#3551=LINE('',#3548,#3550);
#3552=EDGE_CURVE('',#3435,#3203,#3551,.T.);
#3553=ORIENTED_EDGE('',*,*,#3552,.F.);
#3554=ORIENTED_EDGE('',*,*,#3441,.F.);
#3555=EDGE_LOOP('',(#3546,#3547,#3553,#3554));
#3556=FACE_BOUND('',#3555,.T.);
#3557=ADVANCED_FACE('',(#3556),#3545,.F.);
#3558=CARTESIAN_POINT('',(11.605,-5.925652852,-1.8));
#3559=DIRECTION('',(-0.,-0.,-1.));
#3560=DIRECTION('',(0.,1.,-0.));
#3561=AXIS2_PLACEMENT_3D('',#3558,#3559,#3560);
#3562=CYLINDRICAL_SURFACE('',#3561,0.33);
#3563=ORIENTED_EDGE('',*,*,#3209,.F.);
#3564=CARTESIAN_POINT('',(11.935,-5.925652852,-0.3));
#3565=DIRECTION('',(-0.,-0.,-1.));
#3566=VECTOR('',#3565,0.7);
#3567=LINE('',#3564,#3566);
#3568=EDGE_CURVE('',#3444,#3195,#3567,.T.);
#3569=ORIENTED_EDGE('',*,*,#3568,.F.);
#3570=ORIENTED_EDGE('',*,*,#3450,.F.);
#3571=ORIENTED_EDGE('',*,*,#3552,.T.);
#3572=EDGE_LOOP('',(#3563,#3569,#3570,#3571));
#3573=FACE_BOUND('',#3572,.T.);
#3574=ADVANCED_FACE('',(#3573),#3562,.F.);
#3575=CARTESIAN_POINT('',(11.935,-6.3,-1.8));
#3576=DIRECTION('',(-1.,0.,-0.));
#3577=DIRECTION('',(-0.,-1.,0.));
#3578=AXIS2_PLACEMENT_3D('',#3575,#3576,#3577);
#3579=PLANE('',#3578);
#3580=ORIENTED_EDGE('',*,*,#3458,.F.);
#3581=ORIENTED_EDGE('',*,*,#3568,.T.);
#3582=ORIENTED_EDGE('',*,*,#3200,.F.);
#3583=CARTESIAN_POINT('',(11.935,-6.3,-1.));
#3584=DIRECTION('',(0.,0.,1.));
#3585=VECTOR('',#3584,0.7);
#3586=LINE('',#3583,#3585);
#3587=EDGE_CURVE('',#3187,#3453,#3586,.T.);
#3588=ORIENTED_EDGE('',*,*,#3587,.T.);
#3589=EDGE_LOOP('',(#3580,#3581,#3582,#3588));
#3590=FACE_BOUND('',#3589,.T.);
#3591=ADVANCED_FACE('',(#3590),#3579,.T.);
#3592=CARTESIAN_POINT('',(12.01,-6.,-0.3));
#3593=DIRECTION('',(1.,0.,-0.));
#3594=DIRECTION('',(-0.,1.,-0.));
#3595=AXIS2_PLACEMENT_3D('',#3592,#3593,#3594);
#3596=PLANE('',#3595);
#3597=ORIENTED_EDGE('',*,*,#345,.T.);
#3598=CARTESIAN_POINT('',(12.01,-5.69,-0.2));
#3599=DIRECTION('',(-0.,-0.,-1.));
#3600=VECTOR('',#3599,0.1);
#3601=LINE('',#3598,#3600);
#3602=EDGE_CURVE('',#331,#3469,#3601,.T.);
#3603=ORIENTED_EDGE('',*,*,#3602,.T.);
#3604=ORIENTED_EDGE('',*,*,#3474,.F.);
#3605=CARTESIAN_POINT('',(12.01,-6.3,-0.3));
#3606=DIRECTION('',(0.,0.,1.));
#3607=VECTOR('',#3606,0.1);
#3608=LINE('',#3605,#3607);
#3609=EDGE_CURVE('NONE',#3461,#340,#3608,.T.);
#3610=ORIENTED_EDGE('',*,*,#3609,.T.);
#3611=EDGE_LOOP('',(#3597,#3603,#3604,#3610));
#3612=FACE_BOUND('',#3611,.T.);
#3613=ADVANCED_FACE('NONE',(#3612),#3596,.F.);
#3614=CARTESIAN_POINT('',(11.62,-5.69,-0.3));
#3615=DIRECTION('',(0.,0.,1.));
#3616=DIRECTION('',(0.,-1.,0.));
#3617=AXIS2_PLACEMENT_3D('',#3614,#3615,#3616);
#3618=CYLINDRICAL_SURFACE('',#3617,0.39);
#3619=ORIENTED_EDGE('',*,*,#3483,.F.);
#3620=ORIENTED_EDGE('',*,*,#3602,.F.);
#3621=ORIENTED_EDGE('',*,*,#337,.F.);
#3622=CARTESIAN_POINT('',(11.62,-5.3,-0.3));
#3623=DIRECTION('',(0.,0.,1.));
#3624=VECTOR('',#3623,0.1);
#3625=LINE('',#3622,#3624);
#3626=EDGE_CURVE('',#3477,#323,#3625,.T.);
#3627=ORIENTED_EDGE('',*,*,#3626,.F.);
#3628=EDGE_LOOP('',(#3619,#3620,#3621,#3627));
#3629=FACE_BOUND('',#3628,.T.);
#3630=ADVANCED_FACE('',(#3629),#3618,.F.);
#3631=CARTESIAN_POINT('',(4.71,-5.3,-0.3));
#3632=DIRECTION('',(-0.,-1.,0.));
#3633=DIRECTION('',(1.,-0.,0.));
#3634=AXIS2_PLACEMENT_3D('',#3631,#3632,#3633);
#3635=PLANE('',#3634);
#3636=ORIENTED_EDGE('',*,*,#3491,.T.);
#3637=ORIENTED_EDGE('',*,*,#3626,.T.);
#3638=ORIENTED_EDGE('',*,*,#328,.F.);
#3639=CARTESIAN_POINT('',(11.6,-5.3,-0.2));
#3640=DIRECTION('',(-0.,-0.,-1.));
#3641=VECTOR('',#3640,0.1);
#3642=LINE('',#3639,#3641);
#3643=EDGE_CURVE('',#314,#3486,#3642,.T.);
#3644=ORIENTED_EDGE('',*,*,#3643,.T.);
#3645=EDGE_LOOP('',(#3636,#3637,#3638,#3644));
#3646=FACE_BOUND('',#3645,.T.);
#3647=ADVANCED_FACE('',(#3646),#3635,.T.);
#3648=CARTESIAN_POINT('',(11.6,-5.69,-0.3));
#3649=DIRECTION('',(0.,0.,1.));
#3650=DIRECTION('',(0.,-1.,0.));
#3651=AXIS2_PLACEMENT_3D('',#3648,#3649,#3650);
#3652=CYLINDRICAL_SURFACE('',#3651,0.39);
#3653=ORIENTED_EDGE('',*,*,#3500,.F.);
#3654=ORIENTED_EDGE('',*,*,#3643,.F.);
#3655=ORIENTED_EDGE('',*,*,#320,.F.);
#3656=CARTESIAN_POINT('',(11.21,-5.69,-0.3));
#3657=DIRECTION('',(0.,0.,1.));
#3658=VECTOR('',#3657,0.1);
#3659=LINE('',#3656,#3658);
#3660=EDGE_CURVE('',#3494,#306,#3659,.T.);
#3661=ORIENTED_EDGE('',*,*,#3660,.F.);
#3662=EDGE_LOOP('',(#3653,#3654,#3655,#3661));
#3663=FACE_BOUND('',#3662,.T.);
#3664=ADVANCED_FACE('',(#3663),#3652,.F.);
#3665=CARTESIAN_POINT('',(11.21,-6.,-0.3));
#3666=DIRECTION('',(-1.,0.,0.));
#3667=DIRECTION('',(0.,-1.,0.));
#3668=AXIS2_PLACEMENT_3D('',#3665,#3666,#3667);
#3669=PLANE('',#3668);
#3670=ORIENTED_EDGE('',*,*,#3508,.F.);
#3671=ORIENTED_EDGE('',*,*,#3660,.T.);
#3672=ORIENTED_EDGE('',*,*,#311,.T.);
#3673=CARTESIAN_POINT('',(11.21,-6.3,-0.3));
#3674=DIRECTION('',(0.,0.,1.));
#3675=VECTOR('',#3674,0.1);
#3676=LINE('',#3673,#3675);
#3677=EDGE_CURVE('NONE',#3503,#298,#3676,.T.);
#3678=ORIENTED_EDGE('',*,*,#3677,.F.);
#3679=EDGE_LOOP('',(#3670,#3671,#3672,#3678));
#3680=FACE_BOUND('',#3679,.T.);
#3681=ADVANCED_FACE('NONE',(#3680),#3669,.F.);
#3682=CARTESIAN_POINT('',(-12.79,-6.3,-1.));
#3683=DIRECTION('',(0.,-1.,0.));
#3684=DIRECTION('',(1.,0.,0.));
#3685=AXIS2_PLACEMENT_3D('',#3682,#3683,#3684);
#3686=PLANE('',#3685);
#3687=ORIENTED_EDGE('',*,*,#3192,.T.);
#3688=CARTESIAN_POINT('',(12.785,-6.3,-0.3));
#3689=VERTEX_POINT('',#3688);
#3690=CARTESIAN_POINT('',(12.785,-6.3,-1.));
#3691=DIRECTION('',(0.,0.,1.));
#3692=VECTOR('',#3691,0.7);
#3693=LINE('',#3690,#3692);
#3694=EDGE_CURVE('',#3179,#3689,#3693,.T.);
#3695=ORIENTED_EDGE('',*,*,#3694,.T.);
#3696=CARTESIAN_POINT('',(12.71,-6.3,-0.3));
#3697=VERTEX_POINT('',#3696);
#3698=CARTESIAN_POINT('',(12.71,-6.3,-0.3));
#3699=DIRECTION('',(1.,0.,-0.));
#3700=VECTOR('',#3699,0.075);
#3701=LINE('',#3698,#3700);
#3702=EDGE_CURVE('NONE',#3697,#3689,#3701,.T.);
#3703=ORIENTED_EDGE('',*,*,#3702,.F.);
#3704=CARTESIAN_POINT('',(12.71,-6.3,-0.3));
#3705=DIRECTION('',(0.,0.,1.));
#3706=VECTOR('',#3705,0.1);
#3707=LINE('',#3704,#3706);
#3708=EDGE_CURVE('NONE',#3697,#348,#3707,.T.);
#3709=ORIENTED_EDGE('',*,*,#3708,.T.);
#3710=ORIENTED_EDGE('',*,*,#353,.F.);
#3711=ORIENTED_EDGE('',*,*,#3609,.F.);
#3712=ORIENTED_EDGE('',*,*,#3466,.F.);
#3713=ORIENTED_EDGE('',*,*,#3587,.F.);
#3714=EDGE_LOOP('',(#3687,#3695,#3703,#3709,#3710,#3711,#3712,#3713));
#3715=FACE_BOUND('',#3714,.T.);
#3716=ADVANCED_FACE('',(#3715),#3686,.T.);
#3717=OVER_RIDING_STYLED_ITEM('',(#1986),#3716,#89);
#3718=CARTESIAN_POINT('',(8.61,6.7,-0.3));
#3719=DIRECTION('',(0.,0.,1.));
#3720=DIRECTION('',(-0.,1.,-0.));
#3721=AXIS2_PLACEMENT_3D('',#3718,#3719,#3720);
#3722=PLANE('',#3721);
#3723=CARTESIAN_POINT('',(8.285,6.7,-0.3));
#3724=VERTEX_POINT('',#3723);
#3725=CARTESIAN_POINT('',(8.285,6.325652852,-0.3));
#3726=VERTEX_POINT('',#3725);
#3727=CARTESIAN_POINT('',(8.285,6.7,-0.3));
#3728=DIRECTION('',(0.,-1.,0.));
#3729=VECTOR('',#3728,0.374347148);
#3730=LINE('',#3727,#3729);
#3731=EDGE_CURVE('',#3724,#3726,#3730,.T.);
#3732=ORIENTED_EDGE('',*,*,#3731,.F.);
#3733=CARTESIAN_POINT('',(8.21,6.7,-0.3));
#3734=VERTEX_POINT('',#3733);
#3735=CARTESIAN_POINT('',(8.21,6.7,-0.3));
#3736=DIRECTION('',(1.,0.,-0.));
#3737=VECTOR('',#3736,0.075);
#3738=LINE('',#3735,#3737);
#3739=EDGE_CURVE('NONE',#3734,#3724,#3738,.T.);
#3740=ORIENTED_EDGE('',*,*,#3739,.F.);
#3741=CARTESIAN_POINT('',(8.21,6.09,-0.3));
#3742=VERTEX_POINT('',#3741);
#3743=CARTESIAN_POINT('',(8.21,6.09,-0.3));
#3744=DIRECTION('',(-0.,1.,-0.));
#3745=VECTOR('',#3744,0.61);
#3746=LINE('',#3743,#3745);
#3747=EDGE_CURVE('',#3742,#3734,#3746,.T.);
#3748=ORIENTED_EDGE('',*,*,#3747,.F.);
#3749=CARTESIAN_POINT('',(8.6,5.7,-0.3));
#3750=VERTEX_POINT('',#3749);
#3751=CARTESIAN_POINT('',(8.6,6.09,-0.3));
#3752=DIRECTION('',(0.,-0.,-1.));
#3753=DIRECTION('',(-0.,1.,-0.));
#3754=AXIS2_PLACEMENT_3D('',#3751,#3752,#3753);
#3755=CIRCLE('',#3754,0.39);
#3756=EDGE_CURVE('',#3750,#3742,#3755,.T.);
#3757=ORIENTED_EDGE('',*,*,#3756,.F.);
#3758=CARTESIAN_POINT('',(8.62,5.7,-0.3));
#3759=VERTEX_POINT('',#3758);
#3760=CARTESIAN_POINT('',(8.6,5.7,-0.3));
#3761=DIRECTION('',(1.,0.,-0.));
#3762=VECTOR('',#3761,0.02);
#3763=LINE('',#3760,#3762);
#3764=EDGE_CURVE('',#3750,#3759,#3763,.T.);
#3765=ORIENTED_EDGE('',*,*,#3764,.T.);
#3766=CARTESIAN_POINT('',(9.01,6.09,-0.3));
#3767=VERTEX_POINT('',#3766);
#3768=CARTESIAN_POINT('',(8.62,6.09,-0.3));
#3769=DIRECTION('',(0.,-0.,-1.));
#3770=DIRECTION('',(-0.,1.,-0.));
#3771=AXIS2_PLACEMENT_3D('',#3768,#3769,#3770);
#3772=CIRCLE('',#3771,0.39);
#3773=EDGE_CURVE('',#3767,#3759,#3772,.T.);
#3774=ORIENTED_EDGE('',*,*,#3773,.F.);
#3775=CARTESIAN_POINT('',(9.01,6.7,-0.3));
#3776=VERTEX_POINT('',#3775);
#3777=CARTESIAN_POINT('',(9.01,6.7,-0.3));
#3778=DIRECTION('',(0.,-1.,0.));
#3779=VECTOR('',#3778,0.61);
#3780=LINE('',#3777,#3779);
#3781=EDGE_CURVE('NONE',#3776,#3767,#3780,.T.);
#3782=ORIENTED_EDGE('',*,*,#3781,.F.);
#3783=CARTESIAN_POINT('',(8.935,6.7,-0.3));
#3784=VERTEX_POINT('',#3783);
#3785=CARTESIAN_POINT('',(8.935,6.7,-0.3));
#3786=DIRECTION('',(1.,0.,-0.));
#3787=VECTOR('',#3786,0.075);
#3788=LINE('',#3785,#3787);
#3789=EDGE_CURVE('',#3784,#3776,#3788,.T.);
#3790=ORIENTED_EDGE('',*,*,#3789,.F.);
#3791=CARTESIAN_POINT('',(8.935,6.325652852,-0.3));
#3792=VERTEX_POINT('',#3791);
#3793=CARTESIAN_POINT('',(8.935,6.325652852,-0.3));
#3794=DIRECTION('',(-0.,1.,-0.));
#3795=VECTOR('',#3794,0.374347148);
#3796=LINE('',#3793,#3795);
#3797=EDGE_CURVE('',#3792,#3784,#3796,.T.);
#3798=ORIENTED_EDGE('',*,*,#3797,.F.);
#3799=CARTESIAN_POINT('',(8.61,5.995690733,-0.3));
#3800=VERTEX_POINT('',#3799);
#3801=CARTESIAN_POINT('',(8.605,6.325652852,-0.3));
#3802=DIRECTION('',(-0.,0.,1.));
#3803=DIRECTION('',(-0.,1.,-0.));
#3804=AXIS2_PLACEMENT_3D('',#3801,#3802,#3803);
#3805=CIRCLE('',#3804,0.33);
#3806=EDGE_CURVE('',#3800,#3792,#3805,.T.);
#3807=ORIENTED_EDGE('',*,*,#3806,.F.);
#3808=CARTESIAN_POINT('',(8.615,6.325652852,-0.3));
#3809=DIRECTION('',(-0.,0.,1.));
#3810=DIRECTION('',(-0.,1.,-0.));
#3811=AXIS2_PLACEMENT_3D('',#3808,#3809,#3810);
#3812=CIRCLE('',#3811,0.33);
#3813=EDGE_CURVE('',#3726,#3800,#3812,.T.);
#3814=ORIENTED_EDGE('',*,*,#3813,.F.);
#3815=EDGE_LOOP('',(#3732,#3740,#3748,#3757,#3765,#3774,#3782,#3790,#3798,#3807,#3814));
#3816=FACE_BOUND('',#3815,.T.);
#3817=ADVANCED_FACE('',(#3816),#3722,.T.);
#3818=CARTESIAN_POINT('',(8.285,6.7,-1.8));
#3819=DIRECTION('',(1.,0.,-0.));
#3820=DIRECTION('',(0.,-1.,0.));
#3821=AXIS2_PLACEMENT_3D('',#3818,#3819,#3820);
#3822=PLANE('',#3821);
#3823=ORIENTED_EDGE('',*,*,#2207,.T.);
#3824=CARTESIAN_POINT('',(8.285,6.7,-1.));
#3825=DIRECTION('',(0.,0.,1.));
#3826=VECTOR('',#3825,0.7);
#3827=LINE('',#3824,#3826);
#3828=EDGE_CURVE('',#2194,#3724,#3827,.T.);
#3829=ORIENTED_EDGE('',*,*,#3828,.T.);
#3830=ORIENTED_EDGE('',*,*,#3731,.T.);
#3831=CARTESIAN_POINT('',(8.285,6.325652852,-1.));
#3832=DIRECTION('',(0.,0.,1.));
#3833=VECTOR('',#3832,0.7);
#3834=LINE('',#3831,#3833);
#3835=EDGE_CURVE('',#2202,#3726,#3834,.T.);
#3836=ORIENTED_EDGE('',*,*,#3835,.F.);
#3837=EDGE_LOOP('',(#3823,#3829,#3830,#3836));
#3838=FACE_BOUND('',#3837,.T.);
#3839=ADVANCED_FACE('',(#3838),#3822,.T.);
#3840=CARTESIAN_POINT('',(8.615,6.325652852,-1.8));
#3841=DIRECTION('',(0.,-0.,-1.));
#3842=DIRECTION('',(0.,-1.,0.));
#3843=AXIS2_PLACEMENT_3D('',#3840,#3841,#3842);
#3844=CYLINDRICAL_SURFACE('',#3843,0.33);
#3845=ORIENTED_EDGE('',*,*,#3835,.T.);
#3846=ORIENTED_EDGE('',*,*,#3813,.T.);
#3847=CARTESIAN_POINT('',(8.61,5.995690733,-0.3));
#3848=DIRECTION('',(0.,-0.,-1.));
#3849=VECTOR('',#3848,0.7);
#3850=LINE('',#3847,#3849);
#3851=EDGE_CURVE('',#3800,#2210,#3850,.T.);
#3852=ORIENTED_EDGE('',*,*,#3851,.T.);
#3853=ORIENTED_EDGE('',*,*,#2216,.T.);
#3854=EDGE_LOOP('',(#3845,#3846,#3852,#3853));
#3855=FACE_BOUND('',#3854,.T.);
#3856=ADVANCED_FACE('',(#3855),#3844,.F.);
#3857=CARTESIAN_POINT('',(8.605,6.325652852,-1.8));
#3858=DIRECTION('',(0.,-0.,-1.));
#3859=DIRECTION('',(0.,-1.,0.));
#3860=AXIS2_PLACEMENT_3D('',#3857,#3858,#3859);
#3861=CYLINDRICAL_SURFACE('',#3860,0.33);
#3862=ORIENTED_EDGE('',*,*,#2225,.T.);
#3863=ORIENTED_EDGE('',*,*,#3851,.F.);
#3864=ORIENTED_EDGE('',*,*,#3806,.T.);
#3865=CARTESIAN_POINT('',(8.935,6.325652852,-0.3));
#3866=DIRECTION('',(-0.,-0.,-1.));
#3867=VECTOR('',#3866,0.7);
#3868=LINE('',#3865,#3867);
#3869=EDGE_CURVE('',#3792,#2219,#3868,.T.);
#3870=ORIENTED_EDGE('',*,*,#3869,.T.);
#3871=EDGE_LOOP('',(#3862,#3863,#3864,#3870));
#3872=FACE_BOUND('',#3871,.T.);
#3873=ADVANCED_FACE('',(#3872),#3861,.F.);
#3874=CARTESIAN_POINT('',(8.935,6.7,-1.8));
#3875=DIRECTION('',(-1.,-0.,0.));
#3876=DIRECTION('',(-0.,1.,-0.));
#3877=AXIS2_PLACEMENT_3D('',#3874,#3875,#3876);
#3878=PLANE('',#3877);
#3879=ORIENTED_EDGE('',*,*,#3797,.T.);
#3880=CARTESIAN_POINT('',(8.935,6.7,-1.));
#3881=DIRECTION('',(0.,0.,1.));
#3882=VECTOR('',#3881,0.7);
#3883=LINE('',#3880,#3882);
#3884=EDGE_CURVE('',#2228,#3784,#3883,.T.);
#3885=ORIENTED_EDGE('',*,*,#3884,.F.);
#3886=ORIENTED_EDGE('',*,*,#2233,.T.);
#3887=ORIENTED_EDGE('',*,*,#3869,.F.);
#3888=EDGE_LOOP('',(#3879,#3885,#3886,#3887));
#3889=FACE_BOUND('',#3888,.T.);
#3890=ADVANCED_FACE('',(#3889),#3878,.T.);
#3891=CARTESIAN_POINT('',(9.01,6.4,-0.3));
#3892=DIRECTION('',(1.,0.,-0.));
#3893=DIRECTION('',(0.,-1.,0.));
#3894=AXIS2_PLACEMENT_3D('',#3891,#3892,#3893);
#3895=PLANE('',#3894);
#3896=ORIENTED_EDGE('',*,*,#1793,.F.);
#3897=CARTESIAN_POINT('',(9.01,6.7,-0.3));
#3898=DIRECTION('',(0.,0.,1.));
#3899=VECTOR('',#3898,0.1);
#3900=LINE('',#3897,#3899);
#3901=EDGE_CURVE('NONE',#3776,#1780,#3900,.T.);
#3902=ORIENTED_EDGE('',*,*,#3901,.F.);
#3903=ORIENTED_EDGE('',*,*,#3781,.T.);
#3904=CARTESIAN_POINT('',(9.01,6.09,-0.2));
#3905=DIRECTION('',(-0.,-0.,-1.));
#3906=VECTOR('',#3905,0.1);
#3907=LINE('',#3904,#3906);
#3908=EDGE_CURVE('',#1788,#3767,#3907,.T.);
#3909=ORIENTED_EDGE('',*,*,#3908,.F.);
#3910=EDGE_LOOP('',(#3896,#3902,#3903,#3909));
#3911=FACE_BOUND('',#3910,.T.);
#3912=ADVANCED_FACE('NONE',(#3911),#3895,.F.);
#3913=CARTESIAN_POINT('',(8.62,6.09,-0.3));
#3914=DIRECTION('',(0.,0.,1.));
#3915=DIRECTION('',(-0.,1.,-0.));
#3916=AXIS2_PLACEMENT_3D('',#3913,#3914,#3915);
#3917=CYLINDRICAL_SURFACE('',#3916,0.39);
#3918=ORIENTED_EDGE('',*,*,#3773,.T.);
#3919=CARTESIAN_POINT('',(8.62,5.7,-0.3));
#3920=DIRECTION('',(0.,0.,1.));
#3921=VECTOR('',#3920,0.1);
#3922=LINE('',#3919,#3921);
#3923=EDGE_CURVE('',#3759,#1796,#3922,.T.);
#3924=ORIENTED_EDGE('',*,*,#3923,.T.);
#3925=ORIENTED_EDGE('',*,*,#1802,.T.);
#3926=ORIENTED_EDGE('',*,*,#3908,.T.);
#3927=EDGE_LOOP('',(#3918,#3924,#3925,#3926));
#3928=FACE_BOUND('',#3927,.T.);
#3929=ADVANCED_FACE('',(#3928),#3917,.F.);
#3930=CARTESIAN_POINT('',(1.71,5.7,-0.3));
#3931=DIRECTION('',(-0.,1.,-0.));
#3932=DIRECTION('',(1.,0.,-0.));
#3933=AXIS2_PLACEMENT_3D('',#3930,#3931,#3932);
#3934=PLANE('',#3933);
#3935=ORIENTED_EDGE('',*,*,#3764,.F.);
#3936=CARTESIAN_POINT('',(8.6,5.7,-0.2));
#3937=DIRECTION('',(-0.,-0.,-1.));
#3938=VECTOR('',#3937,0.1);
#3939=LINE('',#3936,#3938);
#3940=EDGE_CURVE('',#1805,#3750,#3939,.T.);
#3941=ORIENTED_EDGE('',*,*,#3940,.F.);
#3942=ORIENTED_EDGE('',*,*,#1810,.T.);
#3943=ORIENTED_EDGE('',*,*,#3923,.F.);
#3944=EDGE_LOOP('',(#3935,#3941,#3942,#3943));
#3945=FACE_BOUND('',#3944,.T.);
#3946=ADVANCED_FACE('',(#3945),#3934,.T.);
#3947=CARTESIAN_POINT('',(8.6,6.09,-0.3));
#3948=DIRECTION('',(0.,0.,1.));
#3949=DIRECTION('',(-0.,1.,-0.));
#3950=AXIS2_PLACEMENT_3D('',#3947,#3948,#3949);
#3951=CYLINDRICAL_SURFACE('',#3950,0.39);
#3952=ORIENTED_EDGE('',*,*,#3756,.T.);
#3953=CARTESIAN_POINT('',(8.21,6.09,-0.3));
#3954=DIRECTION('',(0.,0.,1.));
#3955=VECTOR('',#3954,0.1);
#3956=LINE('',#3953,#3955);
#3957=EDGE_CURVE('',#3742,#1813,#3956,.T.);
#3958=ORIENTED_EDGE('',*,*,#3957,.T.);
#3959=ORIENTED_EDGE('',*,*,#1819,.T.);
#3960=ORIENTED_EDGE('',*,*,#3940,.T.);
#3961=EDGE_LOOP('',(#3952,#3958,#3959,#3960));
#3962=FACE_BOUND('',#3961,.T.);
#3963=ADVANCED_FACE('',(#3962),#3951,.F.);
#3964=CARTESIAN_POINT('',(8.21,6.4,-0.3));
#3965=DIRECTION('',(-1.,-0.,0.));
#3966=DIRECTION('',(-0.,1.,-0.));
#3967=AXIS2_PLACEMENT_3D('',#3964,#3965,#3966);
#3968=PLANE('',#3967);
#3969=ORIENTED_EDGE('',*,*,#3747,.T.);
#3970=CARTESIAN_POINT('',(8.21,6.7,-0.3));
#3971=DIRECTION('',(0.,0.,1.));
#3972=VECTOR('',#3971,0.1);
#3973=LINE('',#3970,#3972);
#3974=EDGE_CURVE('NONE',#3734,#1822,#3973,.T.);
#3975=ORIENTED_EDGE('',*,*,#3974,.T.);
#3976=ORIENTED_EDGE('',*,*,#1827,.F.);
#3977=ORIENTED_EDGE('',*,*,#3957,.F.);
#3978=EDGE_LOOP('',(#3969,#3975,#3976,#3977));
#3979=FACE_BOUND('',#3978,.T.);
#3980=ADVANCED_FACE('NONE',(#3979),#3968,.F.);
#3981=CARTESIAN_POINT('',(-15.79,6.7,-1.));
#3982=DIRECTION('',(-0.,1.,-0.));
#3983=DIRECTION('',(1.,0.,-0.));
#3984=AXIS2_PLACEMENT_3D('',#3981,#3982,#3983);
#3985=PLANE('',#3984);
#3986=ORIENTED_EDGE('',*,*,#2241,.F.);
#3987=ORIENTED_EDGE('',*,*,#3884,.T.);
#3988=ORIENTED_EDGE('',*,*,#3789,.T.);
#3989=ORIENTED_EDGE('',*,*,#3901,.T.);
#3990=ORIENTED_EDGE('',*,*,#1785,.T.);
#3991=CARTESIAN_POINT('',(9.71,6.7,-0.3));
#3992=VERTEX_POINT('',#3991);
#3993=CARTESIAN_POINT('',(9.71,6.7,-0.3));
#3994=DIRECTION('',(0.,0.,1.));
#3995=VECTOR('',#3994,0.1);
#3996=LINE('',#3993,#3995);
#3997=EDGE_CURVE('NONE',#3992,#1772,#3996,.T.);
#3998=ORIENTED_EDGE('',*,*,#3997,.F.);
#3999=CARTESIAN_POINT('',(9.785,6.7,-0.3));
#4000=VERTEX_POINT('',#3999);
#4001=CARTESIAN_POINT('',(9.71,6.7,-0.3));
#4002=DIRECTION('',(1.,0.,-0.));
#4003=VECTOR('',#4002,0.075);
#4004=LINE('',#4001,#4003);
#4005=EDGE_CURVE('NONE',#3992,#4000,#4004,.T.);
#4006=ORIENTED_EDGE('',*,*,#4005,.T.);
#4007=CARTESIAN_POINT('',(9.785,6.7,-1.));
#4008=DIRECTION('',(0.,0.,1.));
#4009=VECTOR('',#4008,0.7);
#4010=LINE('',#4007,#4009);
#4011=EDGE_CURVE('',#2236,#4000,#4010,.T.);
#4012=ORIENTED_EDGE('',*,*,#4011,.F.);
#4013=EDGE_LOOP('',(#3986,#3987,#3988,#3989,#3990,#3998,#4006,#4012));
#4014=FACE_BOUND('',#4013,.T.);
#4015=ADVANCED_FACE('',(#4014),#3985,.T.);
#4016=OVER_RIDING_STYLED_ITEM('',(#1986),#4015,#89);
#4017=CARTESIAN_POINT('',(-15.79,6.7,-1.));
#4018=DIRECTION('',(-0.,1.,-0.));
#4019=DIRECTION('',(1.,0.,-0.));
#4020=AXIS2_PLACEMENT_3D('',#4017,#4018,#4019);
#4021=PLANE('',#4020);
#4022=ORIENTED_EDGE('',*,*,#3828,.F.);
#4023=ORIENTED_EDGE('',*,*,#2199,.F.);
#4024=CARTESIAN_POINT('',(7.435,6.7,-0.3));
#4025=VERTEX_POINT('',#4024);
#4026=CARTESIAN_POINT('',(7.435,6.7,-1.));
#4027=DIRECTION('',(0.,0.,1.));
#4028=VECTOR('',#4027,0.7);
#4029=LINE('',#4026,#4028);
#4030=EDGE_CURVE('',#2186,#4025,#4029,.T.);
#4031=ORIENTED_EDGE('',*,*,#4030,.T.);
#4032=CARTESIAN_POINT('',(7.51,6.7,-0.3));
#4033=VERTEX_POINT('',#4032);
#4034=CARTESIAN_POINT('',(7.435,6.7,-0.3));
#4035=DIRECTION('',(1.,0.,-0.));
#4036=VECTOR('',#4035,0.075);
#4037=LINE('',#4034,#4036);
#4038=EDGE_CURVE('',#4025,#4033,#4037,.T.);
#4039=ORIENTED_EDGE('',*,*,#4038,.T.);
#4040=CARTESIAN_POINT('',(7.51,6.7,-0.3));
#4041=DIRECTION('',(0.,0.,1.));
#4042=VECTOR('',#4041,0.1);
#4043=LINE('',#4040,#4042);
#4044=EDGE_CURVE('NONE',#4033,#1830,#4043,.T.);
#4045=ORIENTED_EDGE('',*,*,#4044,.T.);
#4046=ORIENTED_EDGE('',*,*,#1835,.T.);
#4047=ORIENTED_EDGE('',*,*,#3974,.F.);
#4048=ORIENTED_EDGE('',*,*,#3739,.T.);
#4049=EDGE_LOOP('',(#4022,#4023,#4031,#4039,#4045,#4046,#4047,#4048));
#4050=FACE_BOUND('',#4049,.T.);
#4051=ADVANCED_FACE('',(#4050),#4021,.T.);
#4052=OVER_RIDING_STYLED_ITEM('',(#1986),#4051,#89);
#4053=CARTESIAN_POINT('',(20.399767062,-18.949996268,-0.999986066));
#4054=DIRECTION('',(0.,-0.,-1.));
#4055=DIRECTION('',(-1.,0.,-0.));
#4056=AXIS2_PLACEMENT_3D('',#4053,#4054,#4055);
#4057=PLANE('',#4056);
#4058=ORIENTED_EDGE('',*,*,#2710,.F.);
#4059=CARTESIAN_POINT('',(25.87,5.687465877,-0.999986066));
#4060=DIRECTION('',(-0.,1.,-0.));
#4061=VECTOR('',#4060,1.012534123);
#4062=LINE('',#4059,#4061);
#4063=EDGE_CURVE('',#2697,#3378,#4062,.T.);
#4064=ORIENTED_EDGE('',*,*,#4063,.T.);
#4065=ORIENTED_EDGE('',*,*,#3383,.T.);
#4066=CARTESIAN_POINT('',(26.899767062,5.775003732,-0.999986066));
#4067=VERTEX_POINT('',#4066);
#4068=CARTESIAN_POINT('',(26.899767062,5.775003732,-0.999986066));
#4069=DIRECTION('',(0.,1.,-0.));
#4070=VECTOR('',#4069,0.924996268);
#4071=LINE('',#4068,#4070);
#4072=EDGE_CURVE('',#4067,#3370,#4071,.T.);
#4073=ORIENTED_EDGE('',*,*,#4072,.F.);
#4074=CARTESIAN_POINT('',(26.525419914,5.775003732,-0.999986066));
#4075=VERTEX_POINT('',#4074);
#4076=CARTESIAN_POINT('',(26.899767062,5.775003732,-0.999986066));
#4077=DIRECTION('',(-1.,0.,-0.));
#4078=VECTOR('',#4077,0.374347148);
#4079=LINE('',#4076,#4078);
#4080=EDGE_CURVE('',#4067,#4075,#4079,.T.);
#4081=ORIENTED_EDGE('',*,*,#4080,.T.);
#4082=CARTESIAN_POINT('',(26.195457795,5.450003732,-0.999986066));
#4083=VERTEX_POINT('',#4082);
#4084=CARTESIAN_POINT('',(26.525419914,5.445003732,-0.999986066));
#4085=DIRECTION('',(-0.,0.,1.));
#4086=DIRECTION('',(-1.,0.,-0.));
#4087=AXIS2_PLACEMENT_3D('',#4084,#4085,#4086);
#4088=CIRCLE('',#4087,0.33);
#4089=EDGE_CURVE('',#4075,#4083,#4088,.T.);
#4090=ORIENTED_EDGE('',*,*,#4089,.T.);
#4091=CARTESIAN_POINT('',(26.525419914,5.125003732,-0.999986066));
#4092=VERTEX_POINT('',#4091);
#4093=CARTESIAN_POINT('',(26.525419914,5.455003732,-0.999986066));
#4094=DIRECTION('',(-0.,0.,1.));
#4095=DIRECTION('',(-1.,0.,-0.));
#4096=AXIS2_PLACEMENT_3D('',#4093,#4094,#4095);
#4097=CIRCLE('',#4096,0.33);
#4098=EDGE_CURVE('',#4083,#4092,#4097,.T.);
#4099=ORIENTED_EDGE('',*,*,#4098,.T.);
#4100=CARTESIAN_POINT('',(26.899767062,5.125003732,-0.999986066));
#4101=VERTEX_POINT('',#4100);
#4102=CARTESIAN_POINT('',(26.525419914,5.125003732,-0.999986066));
#4103=DIRECTION('',(1.,-0.,0.));
#4104=VECTOR('',#4103,0.374347148);
#4105=LINE('',#4102,#4104);
#4106=EDGE_CURVE('',#4092,#4101,#4105,.T.);
#4107=ORIENTED_EDGE('',*,*,#4106,.T.);
#4108=CARTESIAN_POINT('',(26.899767062,4.275003732,-0.999986066));
#4109=VERTEX_POINT('',#4108);
#4110=CARTESIAN_POINT('',(26.899767062,4.275003732,-0.999986066));
#4111=DIRECTION('',(0.,1.,-0.));
#4112=VECTOR('',#4111,0.85);
#4113=LINE('',#4110,#4112);
#4114=EDGE_CURVE('',#4109,#4101,#4113,.T.);
#4115=ORIENTED_EDGE('',*,*,#4114,.F.);
#4116=CARTESIAN_POINT('',(26.525419914,4.275003732,-0.999986066));
#4117=VERTEX_POINT('',#4116);
#4118=CARTESIAN_POINT('',(26.899767062,4.275003732,-0.999986066));
#4119=DIRECTION('',(-1.,0.,-0.));
#4120=VECTOR('',#4119,0.374347148);
#4121=LINE('',#4118,#4120);
#4122=EDGE_CURVE('',#4109,#4117,#4121,.T.);
#4123=ORIENTED_EDGE('',*,*,#4122,.T.);
#4124=CARTESIAN_POINT('',(26.195457795,3.950003732,-0.999986066));
#4125=VERTEX_POINT('',#4124);
#4126=CARTESIAN_POINT('',(26.525419914,3.945003732,-0.999986066));
#4127=DIRECTION('',(-0.,0.,1.));
#4128=DIRECTION('',(-1.,0.,-0.));
#4129=AXIS2_PLACEMENT_3D('',#4126,#4127,#4128);
#4130=CIRCLE('',#4129,0.33);
#4131=EDGE_CURVE('',#4117,#4125,#4130,.T.);
#4132=ORIENTED_EDGE('',*,*,#4131,.T.);
#4133=CARTESIAN_POINT('',(26.525419914,3.625003732,-0.999986066));
#4134=VERTEX_POINT('',#4133);
#4135=CARTESIAN_POINT('',(26.525419914,3.955003732,-0.999986066));
#4136=DIRECTION('',(-0.,0.,1.));
#4137=DIRECTION('',(-1.,0.,-0.));
#4138=AXIS2_PLACEMENT_3D('',#4135,#4136,#4137);
#4139=CIRCLE('',#4138,0.33);
#4140=EDGE_CURVE('',#4125,#4134,#4139,.T.);
#4141=ORIENTED_EDGE('',*,*,#4140,.T.);
#4142=CARTESIAN_POINT('',(26.899767062,3.625003732,-0.999986066));
#4143=VERTEX_POINT('',#4142);
#4144=CARTESIAN_POINT('',(26.525419914,3.625003732,-0.999986066));
#4145=DIRECTION('',(1.,-0.,0.));
#4146=VECTOR('',#4145,0.374347148);
#4147=LINE('',#4144,#4146);
#4148=EDGE_CURVE('',#4134,#4143,#4147,.T.);
#4149=ORIENTED_EDGE('',*,*,#4148,.T.);
#4150=CARTESIAN_POINT('',(26.899767062,2.775003732,-0.999986066));
#4151=VERTEX_POINT('',#4150);
#4152=CARTESIAN_POINT('',(26.899767062,2.775003732,-0.999986066));
#4153=DIRECTION('',(0.,1.,-0.));
#4154=VECTOR('',#4153,0.85);
#4155=LINE('',#4152,#4154);
#4156=EDGE_CURVE('',#4151,#4143,#4155,.T.);
#4157=ORIENTED_EDGE('',*,*,#4156,.F.);
#4158=CARTESIAN_POINT('',(26.525419914,2.775003732,-0.999986066));
#4159=VERTEX_POINT('',#4158);
#4160=CARTESIAN_POINT('',(26.899767062,2.775003732,-0.999986066));
#4161=DIRECTION('',(-1.,0.,-0.));
#4162=VECTOR('',#4161,0.374347148);
#4163=LINE('',#4160,#4162);
#4164=EDGE_CURVE('',#4151,#4159,#4163,.T.);
#4165=ORIENTED_EDGE('',*,*,#4164,.T.);
#4166=CARTESIAN_POINT('',(26.195457795,2.450003732,-0.999986066));
#4167=VERTEX_POINT('',#4166);
#4168=CARTESIAN_POINT('',(26.525419914,2.445003732,-0.999986066));
#4169=DIRECTION('',(-0.,0.,1.));
#4170=DIRECTION('',(-1.,0.,-0.));
#4171=AXIS2_PLACEMENT_3D('',#4168,#4169,#4170);
#4172=CIRCLE('',#4171,0.33);
#4173=EDGE_CURVE('',#4159,#4167,#4172,.T.);
#4174=ORIENTED_EDGE('',*,*,#4173,.T.);
#4175=CARTESIAN_POINT('',(26.525419914,2.125003732,-0.999986066));
#4176=VERTEX_POINT('',#4175);
#4177=CARTESIAN_POINT('',(26.525419914,2.455003732,-0.999986066));
#4178=DIRECTION('',(-0.,0.,1.));
#4179=DIRECTION('',(-1.,0.,-0.));
#4180=AXIS2_PLACEMENT_3D('',#4177,#4178,#4179);
#4181=CIRCLE('',#4180,0.33);
#4182=EDGE_CURVE('',#4167,#4176,#4181,.T.);
#4183=ORIENTED_EDGE('',*,*,#4182,.T.);
#4184=CARTESIAN_POINT('',(26.899767062,2.125003732,-0.999986066));
#4185=VERTEX_POINT('',#4184);
#4186=CARTESIAN_POINT('',(26.525419914,2.125003732,-0.999986066));
#4187=DIRECTION('',(1.,-0.,0.));
#4188=VECTOR('',#4187,0.374347148);
#4189=LINE('',#4186,#4188);
#4190=EDGE_CURVE('',#4176,#4185,#4189,.T.);
#4191=ORIENTED_EDGE('',*,*,#4190,.T.);
#4192=CARTESIAN_POINT('',(26.899767062,1.275003732,-0.999986066));
#4193=VERTEX_POINT('',#4192);
#4194=CARTESIAN_POINT('',(26.899767062,1.275003732,-0.999986066));
#4195=DIRECTION('',(0.,1.,-0.));
#4196=VECTOR('',#4195,0.85);
#4197=LINE('',#4194,#4196);
#4198=EDGE_CURVE('',#4193,#4185,#4197,.T.);
#4199=ORIENTED_EDGE('',*,*,#4198,.F.);
#4200=CARTESIAN_POINT('',(26.525419914,1.275003732,-0.999986066));
#4201=VERTEX_POINT('',#4200);
#4202=CARTESIAN_POINT('',(26.899767062,1.275003732,-0.999986066));
#4203=DIRECTION('',(-1.,0.,-0.));
#4204=VECTOR('',#4203,0.374347148);
#4205=LINE('',#4202,#4204);
#4206=EDGE_CURVE('',#4193,#4201,#4205,.T.);
#4207=ORIENTED_EDGE('',*,*,#4206,.T.);
#4208=CARTESIAN_POINT('',(26.195457795,0.950003732,-0.999986066));
#4209=VERTEX_POINT('',#4208);
#4210=CARTESIAN_POINT('',(26.525419914,0.945003732,-0.999986066));
#4211=DIRECTION('',(-0.,0.,1.));
#4212=DIRECTION('',(-1.,0.,-0.));
#4213=AXIS2_PLACEMENT_3D('',#4210,#4211,#4212);
#4214=CIRCLE('',#4213,0.33);
#4215=EDGE_CURVE('',#4201,#4209,#4214,.T.);
#4216=ORIENTED_EDGE('',*,*,#4215,.T.);
#4217=CARTESIAN_POINT('',(26.525419914,0.625003732,-0.999986066));
#4218=VERTEX_POINT('',#4217);
#4219=CARTESIAN_POINT('',(26.525419914,0.955003732,-0.999986066));
#4220=DIRECTION('',(-0.,0.,1.));
#4221=DIRECTION('',(-1.,0.,-0.));
#4222=AXIS2_PLACEMENT_3D('',#4219,#4220,#4221);
#4223=CIRCLE('',#4222,0.33);
#4224=EDGE_CURVE('',#4209,#4218,#4223,.T.);
#4225=ORIENTED_EDGE('',*,*,#4224,.T.);
#4226=CARTESIAN_POINT('',(26.899767062,0.625003732,-0.999986066));
#4227=VERTEX_POINT('',#4226);
#4228=CARTESIAN_POINT('',(26.525419914,0.625003732,-0.999986066));
#4229=DIRECTION('',(1.,-0.,0.));
#4230=VECTOR('',#4229,0.374347148);
#4231=LINE('',#4228,#4230);
#4232=EDGE_CURVE('',#4218,#4227,#4231,.T.);
#4233=ORIENTED_EDGE('',*,*,#4232,.T.);
#4234=CARTESIAN_POINT('',(26.899767062,-0.224996268,-0.999986066));
#4235=VERTEX_POINT('',#4234);
#4236=CARTESIAN_POINT('',(26.899767062,-0.224996268,-0.999986066));
#4237=DIRECTION('',(0.,1.,-0.));
#4238=VECTOR('',#4237,0.85);
#4239=LINE('',#4236,#4238);
#4240=EDGE_CURVE('',#4235,#4227,#4239,.T.);
#4241=ORIENTED_EDGE('',*,*,#4240,.F.);
#4242=CARTESIAN_POINT('',(26.525419914,-0.224996268,-0.999986066));
#4243=VERTEX_POINT('',#4242);
#4244=CARTESIAN_POINT('',(26.899767062,-0.224996268,-0.999986066));
#4245=DIRECTION('',(-1.,0.,-0.));
#4246=VECTOR('',#4245,0.374347148);
#4247=LINE('',#4244,#4246);
#4248=EDGE_CURVE('',#4235,#4243,#4247,.T.);
#4249=ORIENTED_EDGE('',*,*,#4248,.T.);
#4250=CARTESIAN_POINT('',(26.195457795,-0.549996268,-0.999986066));
#4251=VERTEX_POINT('',#4250);
#4252=CARTESIAN_POINT('',(26.525419914,-0.554996268,-0.999986066));
#4253=DIRECTION('',(-0.,0.,1.));
#4254=DIRECTION('',(-1.,0.,-0.));
#4255=AXIS2_PLACEMENT_3D('',#4252,#4253,#4254);
#4256=CIRCLE('',#4255,0.33);
#4257=EDGE_CURVE('',#4243,#4251,#4256,.T.);
#4258=ORIENTED_EDGE('',*,*,#4257,.T.);
#4259=CARTESIAN_POINT('',(26.525419914,-0.874996268,-0.999986066));
#4260=VERTEX_POINT('',#4259);
#4261=CARTESIAN_POINT('',(26.525419914,-0.544996268,-0.999986066));
#4262=DIRECTION('',(-0.,0.,1.));
#4263=DIRECTION('',(-1.,0.,-0.));
#4264=AXIS2_PLACEMENT_3D('',#4261,#4262,#4263);
#4265=CIRCLE('',#4264,0.33);
#4266=EDGE_CURVE('',#4251,#4260,#4265,.T.);
#4267=ORIENTED_EDGE('',*,*,#4266,.T.);
#4268=CARTESIAN_POINT('',(26.899767062,-0.874996268,-0.999986066));
#4269=VERTEX_POINT('',#4268);
#4270=CARTESIAN_POINT('',(26.525419914,-0.874996268,-0.999986066));
#4271=DIRECTION('',(1.,-0.,0.));
#4272=VECTOR('',#4271,0.374347148);
#4273=LINE('',#4270,#4272);
#4274=EDGE_CURVE('',#4260,#4269,#4273,.T.);
#4275=ORIENTED_EDGE('',*,*,#4274,.T.);
#4276=CARTESIAN_POINT('',(26.899767062,-1.724996268,-0.999986066));
#4277=VERTEX_POINT('',#4276);
#4278=CARTESIAN_POINT('',(26.899767062,-1.724996268,-0.999986066));
#4279=DIRECTION('',(0.,1.,-0.));
#4280=VECTOR('',#4279,0.85);
#4281=LINE('',#4278,#4280);
#4282=EDGE_CURVE('',#4277,#4269,#4281,.T.);
#4283=ORIENTED_EDGE('',*,*,#4282,.F.);
#4284=CARTESIAN_POINT('',(26.525419914,-1.724996268,-0.999986066));
#4285=VERTEX_POINT('',#4284);
#4286=CARTESIAN_POINT('',(26.899767062,-1.724996268,-0.999986066));
#4287=DIRECTION('',(-1.,0.,-0.));
#4288=VECTOR('',#4287,0.374347148);
#4289=LINE('',#4286,#4288);
#4290=EDGE_CURVE('',#4277,#4285,#4289,.T.);
#4291=ORIENTED_EDGE('',*,*,#4290,.T.);
#4292=CARTESIAN_POINT('',(26.195457795,-2.049996268,-0.999986066));
#4293=VERTEX_POINT('',#4292);
#4294=CARTESIAN_POINT('',(26.525419914,-2.054996268,-0.999986066));
#4295=DIRECTION('',(-0.,0.,1.));
#4296=DIRECTION('',(-1.,0.,-0.));
#4297=AXIS2_PLACEMENT_3D('',#4294,#4295,#4296);
#4298=CIRCLE('',#4297,0.33);
#4299=EDGE_CURVE('',#4285,#4293,#4298,.T.);
#4300=ORIENTED_EDGE('',*,*,#4299,.T.);
#4301=CARTESIAN_POINT('',(26.525419914,-2.374996268,-0.999986066));
#4302=VERTEX_POINT('',#4301);
#4303=CARTESIAN_POINT('',(26.525419914,-2.044996268,-0.999986066));
#4304=DIRECTION('',(-0.,0.,1.));
#4305=DIRECTION('',(-1.,0.,-0.));
#4306=AXIS2_PLACEMENT_3D('',#4303,#4304,#4305);
#4307=CIRCLE('',#4306,0.33);
#4308=EDGE_CURVE('',#4293,#4302,#4307,.T.);
#4309=ORIENTED_EDGE('',*,*,#4308,.T.);
#4310=CARTESIAN_POINT('',(26.899767062,-2.374996268,-0.999986066));
#4311=VERTEX_POINT('',#4310);
#4312=CARTESIAN_POINT('',(26.525419914,-2.374996268,-0.999986066));
#4313=DIRECTION('',(1.,-0.,0.));
#4314=VECTOR('',#4313,0.374347148);
#4315=LINE('',#4312,#4314);
#4316=EDGE_CURVE('',#4302,#4311,#4315,.T.);
#4317=ORIENTED_EDGE('',*,*,#4316,.T.);
#4318=CARTESIAN_POINT('',(26.899767062,-3.224996268,-0.999986066));
#4319=VERTEX_POINT('',#4318);
#4320=CARTESIAN_POINT('',(26.899767062,-3.224996268,-0.999986066));
#4321=DIRECTION('',(0.,1.,-0.));
#4322=VECTOR('',#4321,0.85);
#4323=LINE('',#4320,#4322);
#4324=EDGE_CURVE('',#4319,#4311,#4323,.T.);
#4325=ORIENTED_EDGE('',*,*,#4324,.F.);
#4326=CARTESIAN_POINT('',(26.525419914,-3.224996268,-0.999986066));
#4327=VERTEX_POINT('',#4326);
#4328=CARTESIAN_POINT('',(26.899767062,-3.224996268,-0.999986066));
#4329=DIRECTION('',(-1.,0.,-0.));
#4330=VECTOR('',#4329,0.374347148);
#4331=LINE('',#4328,#4330);
#4332=EDGE_CURVE('',#4319,#4327,#4331,.T.);
#4333=ORIENTED_EDGE('',*,*,#4332,.T.);
#4334=CARTESIAN_POINT('',(26.195457795,-3.549996268,-0.999986066));
#4335=VERTEX_POINT('',#4334);
#4336=CARTESIAN_POINT('',(26.525419914,-3.554996268,-0.999986066));
#4337=DIRECTION('',(-0.,0.,1.));
#4338=DIRECTION('',(-1.,0.,-0.));
#4339=AXIS2_PLACEMENT_3D('',#4336,#4337,#4338);
#4340=CIRCLE('',#4339,0.33);
#4341=EDGE_CURVE('',#4327,#4335,#4340,.T.);
#4342=ORIENTED_EDGE('',*,*,#4341,.T.);
#4343=CARTESIAN_POINT('',(26.525419914,-3.874996268,-0.999986066));
#4344=VERTEX_POINT('',#4343);
#4345=CARTESIAN_POINT('',(26.525419914,-3.544996268,-0.999986066));
#4346=DIRECTION('',(-0.,0.,1.));
#4347=DIRECTION('',(-1.,0.,-0.));
#4348=AXIS2_PLACEMENT_3D('',#4345,#4346,#4347);
#4349=CIRCLE('',#4348,0.33);
#4350=EDGE_CURVE('',#4335,#4344,#4349,.T.);
#4351=ORIENTED_EDGE('',*,*,#4350,.T.);
#4352=CARTESIAN_POINT('',(26.899767062,-3.874996268,-0.999986066));
#4353=VERTEX_POINT('',#4352);
#4354=CARTESIAN_POINT('',(26.525419914,-3.874996268,-0.999986066));
#4355=DIRECTION('',(1.,-0.,0.));
#4356=VECTOR('',#4355,0.374347148);
#4357=LINE('',#4354,#4356);
#4358=EDGE_CURVE('',#4344,#4353,#4357,.T.);
#4359=ORIENTED_EDGE('',*,*,#4358,.T.);
#4360=CARTESIAN_POINT('',(26.899767062,-4.724996268,-0.999986066));
#4361=VERTEX_POINT('',#4360);
#4362=CARTESIAN_POINT('',(26.899767062,-4.724996268,-0.999986066));
#4363=DIRECTION('',(0.,1.,-0.));
#4364=VECTOR('',#4363,0.85);
#4365=LINE('',#4362,#4364);
#4366=EDGE_CURVE('',#4361,#4353,#4365,.T.);
#4367=ORIENTED_EDGE('',*,*,#4366,.F.);
#4368=CARTESIAN_POINT('',(26.525419914,-4.724996268,-0.999986066));
#4369=VERTEX_POINT('',#4368);
#4370=CARTESIAN_POINT('',(26.899767062,-4.724996268,-0.999986066));
#4371=DIRECTION('',(-1.,0.,-0.));
#4372=VECTOR('',#4371,0.374347148);
#4373=LINE('',#4370,#4372);
#4374=EDGE_CURVE('',#4361,#4369,#4373,.T.);
#4375=ORIENTED_EDGE('',*,*,#4374,.T.);
#4376=CARTESIAN_POINT('',(26.195457795,-5.049996268,-0.999986066));
#4377=VERTEX_POINT('',#4376);
#4378=CARTESIAN_POINT('',(26.525419914,-5.054996268,-0.999986066));
#4379=DIRECTION('',(-0.,0.,1.));
#4380=DIRECTION('',(-1.,0.,-0.));
#4381=AXIS2_PLACEMENT_3D('',#4378,#4379,#4380);
#4382=CIRCLE('',#4381,0.33);
#4383=EDGE_CURVE('',#4369,#4377,#4382,.T.);
#4384=ORIENTED_EDGE('',*,*,#4383,.T.);
#4385=CARTESIAN_POINT('',(26.525419914,-5.374996268,-0.999986066));
#4386=VERTEX_POINT('',#4385);
#4387=CARTESIAN_POINT('',(26.525419914,-5.044996268,-0.999986066));
#4388=DIRECTION('',(-0.,0.,1.));
#4389=DIRECTION('',(-1.,0.,-0.));
#4390=AXIS2_PLACEMENT_3D('',#4387,#4388,#4389);
#4391=CIRCLE('',#4390,0.33);
#4392=EDGE_CURVE('',#4377,#4386,#4391,.T.);
#4393=ORIENTED_EDGE('',*,*,#4392,.T.);
#4394=CARTESIAN_POINT('',(26.899767062,-5.374996268,-0.999986066));
#4395=VERTEX_POINT('',#4394);
#4396=CARTESIAN_POINT('',(26.525419914,-5.374996268,-0.999986066));
#4397=DIRECTION('',(1.,-0.,0.));
#4398=VECTOR('',#4397,0.374347148);
#4399=LINE('',#4396,#4398);
#4400=EDGE_CURVE('',#4386,#4395,#4399,.T.);
#4401=ORIENTED_EDGE('',*,*,#4400,.T.);
#4402=CARTESIAN_POINT('',(26.899767062,-6.3,-0.999986066));
#4403=VERTEX_POINT('',#4402);
#4404=CARTESIAN_POINT('',(26.899767062,-6.3,-0.999986066));
#4405=DIRECTION('',(0.,1.,-0.));
#4406=VECTOR('',#4405,0.925003732);
#4407=LINE('',#4404,#4406);
#4408=EDGE_CURVE('',#4403,#4395,#4407,.T.);
#4409=ORIENTED_EDGE('',*,*,#4408,.F.);
#4410=CARTESIAN_POINT('',(25.887,-6.3,-0.999986066));
#4411=VERTEX_POINT('',#4410);
#4412=CARTESIAN_POINT('',(25.887,-6.3,-0.999986066));
#4413=DIRECTION('',(1.,-0.,-0.));
#4414=VECTOR('',#4413,1.012767062);
#4415=LINE('',#4412,#4414);
#4416=EDGE_CURVE('',#4411,#4403,#4415,.T.);
#4417=ORIENTED_EDGE('',*,*,#4416,.F.);
#4418=CARTESIAN_POINT('',(25.887,-6.3,-0.999986066));
#4419=DIRECTION('',(0.,1.,-0.));
#4420=VECTOR('',#4419,1.012534123);
#4421=LINE('',#4418,#4420);
#4422=EDGE_CURVE('',#4411,#2777,#4421,.T.);
#4423=ORIENTED_EDGE('',*,*,#4422,.T.);
#4424=ORIENTED_EDGE('',*,*,#2782,.F.);
#4425=ORIENTED_EDGE('',*,*,#2774,.F.);
#4426=ORIENTED_EDGE('',*,*,#2766,.F.);
#4427=ORIENTED_EDGE('',*,*,#2758,.F.);
#4428=ORIENTED_EDGE('',*,*,#2750,.F.);
#4429=ORIENTED_EDGE('',*,*,#2742,.F.);
#4430=ORIENTED_EDGE('',*,*,#2734,.F.);
#4431=ORIENTED_EDGE('',*,*,#2726,.F.);
#4432=ORIENTED_EDGE('',*,*,#2718,.F.);
#4433=EDGE_LOOP('',(#4058,#4064,#4065,#4073,#4081,#4090,#4099,#4107,#4115,#4123,#4132,#4141,#4149,#4157,#4165,#4174,#4183,#4191,#4199,#4207,#4216,#4225,#4233,#4241,#4249,#4258,
#4267,#4275,#4283,#4291,#4300,#4309,#4317,#4325,#4333,#4342,#4351,#4359,#4367,#4375,#4384,#4393,#4401,#4409,#4417,#4423,#4424,#4425,#4426,#4427,#4428,
#4429,#4430,#4431,#4432));
#4434=FACE_BOUND('',#4433,.T.);
#4435=ADVANCED_FACE('',(#4434),#4057,.T.);
#4436=OVER_RIDING_STYLED_ITEM('',(#1986),#4435,#89);
#4437=CARTESIAN_POINT('',(26.899767062,5.450003732,-0.299986066));
#4438=DIRECTION('',(0.,0.,1.));
#4439=DIRECTION('',(1.,-0.,0.));
#4440=AXIS2_PLACEMENT_3D('',#4437,#4438,#4439);
#4441=PLANE('',#4440);
#4442=CARTESIAN_POINT('',(26.899767062,5.125003732,-0.299986066));
#4443=VERTEX_POINT('',#4442);
#4444=CARTESIAN_POINT('',(26.525419914,5.125003732,-0.299986066));
#4445=VERTEX_POINT('',#4444);
#4446=CARTESIAN_POINT('',(26.899767062,5.125003732,-0.299986066));
#4447=DIRECTION('',(-1.,0.,-0.));
#4448=VECTOR('',#4447,0.374347148);
#4449=LINE('',#4446,#4448);
#4450=EDGE_CURVE('',#4443,#4445,#4449,.T.);
#4451=ORIENTED_EDGE('',*,*,#4450,.T.);
#4452=CARTESIAN_POINT('',(26.195457795,5.450003732,-0.299986066));
#4453=VERTEX_POINT('',#4452);
#4454=CARTESIAN_POINT('',(26.525419914,5.455003732,-0.299986066));
#4455=DIRECTION('',(-0.,-0.,-1.));
#4456=DIRECTION('',(1.,-0.,0.));
#4457=AXIS2_PLACEMENT_3D('',#4454,#4455,#4456);
#4458=CIRCLE('',#4457,0.33);
#4459=EDGE_CURVE('',#4445,#4453,#4458,.T.);
#4460=ORIENTED_EDGE('',*,*,#4459,.T.);
#4461=CARTESIAN_POINT('',(26.525419914,5.775003732,-0.299986066));
#4462=VERTEX_POINT('',#4461);
#4463=CARTESIAN_POINT('',(26.525419914,5.445003732,-0.299986066));
#4464=DIRECTION('',(-0.,-0.,-1.));
#4465=DIRECTION('',(1.,-0.,0.));
#4466=AXIS2_PLACEMENT_3D('',#4463,#4464,#4465);
#4467=CIRCLE('',#4466,0.33);
#4468=EDGE_CURVE('',#4453,#4462,#4467,.T.);
#4469=ORIENTED_EDGE('',*,*,#4468,.T.);
#4470=CARTESIAN_POINT('',(26.899767062,5.775003732,-0.299986066));
#4471=VERTEX_POINT('',#4470);
#4472=CARTESIAN_POINT('',(26.525419914,5.775003732,-0.299986066));
#4473=DIRECTION('',(1.,-0.,0.));
#4474=VECTOR('',#4473,0.374347148);
#4475=LINE('',#4472,#4474);
#4476=EDGE_CURVE('',#4462,#4471,#4475,.T.);
#4477=ORIENTED_EDGE('',*,*,#4476,.T.);
#4478=CARTESIAN_POINT('',(26.899767062,5.850003732,-0.299986066));
#4479=VERTEX_POINT('',#4478);
#4480=CARTESIAN_POINT('',(26.899767062,5.775003732,-0.299986066));
#4481=DIRECTION('',(0.,1.,-0.));
#4482=VECTOR('',#4481,0.075);
#4483=LINE('',#4480,#4482);
#4484=EDGE_CURVE('',#4471,#4479,#4483,.T.);
#4485=ORIENTED_EDGE('',*,*,#4484,.T.);
#4486=CARTESIAN_POINT('',(26.289767062,5.850003732,-0.299986066));
#4487=VERTEX_POINT('',#4486);
#4488=CARTESIAN_POINT('',(26.899767062,5.850003732,-0.299986066));
#4489=DIRECTION('',(-1.,-0.,0.));
#4490=VECTOR('',#4489,0.61);
#4491=LINE('',#4488,#4490);
#4492=EDGE_CURVE('NONE',#4479,#4487,#4491,.T.);
#4493=ORIENTED_EDGE('',*,*,#4492,.T.);
#4494=CARTESIAN_POINT('',(25.899767062,5.460003732,-0.299986066));
#4495=VERTEX_POINT('',#4494);
#4496=CARTESIAN_POINT('',(26.289767062,5.460003732,-0.299986066));
#4497=DIRECTION('',(0.,0.,1.));
#4498=DIRECTION('',(1.,-0.,0.));
#4499=AXIS2_PLACEMENT_3D('',#4496,#4497,#4498);
#4500=CIRCLE('',#4499,0.39);
#4501=EDGE_CURVE('',#4487,#4495,#4500,.T.);
#4502=ORIENTED_EDGE('',*,*,#4501,.T.);
#4503=CARTESIAN_POINT('',(25.899767062,5.440003732,-0.299986066));
#4504=VERTEX_POINT('',#4503);
#4505=CARTESIAN_POINT('',(25.899767062,5.440003732,-0.299986066));
#4506=DIRECTION('',(0.,1.,-0.));
#4507=VECTOR('',#4506,0.02);
#4508=LINE('',#4505,#4507);
#4509=EDGE_CURVE('',#4504,#4495,#4508,.T.);
#4510=ORIENTED_EDGE('',*,*,#4509,.F.);
#4511=CARTESIAN_POINT('',(26.289767062,5.050003732,-0.299986066));
#4512=VERTEX_POINT('',#4511);
#4513=CARTESIAN_POINT('',(26.289767062,5.440003732,-0.299986066));
#4514=DIRECTION('',(0.,0.,1.));
#4515=DIRECTION('',(1.,-0.,0.));
#4516=AXIS2_PLACEMENT_3D('',#4513,#4514,#4515);
#4517=CIRCLE('',#4516,0.39);
#4518=EDGE_CURVE('',#4504,#4512,#4517,.T.);
#4519=ORIENTED_EDGE('',*,*,#4518,.T.);
#4520=CARTESIAN_POINT('',(26.899767062,5.050003732,-0.299986066));
#4521=VERTEX_POINT('',#4520);
#4522=CARTESIAN_POINT('',(26.289767062,5.050003732,-0.299986066));
#4523=DIRECTION('',(1.,-0.,0.));
#4524=VECTOR('',#4523,0.61);
#4525=LINE('',#4522,#4524);
#4526=EDGE_CURVE('',#4512,#4521,#4525,.T.);
#4527=ORIENTED_EDGE('',*,*,#4526,.T.);
#4528=CARTESIAN_POINT('',(26.899767062,5.050003732,-0.299986066));
#4529=DIRECTION('',(0.,1.,-0.));
#4530=VECTOR('',#4529,0.075);
#4531=LINE('',#4528,#4530);
#4532=EDGE_CURVE('NONE',#4521,#4443,#4531,.T.);
#4533=ORIENTED_EDGE('',*,*,#4532,.T.);
#4534=EDGE_LOOP('',(#4451,#4460,#4469,#4477,#4485,#4493,#4502,#4510,#4519,#4527,#4533));
#4535=FACE_BOUND('',#4534,.T.);
#4536=ADVANCED_FACE('',(#4535),#4441,.T.);
#4537=CARTESIAN_POINT('',(26.899767062,5.125003732,-1.799986066));
#4538=DIRECTION('',(0.,1.,-0.));
#4539=DIRECTION('',(-1.,0.,0.));
#4540=AXIS2_PLACEMENT_3D('',#4537,#4538,#4539);
#4541=PLANE('',#4540);
#4542=ORIENTED_EDGE('',*,*,#4106,.F.);
#4543=CARTESIAN_POINT('',(26.525419914,5.125003732,-0.999986066));
#4544=DIRECTION('',(0.,0.,1.));
#4545=VECTOR('',#4544,0.7);
#4546=LINE('',#4543,#4545);
#4547=EDGE_CURVE('',#4092,#4445,#4546,.T.);
#4548=ORIENTED_EDGE('',*,*,#4547,.T.);
#4549=ORIENTED_EDGE('',*,*,#4450,.F.);
#4550=CARTESIAN_POINT('',(26.899767062,5.125003732,-0.999986066));
#4551=DIRECTION('',(0.,0.,1.));
#4552=VECTOR('',#4551,0.7);
#4553=LINE('',#4550,#4552);
#4554=EDGE_CURVE('',#4101,#4443,#4553,.T.);
#4555=ORIENTED_EDGE('',*,*,#4554,.F.);
#4556=EDGE_LOOP('',(#4542,#4548,#4549,#4555));
#4557=FACE_BOUND('',#4556,.T.);
#4558=ADVANCED_FACE('',(#4557),#4541,.T.);
#4559=CARTESIAN_POINT('',(26.525419914,5.455003732,-1.799986066));
#4560=DIRECTION('',(0.,-0.,-1.));
#4561=DIRECTION('',(-1.,0.,-0.));
#4562=AXIS2_PLACEMENT_3D('',#4559,#4560,#4561);
#4563=CYLINDRICAL_SURFACE('',#4562,0.33);
#4564=ORIENTED_EDGE('',*,*,#4547,.F.);
#4565=ORIENTED_EDGE('',*,*,#4098,.F.);
#4566=CARTESIAN_POINT('',(26.195457795,5.450003732,-0.299986066));
#4567=DIRECTION('',(0.,-0.,-1.));
#4568=VECTOR('',#4567,0.7);
#4569=LINE('',#4566,#4568);
#4570=EDGE_CURVE('',#4453,#4083,#4569,.T.);
#4571=ORIENTED_EDGE('',*,*,#4570,.F.);
#4572=ORIENTED_EDGE('',*,*,#4459,.F.);
#4573=EDGE_LOOP('',(#4564,#4565,#4571,#4572));
#4574=FACE_BOUND('',#4573,.T.);
#4575=ADVANCED_FACE('',(#4574),#4563,.F.);
#4576=CARTESIAN_POINT('',(26.525419914,5.445003732,-1.799986066));
#4577=DIRECTION('',(0.,-0.,-1.));
#4578=DIRECTION('',(-1.,0.,-0.));
#4579=AXIS2_PLACEMENT_3D('',#4576,#4577,#4578);
#4580=CYLINDRICAL_SURFACE('',#4579,0.33);
#4581=ORIENTED_EDGE('',*,*,#4089,.F.);
#4582=CARTESIAN_POINT('',(26.525419914,5.775003732,-0.299986066));
#4583=DIRECTION('',(-0.,-0.,-1.));
#4584=VECTOR('',#4583,0.7);
#4585=LINE('',#4582,#4584);
#4586=EDGE_CURVE('',#4462,#4075,#4585,.T.);
#4587=ORIENTED_EDGE('',*,*,#4586,.F.);
#4588=ORIENTED_EDGE('',*,*,#4468,.F.);
#4589=ORIENTED_EDGE('',*,*,#4570,.T.);
#4590=EDGE_LOOP('',(#4581,#4587,#4588,#4589));
#4591=FACE_BOUND('',#4590,.T.);
#4592=ADVANCED_FACE('',(#4591),#4580,.F.);
#4593=CARTESIAN_POINT('',(26.899767062,5.775003732,-1.799986066));
#4594=DIRECTION('',(-0.,-1.,0.));
#4595=DIRECTION('',(1.,-0.,-0.));
#4596=AXIS2_PLACEMENT_3D('',#4593,#4594,#4595);
#4597=PLANE('',#4596);
#4598=ORIENTED_EDGE('',*,*,#4476,.F.);
#4599=ORIENTED_EDGE('',*,*,#4586,.T.);
#4600=ORIENTED_EDGE('',*,*,#4080,.F.);
#4601=CARTESIAN_POINT('',(26.899767062,5.775003732,-0.999986066));
#4602=DIRECTION('',(0.,0.,1.));
#4603=VECTOR('',#4602,0.7);
#4604=LINE('',#4601,#4603);
#4605=EDGE_CURVE('',#4067,#4471,#4604,.T.);
#4606=ORIENTED_EDGE('',*,*,#4605,.T.);
#4607=EDGE_LOOP('',(#4598,#4599,#4600,#4606));
#4608=FACE_BOUND('',#4607,.T.);
#4609=ADVANCED_FACE('',(#4608),#4597,.T.);
#4610=CARTESIAN_POINT('',(26.599767062,5.850003732,-0.299986066));
#4611=DIRECTION('',(-0.,1.,-0.));
#4612=DIRECTION('',(-1.,-0.,0.));
#4613=AXIS2_PLACEMENT_3D('',#4610,#4611,#4612);
#4614=PLANE('',#4613);
#4615=ORIENTED_EDGE('',*,*,#1219,.F.);
#4616=CARTESIAN_POINT('',(26.289767062,5.850003732,-0.2));
#4617=DIRECTION('',(-0.,-0.,-1.));
#4618=VECTOR('',#4617,0.099986066);
#4619=LINE('',#4616,#4618);
#4620=EDGE_CURVE('',#1205,#4487,#4619,.T.);
#4621=ORIENTED_EDGE('',*,*,#4620,.T.);
#4622=ORIENTED_EDGE('',*,*,#4492,.F.);
#4623=CARTESIAN_POINT('',(26.899767062,5.850003732,-0.299986066));
#4624=DIRECTION('',(0.,0.,1.));
#4625=VECTOR('',#4624,0.099986066);
#4626=LINE('',#4623,#4625);
#4627=EDGE_CURVE('NONE',#4479,#1214,#4626,.T.);
#4628=ORIENTED_EDGE('',*,*,#4627,.T.);
#4629=EDGE_LOOP('',(#4615,#4621,#4622,#4628));
#4630=FACE_BOUND('',#4629,.T.);
#4631=ADVANCED_FACE('NONE',(#4630),#4614,.F.);
#4632=CARTESIAN_POINT('',(26.289767062,5.460003732,-0.299986066));
#4633=DIRECTION('',(0.,0.,1.));
#4634=DIRECTION('',(1.,-0.,0.));
#4635=AXIS2_PLACEMENT_3D('',#4632,#4633,#4634);
#4636=CYLINDRICAL_SURFACE('',#4635,0.39);
#4637=ORIENTED_EDGE('',*,*,#1211,.F.);
#4638=CARTESIAN_POINT('',(25.899767062,5.460003732,-0.299986066));
#4639=DIRECTION('',(0.,0.,1.));
#4640=VECTOR('',#4639,0.099986066);
#4641=LINE('',#4638,#4640);
#4642=EDGE_CURVE('',#4495,#1197,#4641,.T.);
#4643=ORIENTED_EDGE('',*,*,#4642,.F.);
#4644=ORIENTED_EDGE('',*,*,#4501,.F.);
#4645=ORIENTED_EDGE('',*,*,#4620,.F.);
#4646=EDGE_LOOP('',(#4637,#4643,#4644,#4645));
#4647=FACE_BOUND('',#4646,.T.);
#4648=ADVANCED_FACE('',(#4647),#4636,.F.);
#4649=CARTESIAN_POINT('',(25.899767062,-1.449996268,-0.299986066));
#4650=DIRECTION('',(1.,-0.,0.));
#4651=DIRECTION('',(0.,1.,-0.));
#4652=AXIS2_PLACEMENT_3D('',#4649,#4650,#4651);
#4653=PLANE('',#4652);
#4654=ORIENTED_EDGE('',*,*,#4509,.T.);
#4655=ORIENTED_EDGE('',*,*,#4642,.T.);
#4656=ORIENTED_EDGE('',*,*,#1202,.T.);
#4657=CARTESIAN_POINT('',(25.899767062,5.440003732,-0.2));
#4658=DIRECTION('',(-0.,-0.,-1.));
#4659=VECTOR('',#4658,0.099986066);
#4660=LINE('',#4657,#4659);
#4661=EDGE_CURVE('',#1188,#4504,#4660,.T.);
#4662=ORIENTED_EDGE('',*,*,#4661,.T.);
#4663=EDGE_LOOP('',(#4654,#4655,#4656,#4662));
#4664=FACE_BOUND('',#4663,.T.);
#4665=ADVANCED_FACE('',(#4664),#4653,.T.);
#4666=CARTESIAN_POINT('',(26.289767062,5.440003732,-0.299986066));
#4667=DIRECTION('',(0.,0.,1.));
#4668=DIRECTION('',(1.,-0.,0.));
#4669=AXIS2_PLACEMENT_3D('',#4666,#4667,#4668);
#4670=CYLINDRICAL_SURFACE('',#4669,0.39);
#4671=ORIENTED_EDGE('',*,*,#4518,.F.);
#4672=ORIENTED_EDGE('',*,*,#4661,.F.);
#4673=ORIENTED_EDGE('',*,*,#1194,.T.);
#4674=CARTESIAN_POINT('',(26.289767062,5.050003732,-0.299986066));
#4675=DIRECTION('',(0.,0.,1.));
#4676=VECTOR('',#4675,0.099986066);
#4677=LINE('',#4674,#4676);
#4678=EDGE_CURVE('',#4512,#1180,#4677,.T.);
#4679=ORIENTED_EDGE('',*,*,#4678,.F.);
#4680=EDGE_LOOP('',(#4671,#4672,#4673,#4679));
#4681=FACE_BOUND('',#4680,.T.);
#4682=ADVANCED_FACE('',(#4681),#4670,.F.);
#4683=CARTESIAN_POINT('',(26.599767062,5.050003732,-0.299986066));
#4684=DIRECTION('',(-0.,-1.,0.));
#4685=DIRECTION('',(1.,-0.,0.));
#4686=AXIS2_PLACEMENT_3D('',#4683,#4684,#4685);
#4687=PLANE('',#4686);
#4688=ORIENTED_EDGE('',*,*,#4526,.F.);
#4689=ORIENTED_EDGE('',*,*,#4678,.T.);
#4690=ORIENTED_EDGE('',*,*,#1185,.F.);
#4691=CARTESIAN_POINT('',(26.899767062,5.050003732,-0.299986066));
#4692=DIRECTION('',(0.,0.,1.));
#4693=VECTOR('',#4692,0.099986066);
#4694=LINE('',#4691,#4693);
#4695=EDGE_CURVE('NONE',#4521,#1172,#4694,.T.);
#4696=ORIENTED_EDGE('',*,*,#4695,.F.);
#4697=EDGE_LOOP('',(#4688,#4689,#4690,#4696));
#4698=FACE_BOUND('',#4697,.T.);
#4699=ADVANCED_FACE('NONE',(#4698),#4687,.F.);
#4700=CARTESIAN_POINT('',(26.899767062,-18.949996268,-0.999986066));
#4701=DIRECTION('',(1.,-0.,0.));
#4702=DIRECTION('',(0.,1.,-0.));
#4703=AXIS2_PLACEMENT_3D('',#4700,#4701,#4702);
#4704=PLANE('',#4703);
#4705=ORIENTED_EDGE('',*,*,#3375,.T.);
#4706=ORIENTED_EDGE('',*,*,#1227,.T.);
#4707=ORIENTED_EDGE('',*,*,#4627,.F.);
#4708=ORIENTED_EDGE('',*,*,#4484,.F.);
#4709=ORIENTED_EDGE('',*,*,#4605,.F.);
#4710=ORIENTED_EDGE('',*,*,#4072,.T.);
#4711=EDGE_LOOP('',(#4705,#4706,#4707,#4708,#4709,#4710));
#4712=FACE_BOUND('',#4711,.T.);
#4713=ADVANCED_FACE('',(#4712),#4704,.T.);
#4714=OVER_RIDING_STYLED_ITEM('',(#1986),#4713,#89);
#4715=CARTESIAN_POINT('',(26.899767062,-18.949996268,-0.999986066));
#4716=DIRECTION('',(1.,-0.,0.));
#4717=DIRECTION('',(0.,1.,-0.));
#4718=AXIS2_PLACEMENT_3D('',#4715,#4716,#4717);
#4719=PLANE('',#4718);
#4720=ORIENTED_EDGE('',*,*,#4695,.T.);
#4721=ORIENTED_EDGE('',*,*,#1177,.F.);
#4722=CARTESIAN_POINT('',(26.899767062,4.350003732,-0.299986066));
#4723=VERTEX_POINT('',#4722);
#4724=CARTESIAN_POINT('',(26.899767062,4.350003732,-0.299986066));
#4725=DIRECTION('',(0.,0.,1.));
#4726=VECTOR('',#4725,0.099986066);
#4727=LINE('',#4724,#4726);
#4728=EDGE_CURVE('NONE',#4723,#1164,#4727,.T.);
#4729=ORIENTED_EDGE('',*,*,#4728,.F.);
#4730=CARTESIAN_POINT('',(26.899767062,4.275003732,-0.299986066));
#4731=VERTEX_POINT('',#4730);
#4732=CARTESIAN_POINT('',(26.899767062,4.275003732,-0.299986066));
#4733=DIRECTION('',(0.,1.,-0.));
#4734=VECTOR('',#4733,0.075);
#4735=LINE('',#4732,#4734);
#4736=EDGE_CURVE('',#4731,#4723,#4735,.T.);
#4737=ORIENTED_EDGE('',*,*,#4736,.F.);
#4738=CARTESIAN_POINT('',(26.899767062,4.275003732,-0.999986066));
#4739=DIRECTION('',(0.,0.,1.));
#4740=VECTOR('',#4739,0.7);
#4741=LINE('',#4738,#4740);
#4742=EDGE_CURVE('',#4109,#4731,#4741,.T.);
#4743=ORIENTED_EDGE('',*,*,#4742,.F.);
#4744=ORIENTED_EDGE('',*,*,#4114,.T.);
#4745=ORIENTED_EDGE('',*,*,#4554,.T.);
#4746=ORIENTED_EDGE('',*,*,#4532,.F.);
#4747=EDGE_LOOP('',(#4720,#4721,#4729,#4737,#4743,#4744,#4745,#4746));
#4748=FACE_BOUND('',#4747,.T.);
#4749=ADVANCED_FACE('',(#4748),#4719,.T.);
#4750=OVER_RIDING_STYLED_ITEM('',(#1986),#4749,#89);
#4751=CARTESIAN_POINT('',(26.899767062,2.450003732,-0.299986066));
#4752=DIRECTION('',(0.,0.,1.));
#4753=DIRECTION('',(1.,-0.,0.));
#4754=AXIS2_PLACEMENT_3D('',#4751,#4752,#4753);
#4755=PLANE('',#4754);
#4756=CARTESIAN_POINT('',(26.899767062,2.125003732,-0.299986066));
#4757=VERTEX_POINT('',#4756);
#4758=CARTESIAN_POINT('',(26.525419914,2.125003732,-0.299986066));
#4759=VERTEX_POINT('',#4758);
#4760=CARTESIAN_POINT('',(26.899767062,2.125003732,-0.299986066));
#4761=DIRECTION('',(-1.,0.,-0.));
#4762=VECTOR('',#4761,0.374347148);
#4763=LINE('',#4760,#4762);
#4764=EDGE_CURVE('',#4757,#4759,#4763,.T.);
#4765=ORIENTED_EDGE('',*,*,#4764,.T.);
#4766=CARTESIAN_POINT('',(26.195457795,2.450003732,-0.299986066));
#4767=VERTEX_POINT('',#4766);
#4768=CARTESIAN_POINT('',(26.525419914,2.455003732,-0.299986066));
#4769=DIRECTION('',(-0.,-0.,-1.));
#4770=DIRECTION('',(1.,-0.,0.));
#4771=AXIS2_PLACEMENT_3D('',#4768,#4769,#4770);
#4772=CIRCLE('',#4771,0.33);
#4773=EDGE_CURVE('',#4759,#4767,#4772,.T.);
#4774=ORIENTED_EDGE('',*,*,#4773,.T.);
#4775=CARTESIAN_POINT('',(26.525419914,2.775003732,-0.299986066));
#4776=VERTEX_POINT('',#4775);
#4777=CARTESIAN_POINT('',(26.525419914,2.445003732,-0.299986066));
#4778=DIRECTION('',(-0.,-0.,-1.));
#4779=DIRECTION('',(1.,-0.,0.));
#4780=AXIS2_PLACEMENT_3D('',#4777,#4778,#4779);
#4781=CIRCLE('',#4780,0.33);
#4782=EDGE_CURVE('',#4767,#4776,#4781,.T.);
#4783=ORIENTED_EDGE('',*,*,#4782,.T.);
#4784=CARTESIAN_POINT('',(26.899767062,2.775003732,-0.299986066));
#4785=VERTEX_POINT('',#4784);
#4786=CARTESIAN_POINT('',(26.525419914,2.775003732,-0.299986066));
#4787=DIRECTION('',(1.,-0.,0.));
#4788=VECTOR('',#4787,0.374347148);
#4789=LINE('',#4786,#4788);
#4790=EDGE_CURVE('',#4776,#4785,#4789,.T.);
#4791=ORIENTED_EDGE('',*,*,#4790,.T.);
#4792=CARTESIAN_POINT('',(26.899767062,2.850003732,-0.299986066));
#4793=VERTEX_POINT('',#4792);
#4794=CARTESIAN_POINT('',(26.899767062,2.775003732,-0.299986066));
#4795=DIRECTION('',(0.,1.,-0.));
#4796=VECTOR('',#4795,0.075);
#4797=LINE('',#4794,#4796);
#4798=EDGE_CURVE('',#4785,#4793,#4797,.T.);
#4799=ORIENTED_EDGE('',*,*,#4798,.T.);
#4800=CARTESIAN_POINT('',(26.289767062,2.850003732,-0.299986066));
#4801=VERTEX_POINT('',#4800);
#4802=CARTESIAN_POINT('',(26.899767062,2.850003732,-0.299986066));
#4803=DIRECTION('',(-1.,-0.,0.));
#4804=VECTOR('',#4803,0.61);
#4805=LINE('',#4802,#4804);
#4806=EDGE_CURVE('NONE',#4793,#4801,#4805,.T.);
#4807=ORIENTED_EDGE('',*,*,#4806,.T.);
#4808=CARTESIAN_POINT('',(25.899767062,2.460003732,-0.299986066));
#4809=VERTEX_POINT('',#4808);
#4810=CARTESIAN_POINT('',(26.289767062,2.460003732,-0.299986066));
#4811=DIRECTION('',(0.,0.,1.));
#4812=DIRECTION('',(1.,-0.,0.));
#4813=AXIS2_PLACEMENT_3D('',#4810,#4811,#4812);
#4814=CIRCLE('',#4813,0.39);
#4815=EDGE_CURVE('',#4801,#4809,#4814,.T.);
#4816=ORIENTED_EDGE('',*,*,#4815,.T.);
#4817=CARTESIAN_POINT('',(25.899767062,2.440003732,-0.299986066));
#4818=VERTEX_POINT('',#4817);
#4819=CARTESIAN_POINT('',(25.899767062,2.440003732,-0.299986066));
#4820=DIRECTION('',(0.,1.,-0.));
#4821=VECTOR('',#4820,0.02);
#4822=LINE('',#4819,#4821);
#4823=EDGE_CURVE('',#4818,#4809,#4822,.T.);
#4824=ORIENTED_EDGE('',*,*,#4823,.F.);
#4825=CARTESIAN_POINT('',(26.289767062,2.050003732,-0.299986066));
#4826=VERTEX_POINT('',#4825);
#4827=CARTESIAN_POINT('',(26.289767062,2.440003732,-0.299986066));
#4828=DIRECTION('',(0.,0.,1.));
#4829=DIRECTION('',(1.,-0.,0.));
#4830=AXIS2_PLACEMENT_3D('',#4827,#4828,#4829);
#4831=CIRCLE('',#4830,0.39);
#4832=EDGE_CURVE('',#4818,#4826,#4831,.T.);
#4833=ORIENTED_EDGE('',*,*,#4832,.T.);
#4834=CARTESIAN_POINT('',(26.899767062,2.050003732,-0.299986066));
#4835=VERTEX_POINT('',#4834);
#4836=CARTESIAN_POINT('',(26.289767062,2.050003732,-0.299986066));
#4837=DIRECTION('',(1.,-0.,0.));
#4838=VECTOR('',#4837,0.61);
#4839=LINE('',#4836,#4838);
#4840=EDGE_CURVE('',#4826,#4835,#4839,.T.);
#4841=ORIENTED_EDGE('',*,*,#4840,.T.);
#4842=CARTESIAN_POINT('',(26.899767062,2.050003732,-0.299986066));
#4843=DIRECTION('',(0.,1.,-0.));
#4844=VECTOR('',#4843,0.075);
#4845=LINE('',#4842,#4844);
#4846=EDGE_CURVE('NONE',#4835,#4757,#4845,.T.);
#4847=ORIENTED_EDGE('',*,*,#4846,.T.);
#4848=EDGE_LOOP('',(#4765,#4774,#4783,#4791,#4799,#4807,#4816,#4824,#4833,#4841,#4847));
#4849=FACE_BOUND('',#4848,.T.);
#4850=ADVANCED_FACE('',(#4849),#4755,.T.);
#4851=CARTESIAN_POINT('',(26.899767062,2.125003732,-1.799986066));
#4852=DIRECTION('',(0.,1.,-0.));
#4853=DIRECTION('',(-1.,0.,0.));
#4854=AXIS2_PLACEMENT_3D('',#4851,#4852,#4853);
#4855=PLANE('',#4854);
#4856=ORIENTED_EDGE('',*,*,#4190,.F.);
#4857=CARTESIAN_POINT('',(26.525419914,2.125003732,-0.999986066));
#4858=DIRECTION('',(0.,0.,1.));
#4859=VECTOR('',#4858,0.7);
#4860=LINE('',#4857,#4859);
#4861=EDGE_CURVE('',#4176,#4759,#4860,.T.);
#4862=ORIENTED_EDGE('',*,*,#4861,.T.);
#4863=ORIENTED_EDGE('',*,*,#4764,.F.);
#4864=CARTESIAN_POINT('',(26.899767062,2.125003732,-0.999986066));
#4865=DIRECTION('',(0.,0.,1.));
#4866=VECTOR('',#4865,0.7);
#4867=LINE('',#4864,#4866);
#4868=EDGE_CURVE('',#4185,#4757,#4867,.T.);
#4869=ORIENTED_EDGE('',*,*,#4868,.F.);
#4870=EDGE_LOOP('',(#4856,#4862,#4863,#4869));
#4871=FACE_BOUND('',#4870,.T.);
#4872=ADVANCED_FACE('',(#4871),#4855,.T.);
#4873=CARTESIAN_POINT('',(26.525419914,2.455003732,-1.799986066));
#4874=DIRECTION('',(0.,-0.,-1.));
#4875=DIRECTION('',(-1.,0.,-0.));
#4876=AXIS2_PLACEMENT_3D('',#4873,#4874,#4875);
#4877=CYLINDRICAL_SURFACE('',#4876,0.33);
#4878=ORIENTED_EDGE('',*,*,#4861,.F.);
#4879=ORIENTED_EDGE('',*,*,#4182,.F.);
#4880=CARTESIAN_POINT('',(26.195457795,2.450003732,-0.299986066));
#4881=DIRECTION('',(0.,-0.,-1.));
#4882=VECTOR('',#4881,0.7);
#4883=LINE('',#4880,#4882);
#4884=EDGE_CURVE('',#4767,#4167,#4883,.T.);
#4885=ORIENTED_EDGE('',*,*,#4884,.F.);
#4886=ORIENTED_EDGE('',*,*,#4773,.F.);
#4887=EDGE_LOOP('',(#4878,#4879,#4885,#4886));
#4888=FACE_BOUND('',#4887,.T.);
#4889=ADVANCED_FACE('',(#4888),#4877,.F.);
#4890=CARTESIAN_POINT('',(26.525419914,2.445003732,-1.799986066));
#4891=DIRECTION('',(0.,-0.,-1.));
#4892=DIRECTION('',(-1.,0.,-0.));
#4893=AXIS2_PLACEMENT_3D('',#4890,#4891,#4892);
#4894=CYLINDRICAL_SURFACE('',#4893,0.33);
#4895=ORIENTED_EDGE('',*,*,#4173,.F.);
#4896=CARTESIAN_POINT('',(26.525419914,2.775003732,-0.299986066));
#4897=DIRECTION('',(-0.,-0.,-1.));
#4898=VECTOR('',#4897,0.7);
#4899=LINE('',#4896,#4898);
#4900=EDGE_CURVE('',#4776,#4159,#4899,.T.);
#4901=ORIENTED_EDGE('',*,*,#4900,.F.);
#4902=ORIENTED_EDGE('',*,*,#4782,.F.);
#4903=ORIENTED_EDGE('',*,*,#4884,.T.);
#4904=EDGE_LOOP('',(#4895,#4901,#4902,#4903));
#4905=FACE_BOUND('',#4904,.T.);
#4906=ADVANCED_FACE('',(#4905),#4894,.F.);
#4907=CARTESIAN_POINT('',(26.899767062,2.775003732,-1.799986066));
#4908=DIRECTION('',(-0.,-1.,0.));
#4909=DIRECTION('',(1.,-0.,-0.));
#4910=AXIS2_PLACEMENT_3D('',#4907,#4908,#4909);
#4911=PLANE('',#4910);
#4912=ORIENTED_EDGE('',*,*,#4790,.F.);
#4913=ORIENTED_EDGE('',*,*,#4900,.T.);
#4914=ORIENTED_EDGE('',*,*,#4164,.F.);
#4915=CARTESIAN_POINT('',(26.899767062,2.775003732,-0.999986066));
#4916=DIRECTION('',(0.,0.,1.));
#4917=VECTOR('',#4916,0.7);
#4918=LINE('',#4915,#4917);
#4919=EDGE_CURVE('',#4151,#4785,#4918,.T.);
#4920=ORIENTED_EDGE('',*,*,#4919,.T.);
#4921=EDGE_LOOP('',(#4912,#4913,#4914,#4920));
#4922=FACE_BOUND('',#4921,.T.);
#4923=ADVANCED_FACE('',(#4922),#4911,.T.);
#4924=CARTESIAN_POINT('',(26.599767062,2.850003732,-0.299986066));
#4925=DIRECTION('',(-0.,1.,-0.));
#4926=DIRECTION('',(-1.,-0.,0.));
#4927=AXIS2_PLACEMENT_3D('',#4924,#4925,#4926);
#4928=PLANE('',#4927);
#4929=CARTESIAN_POINT('',(26.899767062,2.850003732,-0.299986066));
#4930=DIRECTION('',(0.,0.,1.));
#4931=VECTOR('',#4930,0.099986066);
#4932=LINE('',#4929,#4931);
#4933=EDGE_CURVE('NONE',#4793,#1114,#4932,.T.);
#4934=ORIENTED_EDGE('',*,*,#4933,.T.);
#4935=ORIENTED_EDGE('',*,*,#1119,.F.);
#4936=CARTESIAN_POINT('',(26.289767062,2.850003732,-0.2));
#4937=DIRECTION('',(-0.,-0.,-1.));
#4938=VECTOR('',#4937,0.099986066);
#4939=LINE('',#4936,#4938);
#4940=EDGE_CURVE('',#1105,#4801,#4939,.T.);
#4941=ORIENTED_EDGE('',*,*,#4940,.T.);
#4942=ORIENTED_EDGE('',*,*,#4806,.F.);
#4943=EDGE_LOOP('',(#4934,#4935,#4941,#4942));
#4944=FACE_BOUND('',#4943,.T.);
#4945=ADVANCED_FACE('NONE',(#4944),#4928,.F.);
#4946=CARTESIAN_POINT('',(26.289767062,2.460003732,-0.299986066));
#4947=DIRECTION('',(0.,0.,1.));
#4948=DIRECTION('',(1.,-0.,0.));
#4949=AXIS2_PLACEMENT_3D('',#4946,#4947,#4948);
#4950=CYLINDRICAL_SURFACE('',#4949,0.39);
#4951=ORIENTED_EDGE('',*,*,#4815,.F.);
#4952=ORIENTED_EDGE('',*,*,#4940,.F.);
#4953=ORIENTED_EDGE('',*,*,#1111,.F.);
#4954=CARTESIAN_POINT('',(25.899767062,2.460003732,-0.299986066));
#4955=DIRECTION('',(0.,0.,1.));
#4956=VECTOR('',#4955,0.099986066);
#4957=LINE('',#4954,#4956);
#4958=EDGE_CURVE('',#4809,#1097,#4957,.T.);
#4959=ORIENTED_EDGE('',*,*,#4958,.F.);
#4960=EDGE_LOOP('',(#4951,#4952,#4953,#4959));
#4961=FACE_BOUND('',#4960,.T.);
#4962=ADVANCED_FACE('',(#4961),#4950,.F.);
#4963=CARTESIAN_POINT('',(25.899767062,-4.449996268,-0.299986066));
#4964=DIRECTION('',(1.,-0.,0.));
#4965=DIRECTION('',(0.,1.,-0.));
#4966=AXIS2_PLACEMENT_3D('',#4963,#4964,#4965);
#4967=PLANE('',#4966);
#4968=ORIENTED_EDGE('',*,*,#4823,.T.);
#4969=ORIENTED_EDGE('',*,*,#4958,.T.);
#4970=ORIENTED_EDGE('',*,*,#1102,.F.);
#4971=CARTESIAN_POINT('',(25.899767062,2.440003732,-0.2));
#4972=DIRECTION('',(-0.,-0.,-1.));
#4973=VECTOR('',#4972,0.099986066);
#4974=LINE('',#4971,#4973);
#4975=EDGE_CURVE('',#1088,#4818,#4974,.T.);
#4976=ORIENTED_EDGE('',*,*,#4975,.T.);
#4977=EDGE_LOOP('',(#4968,#4969,#4970,#4976));
#4978=FACE_BOUND('',#4977,.T.);
#4979=ADVANCED_FACE('',(#4978),#4967,.T.);
#4980=CARTESIAN_POINT('',(26.289767062,2.440003732,-0.299986066));
#4981=DIRECTION('',(0.,0.,1.));
#4982=DIRECTION('',(1.,-0.,0.));
#4983=AXIS2_PLACEMENT_3D('',#4980,#4981,#4982);
#4984=CYLINDRICAL_SURFACE('',#4983,0.39);
#4985=ORIENTED_EDGE('',*,*,#4832,.F.);
#4986=ORIENTED_EDGE('',*,*,#4975,.F.);
#4987=ORIENTED_EDGE('',*,*,#1094,.F.);
#4988=CARTESIAN_POINT('',(26.289767062,2.050003732,-0.299986066));
#4989=DIRECTION('',(0.,0.,1.));
#4990=VECTOR('',#4989,0.099986066);
#4991=LINE('',#4988,#4990);
#4992=EDGE_CURVE('',#4826,#1080,#4991,.T.);
#4993=ORIENTED_EDGE('',*,*,#4992,.F.);
#4994=EDGE_LOOP('',(#4985,#4986,#4987,#4993));
#4995=FACE_BOUND('',#4994,.T.);
#4996=ADVANCED_FACE('',(#4995),#4984,.F.);
#4997=CARTESIAN_POINT('',(26.599767062,2.050003732,-0.299986066));
#4998=DIRECTION('',(-0.,-1.,0.));
#4999=DIRECTION('',(1.,-0.,0.));
#5000=AXIS2_PLACEMENT_3D('',#4997,#4998,#4999);
#5001=PLANE('',#5000);
#5002=ORIENTED_EDGE('',*,*,#4840,.F.);
#5003=ORIENTED_EDGE('',*,*,#4992,.T.);
#5004=ORIENTED_EDGE('',*,*,#1085,.F.);
#5005=CARTESIAN_POINT('',(26.899767062,2.050003732,-0.299986066));
#5006=DIRECTION('',(0.,0.,1.));
#5007=VECTOR('',#5006,0.099986066);
#5008=LINE('',#5005,#5007);
#5009=EDGE_CURVE('NONE',#4835,#1072,#5008,.T.);
#5010=ORIENTED_EDGE('',*,*,#5009,.F.);
#5011=EDGE_LOOP('',(#5002,#5003,#5004,#5010));
#5012=FACE_BOUND('',#5011,.T.);
#5013=ADVANCED_FACE('NONE',(#5012),#5001,.F.);
#5014=CARTESIAN_POINT('',(26.899767062,-21.949996268,-0.999986066));
#5015=DIRECTION('',(1.,-0.,0.));
#5016=DIRECTION('',(0.,1.,-0.));
#5017=AXIS2_PLACEMENT_3D('',#5014,#5015,#5016);
#5018=PLANE('',#5017);
#5019=ORIENTED_EDGE('',*,*,#4156,.T.);
#5020=CARTESIAN_POINT('',(26.899767062,3.625003732,-0.299986066));
#5021=VERTEX_POINT('',#5020);
#5022=CARTESIAN_POINT('',(26.899767062,3.625003732,-0.999986066));
#5023=DIRECTION('',(0.,0.,1.));
#5024=VECTOR('',#5023,0.7);
#5025=LINE('',#5022,#5024);
#5026=EDGE_CURVE('',#4143,#5021,#5025,.T.);
#5027=ORIENTED_EDGE('',*,*,#5026,.T.);
#5028=CARTESIAN_POINT('',(26.899767062,3.550003732,-0.299986066));
#5029=VERTEX_POINT('',#5028);
#5030=CARTESIAN_POINT('',(26.899767062,3.550003732,-0.299986066));
#5031=DIRECTION('',(0.,1.,-0.));
#5032=VECTOR('',#5031,0.075);
#5033=LINE('',#5030,#5032);
#5034=EDGE_CURVE('NONE',#5029,#5021,#5033,.T.);
#5035=ORIENTED_EDGE('',*,*,#5034,.F.);
#5036=CARTESIAN_POINT('',(26.899767062,3.550003732,-0.299986066));
#5037=DIRECTION('',(0.,0.,1.));
#5038=VECTOR('',#5037,0.099986066);
#5039=LINE('',#5036,#5038);
#5040=EDGE_CURVE('NONE',#5029,#1122,#5039,.T.);
#5041=ORIENTED_EDGE('',*,*,#5040,.T.);
#5042=ORIENTED_EDGE('',*,*,#1127,.F.);
#5043=ORIENTED_EDGE('',*,*,#4933,.F.);
#5044=ORIENTED_EDGE('',*,*,#4798,.F.);
#5045=ORIENTED_EDGE('',*,*,#4919,.F.);
#5046=EDGE_LOOP('',(#5019,#5027,#5035,#5041,#5042,#5043,#5044,#5045));
#5047=FACE_BOUND('',#5046,.T.);
#5048=ADVANCED_FACE('',(#5047),#5018,.T.);
#5049=OVER_RIDING_STYLED_ITEM('',(#1986),#5048,#89);
#5050=CARTESIAN_POINT('',(26.899767062,-21.949996268,-0.999986066));
#5051=DIRECTION('',(1.,-0.,0.));
#5052=DIRECTION('',(0.,1.,-0.));
#5053=AXIS2_PLACEMENT_3D('',#5050,#5051,#5052);
#5054=PLANE('',#5053);
#5055=ORIENTED_EDGE('',*,*,#5009,.T.);
#5056=ORIENTED_EDGE('',*,*,#1077,.F.);
#5057=CARTESIAN_POINT('',(26.899767062,1.350003732,-0.299986066));
#5058=VERTEX_POINT('',#5057);
#5059=CARTESIAN_POINT('',(26.899767062,1.350003732,-0.299986066));
#5060=DIRECTION('',(0.,0.,1.));
#5061=VECTOR('',#5060,0.099986066);
#5062=LINE('',#5059,#5061);
#5063=EDGE_CURVE('NONE',#5058,#1064,#5062,.T.);
#5064=ORIENTED_EDGE('',*,*,#5063,.F.);
#5065=CARTESIAN_POINT('',(26.899767062,1.275003732,-0.299986066));
#5066=VERTEX_POINT('',#5065);
#5067=CARTESIAN_POINT('',(26.899767062,1.275003732,-0.299986066));
#5068=DIRECTION('',(0.,1.,-0.));
#5069=VECTOR('',#5068,0.075);
#5070=LINE('',#5067,#5069);
#5071=EDGE_CURVE('',#5066,#5058,#5070,.T.);
#5072=ORIENTED_EDGE('',*,*,#5071,.F.);
#5073=CARTESIAN_POINT('',(26.899767062,1.275003732,-0.999986066));
#5074=DIRECTION('',(0.,0.,1.));
#5075=VECTOR('',#5074,0.7);
#5076=LINE('',#5073,#5075);
#5077=EDGE_CURVE('',#4193,#5066,#5076,.T.);
#5078=ORIENTED_EDGE('',*,*,#5077,.F.);
#5079=ORIENTED_EDGE('',*,*,#4198,.T.);
#5080=ORIENTED_EDGE('',*,*,#4868,.T.);
#5081=ORIENTED_EDGE('',*,*,#4846,.F.);
#5082=EDGE_LOOP('',(#5055,#5056,#5064,#5072,#5078,#5079,#5080,#5081));
#5083=FACE_BOUND('',#5082,.T.);
#5084=ADVANCED_FACE('',(#5083),#5054,.T.);
#5085=OVER_RIDING_STYLED_ITEM('',(#1986),#5084,#89);
#5086=CARTESIAN_POINT('',(26.899767062,0.950003732,-0.299986066));
#5087=DIRECTION('',(0.,0.,1.));
#5088=DIRECTION('',(1.,-0.,0.));
#5089=AXIS2_PLACEMENT_3D('',#5086,#5087,#5088);
#5090=PLANE('',#5089);
#5091=CARTESIAN_POINT('',(26.899767062,0.625003732,-0.299986066));
#5092=VERTEX_POINT('',#5091);
#5093=CARTESIAN_POINT('',(26.525419914,0.625003732,-0.299986066));
#5094=VERTEX_POINT('',#5093);
#5095=CARTESIAN_POINT('',(26.899767062,0.625003732,-0.299986066));
#5096=DIRECTION('',(-1.,0.,-0.));
#5097=VECTOR('',#5096,0.374347148);
#5098=LINE('',#5095,#5097);
#5099=EDGE_CURVE('',#5092,#5094,#5098,.T.);
#5100=ORIENTED_EDGE('',*,*,#5099,.T.);
#5101=CARTESIAN_POINT('',(26.195457795,0.950003732,-0.299986066));
#5102=VERTEX_POINT('',#5101);
#5103=CARTESIAN_POINT('',(26.525419914,0.955003732,-0.299986066));
#5104=DIRECTION('',(-0.,-0.,-1.));
#5105=DIRECTION('',(1.,-0.,0.));
#5106=AXIS2_PLACEMENT_3D('',#5103,#5104,#5105);
#5107=CIRCLE('',#5106,0.33);
#5108=EDGE_CURVE('',#5094,#5102,#5107,.T.);
#5109=ORIENTED_EDGE('',*,*,#5108,.T.);
#5110=CARTESIAN_POINT('',(26.525419914,1.275003732,-0.299986066));
#5111=VERTEX_POINT('',#5110);
#5112=CARTESIAN_POINT('',(26.525419914,0.945003732,-0.299986066));
#5113=DIRECTION('',(-0.,-0.,-1.));
#5114=DIRECTION('',(1.,-0.,0.));
#5115=AXIS2_PLACEMENT_3D('',#5112,#5113,#5114);
#5116=CIRCLE('',#5115,0.33);
#5117=EDGE_CURVE('',#5102,#5111,#5116,.T.);
#5118=ORIENTED_EDGE('',*,*,#5117,.T.);
#5119=CARTESIAN_POINT('',(26.525419914,1.275003732,-0.299986066));
#5120=DIRECTION('',(1.,-0.,0.));
#5121=VECTOR('',#5120,0.374347148);
#5122=LINE('',#5119,#5121);
#5123=EDGE_CURVE('',#5111,#5066,#5122,.T.);
#5124=ORIENTED_EDGE('',*,*,#5123,.T.);
#5125=ORIENTED_EDGE('',*,*,#5071,.T.);
#5126=CARTESIAN_POINT('',(26.289767062,1.350003732,-0.299986066));
#5127=VERTEX_POINT('',#5126);
#5128=CARTESIAN_POINT('',(26.899767062,1.350003732,-0.299986066));
#5129=DIRECTION('',(-1.,-0.,0.));
#5130=VECTOR('',#5129,0.61);
#5131=LINE('',#5128,#5130);
#5132=EDGE_CURVE('NONE',#5058,#5127,#5131,.T.);
#5133=ORIENTED_EDGE('',*,*,#5132,.T.);
#5134=CARTESIAN_POINT('',(25.899767062,0.960003732,-0.299986066));
#5135=VERTEX_POINT('',#5134);
#5136=CARTESIAN_POINT('',(26.289767062,0.960003732,-0.299986066));
#5137=DIRECTION('',(0.,0.,1.));
#5138=DIRECTION('',(1.,-0.,0.));
#5139=AXIS2_PLACEMENT_3D('',#5136,#5137,#5138);
#5140=CIRCLE('',#5139,0.39);
#5141=EDGE_CURVE('',#5127,#5135,#5140,.T.);
#5142=ORIENTED_EDGE('',*,*,#5141,.T.);
#5143=CARTESIAN_POINT('',(25.899767062,0.940003732,-0.299986066));
#5144=VERTEX_POINT('',#5143);
#5145=CARTESIAN_POINT('',(25.899767062,0.940003732,-0.299986066));
#5146=DIRECTION('',(0.,1.,-0.));
#5147=VECTOR('',#5146,0.02);
#5148=LINE('',#5145,#5147);
#5149=EDGE_CURVE('',#5144,#5135,#5148,.T.);
#5150=ORIENTED_EDGE('',*,*,#5149,.F.);
#5151=CARTESIAN_POINT('',(26.289767062,0.550003732,-0.299986066));
#5152=VERTEX_POINT('',#5151);
#5153=CARTESIAN_POINT('',(26.289767062,0.940003732,-0.299986066));
#5154=DIRECTION('',(0.,0.,1.));
#5155=DIRECTION('',(1.,-0.,0.));
#5156=AXIS2_PLACEMENT_3D('',#5153,#5154,#5155);
#5157=CIRCLE('',#5156,0.39);
#5158=EDGE_CURVE('',#5144,#5152,#5157,.T.);
#5159=ORIENTED_EDGE('',*,*,#5158,.T.);
#5160=CARTESIAN_POINT('',(26.899767062,0.550003732,-0.299986066));
#5161=VERTEX_POINT('',#5160);
#5162=CARTESIAN_POINT('',(26.289767062,0.550003732,-0.299986066));
#5163=DIRECTION('',(1.,-0.,0.));
#5164=VECTOR('',#5163,0.61);
#5165=LINE('',#5162,#5164);
#5166=EDGE_CURVE('',#5152,#5161,#5165,.T.);
#5167=ORIENTED_EDGE('',*,*,#5166,.T.);
#5168=CARTESIAN_POINT('',(26.899767062,0.550003732,-0.299986066));
#5169=DIRECTION('',(0.,1.,-0.));
#5170=VECTOR('',#5169,0.075);
#5171=LINE('',#5168,#5170);
#5172=EDGE_CURVE('NONE',#5161,#5092,#5171,.T.);
#5173=ORIENTED_EDGE('',*,*,#5172,.T.);
#5174=EDGE_LOOP('',(#5100,#5109,#5118,#5124,#5125,#5133,#5142,#5150,#5159,#5167,#5173));
#5175=FACE_BOUND('',#5174,.T.);
#5176=ADVANCED_FACE('',(#5175),#5090,.T.);
#5177=CARTESIAN_POINT('',(26.899767062,0.625003732,-1.799986066));
#5178=DIRECTION('',(0.,1.,-0.));
#5179=DIRECTION('',(-1.,0.,0.));
#5180=AXIS2_PLACEMENT_3D('',#5177,#5178,#5179);
#5181=PLANE('',#5180);
#5182=ORIENTED_EDGE('',*,*,#4232,.F.);
#5183=CARTESIAN_POINT('',(26.525419914,0.625003732,-0.999986066));
#5184=DIRECTION('',(0.,0.,1.));
#5185=VECTOR('',#5184,0.7);
#5186=LINE('',#5183,#5185);
#5187=EDGE_CURVE('',#4218,#5094,#5186,.T.);
#5188=ORIENTED_EDGE('',*,*,#5187,.T.);
#5189=ORIENTED_EDGE('',*,*,#5099,.F.);
#5190=CARTESIAN_POINT('',(26.899767062,0.625003732,-0.999986066));
#5191=DIRECTION('',(0.,0.,1.));
#5192=VECTOR('',#5191,0.7);
#5193=LINE('',#5190,#5192);
#5194=EDGE_CURVE('',#4227,#5092,#5193,.T.);
#5195=ORIENTED_EDGE('',*,*,#5194,.F.);
#5196=EDGE_LOOP('',(#5182,#5188,#5189,#5195));
#5197=FACE_BOUND('',#5196,.T.);
#5198=ADVANCED_FACE('',(#5197),#5181,.T.);
#5199=CARTESIAN_POINT('',(26.525419914,0.955003732,-1.799986066));
#5200=DIRECTION('',(0.,-0.,-1.));
#5201=DIRECTION('',(-1.,0.,-0.));
#5202=AXIS2_PLACEMENT_3D('',#5199,#5200,#5201);
#5203=CYLINDRICAL_SURFACE('',#5202,0.33);
#5204=ORIENTED_EDGE('',*,*,#5187,.F.);
#5205=ORIENTED_EDGE('',*,*,#4224,.F.);
#5206=CARTESIAN_POINT('',(26.195457795,0.950003732,-0.299986066));
#5207=DIRECTION('',(0.,-0.,-1.));
#5208=VECTOR('',#5207,0.7);
#5209=LINE('',#5206,#5208);
#5210=EDGE_CURVE('',#5102,#4209,#5209,.T.);
#5211=ORIENTED_EDGE('',*,*,#5210,.F.);
#5212=ORIENTED_EDGE('',*,*,#5108,.F.);
#5213=EDGE_LOOP('',(#5204,#5205,#5211,#5212));
#5214=FACE_BOUND('',#5213,.T.);
#5215=ADVANCED_FACE('',(#5214),#5203,.F.);
#5216=CARTESIAN_POINT('',(26.525419914,0.945003732,-1.799986066));
#5217=DIRECTION('',(0.,-0.,-1.));
#5218=DIRECTION('',(-1.,0.,-0.));
#5219=AXIS2_PLACEMENT_3D('',#5216,#5217,#5218);
#5220=CYLINDRICAL_SURFACE('',#5219,0.33);
#5221=ORIENTED_EDGE('',*,*,#4215,.F.);
#5222=CARTESIAN_POINT('',(26.525419914,1.275003732,-0.299986066));
#5223=DIRECTION('',(-0.,-0.,-1.));
#5224=VECTOR('',#5223,0.7);
#5225=LINE('',#5222,#5224);
#5226=EDGE_CURVE('',#5111,#4201,#5225,.T.);
#5227=ORIENTED_EDGE('',*,*,#5226,.F.);
#5228=ORIENTED_EDGE('',*,*,#5117,.F.);
#5229=ORIENTED_EDGE('',*,*,#5210,.T.);
#5230=EDGE_LOOP('',(#5221,#5227,#5228,#5229));
#5231=FACE_BOUND('',#5230,.T.);
#5232=ADVANCED_FACE('',(#5231),#5220,.F.);
#5233=CARTESIAN_POINT('',(26.899767062,1.275003732,-1.799986066));
#5234=DIRECTION('',(-0.,-1.,0.));
#5235=DIRECTION('',(1.,-0.,-0.));
#5236=AXIS2_PLACEMENT_3D('',#5233,#5234,#5235);
#5237=PLANE('',#5236);
#5238=ORIENTED_EDGE('',*,*,#5123,.F.);
#5239=ORIENTED_EDGE('',*,*,#5226,.T.);
#5240=ORIENTED_EDGE('',*,*,#4206,.F.);
#5241=ORIENTED_EDGE('',*,*,#5077,.T.);
#5242=EDGE_LOOP('',(#5238,#5239,#5240,#5241));
#5243=FACE_BOUND('',#5242,.T.);
#5244=ADVANCED_FACE('',(#5243),#5237,.T.);
#5245=CARTESIAN_POINT('',(26.599767062,1.350003732,-0.299986066));
#5246=DIRECTION('',(-0.,1.,-0.));
#5247=DIRECTION('',(-1.,-0.,0.));
#5248=AXIS2_PLACEMENT_3D('',#5245,#5246,#5247);
#5249=PLANE('',#5248);
#5250=ORIENTED_EDGE('',*,*,#5063,.T.);
#5251=ORIENTED_EDGE('',*,*,#1069,.F.);
#5252=CARTESIAN_POINT('',(26.289767062,1.350003732,-0.2));
#5253=DIRECTION('',(-0.,-0.,-1.));
#5254=VECTOR('',#5253,0.099986066);
#5255=LINE('',#5252,#5254);
#5256=EDGE_CURVE('',#1055,#5127,#5255,.T.);
#5257=ORIENTED_EDGE('',*,*,#5256,.T.);
#5258=ORIENTED_EDGE('',*,*,#5132,.F.);
#5259=EDGE_LOOP('',(#5250,#5251,#5257,#5258));
#5260=FACE_BOUND('',#5259,.T.);
#5261=ADVANCED_FACE('NONE',(#5260),#5249,.F.);
#5262=CARTESIAN_POINT('',(26.289767062,0.960003732,-0.299986066));
#5263=DIRECTION('',(0.,0.,1.));
#5264=DIRECTION('',(1.,-0.,0.));
#5265=AXIS2_PLACEMENT_3D('',#5262,#5263,#5264);
#5266=CYLINDRICAL_SURFACE('',#5265,0.39);
#5267=ORIENTED_EDGE('',*,*,#5141,.F.);
#5268=ORIENTED_EDGE('',*,*,#5256,.F.);
#5269=ORIENTED_EDGE('',*,*,#1061,.F.);
#5270=CARTESIAN_POINT('',(25.899767062,0.960003732,-0.299986066));
#5271=DIRECTION('',(0.,0.,1.));
#5272=VECTOR('',#5271,0.099986066);
#5273=LINE('',#5270,#5272);
#5274=EDGE_CURVE('',#5135,#1047,#5273,.T.);
#5275=ORIENTED_EDGE('',*,*,#5274,.F.);
#5276=EDGE_LOOP('',(#5267,#5268,#5269,#5275));
#5277=FACE_BOUND('',#5276,.T.);
#5278=ADVANCED_FACE('',(#5277),#5266,.F.);
#5279=CARTESIAN_POINT('',(25.899767062,-5.949996268,-0.299986066));
#5280=DIRECTION('',(1.,-0.,0.));
#5281=DIRECTION('',(0.,1.,-0.));
#5282=AXIS2_PLACEMENT_3D('',#5279,#5280,#5281);
#5283=PLANE('',#5282);
#5284=ORIENTED_EDGE('',*,*,#5149,.T.);
#5285=ORIENTED_EDGE('',*,*,#5274,.T.);
#5286=ORIENTED_EDGE('',*,*,#1052,.F.);
#5287=CARTESIAN_POINT('',(25.899767062,0.940003732,-0.2));
#5288=DIRECTION('',(-0.,-0.,-1.));
#5289=VECTOR('',#5288,0.099986066);
#5290=LINE('',#5287,#5289);
#5291=EDGE_CURVE('',#1038,#5144,#5290,.T.);
#5292=ORIENTED_EDGE('',*,*,#5291,.T.);
#5293=EDGE_LOOP('',(#5284,#5285,#5286,#5292));
#5294=FACE_BOUND('',#5293,.T.);
#5295=ADVANCED_FACE('',(#5294),#5283,.T.);
#5296=CARTESIAN_POINT('',(26.289767062,0.940003732,-0.299986066));
#5297=DIRECTION('',(0.,0.,1.));
#5298=DIRECTION('',(1.,-0.,0.));
#5299=AXIS2_PLACEMENT_3D('',#5296,#5297,#5298);
#5300=CYLINDRICAL_SURFACE('',#5299,0.39);
#5301=ORIENTED_EDGE('',*,*,#5158,.F.);
#5302=ORIENTED_EDGE('',*,*,#5291,.F.);
#5303=ORIENTED_EDGE('',*,*,#1044,.F.);
#5304=CARTESIAN_POINT('',(26.289767062,0.550003732,-0.299986066));
#5305=DIRECTION('',(0.,0.,1.));
#5306=VECTOR('',#5305,0.099986066);
#5307=LINE('',#5304,#5306);
#5308=EDGE_CURVE('',#5152,#1030,#5307,.T.);
#5309=ORIENTED_EDGE('',*,*,#5308,.F.);
#5310=EDGE_LOOP('',(#5301,#5302,#5303,#5309));
#5311=FACE_BOUND('',#5310,.T.);
#5312=ADVANCED_FACE('',(#5311),#5300,.F.);
#5313=CARTESIAN_POINT('',(26.599767062,0.550003732,-0.299986066));
#5314=DIRECTION('',(-0.,-1.,0.));
#5315=DIRECTION('',(1.,-0.,0.));
#5316=AXIS2_PLACEMENT_3D('',#5313,#5314,#5315);
#5317=PLANE('',#5316);
#5318=ORIENTED_EDGE('',*,*,#5166,.F.);
#5319=ORIENTED_EDGE('',*,*,#5308,.T.);
#5320=ORIENTED_EDGE('',*,*,#1035,.F.);
#5321=CARTESIAN_POINT('',(26.899767062,0.550003732,-0.299986066));
#5322=DIRECTION('',(0.,0.,1.));
#5323=VECTOR('',#5322,0.099986066);
#5324=LINE('',#5321,#5323);
#5325=EDGE_CURVE('NONE',#5161,#1022,#5324,.T.);
#5326=ORIENTED_EDGE('',*,*,#5325,.F.);
#5327=EDGE_LOOP('',(#5318,#5319,#5320,#5326));
#5328=FACE_BOUND('',#5327,.T.);
#5329=ADVANCED_FACE('NONE',(#5328),#5317,.F.);
#5330=CARTESIAN_POINT('',(26.899767062,-23.449996268,-0.999986066));
#5331=DIRECTION('',(1.,-0.,0.));
#5332=DIRECTION('',(0.,1.,-0.));
#5333=AXIS2_PLACEMENT_3D('',#5330,#5331,#5332);
#5334=PLANE('',#5333);
#5335=ORIENTED_EDGE('',*,*,#5325,.T.);
#5336=ORIENTED_EDGE('',*,*,#1027,.F.);
#5337=CARTESIAN_POINT('',(26.899767062,-0.149996268,-0.299986066));
#5338=VERTEX_POINT('',#5337);
#5339=CARTESIAN_POINT('',(26.899767062,-0.149996268,-0.299986066));
#5340=DIRECTION('',(0.,0.,1.));
#5341=VECTOR('',#5340,0.099986066);
#5342=LINE('',#5339,#5341);
#5343=EDGE_CURVE('NONE',#5338,#1014,#5342,.T.);
#5344=ORIENTED_EDGE('',*,*,#5343,.F.);
#5345=CARTESIAN_POINT('',(26.899767062,-0.224996268,-0.299986066));
#5346=VERTEX_POINT('',#5345);
#5347=CARTESIAN_POINT('',(26.899767062,-0.224996268,-0.299986066));
#5348=DIRECTION('',(0.,1.,-0.));
#5349=VECTOR('',#5348,0.075);
#5350=LINE('',#5347,#5349);
#5351=EDGE_CURVE('',#5346,#5338,#5350,.T.);
#5352=ORIENTED_EDGE('',*,*,#5351,.F.);
#5353=CARTESIAN_POINT('',(26.899767062,-0.224996268,-0.999986066));
#5354=DIRECTION('',(0.,0.,1.));
#5355=VECTOR('',#5354,0.7);
#5356=LINE('',#5353,#5355);
#5357=EDGE_CURVE('',#4235,#5346,#5356,.T.);
#5358=ORIENTED_EDGE('',*,*,#5357,.F.);
#5359=ORIENTED_EDGE('',*,*,#4240,.T.);
#5360=ORIENTED_EDGE('',*,*,#5194,.T.);
#5361=ORIENTED_EDGE('',*,*,#5172,.F.);
#5362=EDGE_LOOP('',(#5335,#5336,#5344,#5352,#5358,#5359,#5360,#5361));
#5363=FACE_BOUND('',#5362,.T.);
#5364=ADVANCED_FACE('',(#5363),#5334,.T.);
#5365=OVER_RIDING_STYLED_ITEM('',(#1986),#5364,#89);
#5366=CARTESIAN_POINT('',(26.899767062,-0.549996268,-0.299986066));
#5367=DIRECTION('',(0.,0.,1.));
#5368=DIRECTION('',(1.,-0.,0.));
#5369=AXIS2_PLACEMENT_3D('',#5366,#5367,#5368);
#5370=PLANE('',#5369);
#5371=CARTESIAN_POINT('',(26.899767062,-0.874996268,-0.299986066));
#5372=VERTEX_POINT('',#5371);
#5373=CARTESIAN_POINT('',(26.525419914,-0.874996268,-0.299986066));
#5374=VERTEX_POINT('',#5373);
#5375=CARTESIAN_POINT('',(26.899767062,-0.874996268,-0.299986066));
#5376=DIRECTION('',(-1.,0.,-0.));
#5377=VECTOR('',#5376,0.374347148);
#5378=LINE('',#5375,#5377);
#5379=EDGE_CURVE('',#5372,#5374,#5378,.T.);
#5380=ORIENTED_EDGE('',*,*,#5379,.T.);
#5381=CARTESIAN_POINT('',(26.195457795,-0.549996268,-0.299986066));
#5382=VERTEX_POINT('',#5381);
#5383=CARTESIAN_POINT('',(26.525419914,-0.544996268,-0.299986066));
#5384=DIRECTION('',(-0.,-0.,-1.));
#5385=DIRECTION('',(1.,-0.,0.));
#5386=AXIS2_PLACEMENT_3D('',#5383,#5384,#5385);
#5387=CIRCLE('',#5386,0.33);
#5388=EDGE_CURVE('',#5374,#5382,#5387,.T.);
#5389=ORIENTED_EDGE('',*,*,#5388,.T.);
#5390=CARTESIAN_POINT('',(26.525419914,-0.224996268,-0.299986066));
#5391=VERTEX_POINT('',#5390);
#5392=CARTESIAN_POINT('',(26.525419914,-0.554996268,-0.299986066));
#5393=DIRECTION('',(-0.,-0.,-1.));
#5394=DIRECTION('',(1.,-0.,0.));
#5395=AXIS2_PLACEMENT_3D('',#5392,#5393,#5394);
#5396=CIRCLE('',#5395,0.33);
#5397=EDGE_CURVE('',#5382,#5391,#5396,.T.);
#5398=ORIENTED_EDGE('',*,*,#5397,.T.);
#5399=CARTESIAN_POINT('',(26.525419914,-0.224996268,-0.299986066));
#5400=DIRECTION('',(1.,-0.,0.));
#5401=VECTOR('',#5400,0.374347148);
#5402=LINE('',#5399,#5401);
#5403=EDGE_CURVE('',#5391,#5346,#5402,.T.);
#5404=ORIENTED_EDGE('',*,*,#5403,.T.);
#5405=ORIENTED_EDGE('',*,*,#5351,.T.);
#5406=CARTESIAN_POINT('',(26.289767062,-0.149996268,-0.299986066));
#5407=VERTEX_POINT('',#5406);
#5408=CARTESIAN_POINT('',(26.899767062,-0.149996268,-0.299986066));
#5409=DIRECTION('',(-1.,-0.,0.));
#5410=VECTOR('',#5409,0.61);
#5411=LINE('',#5408,#5410);
#5412=EDGE_CURVE('NONE',#5338,#5407,#5411,.T.);
#5413=ORIENTED_EDGE('',*,*,#5412,.T.);
#5414=CARTESIAN_POINT('',(25.899767062,-0.539996268,-0.299986066));
#5415=VERTEX_POINT('',#5414);
#5416=CARTESIAN_POINT('',(26.289767062,-0.539996268,-0.299986066));
#5417=DIRECTION('',(0.,0.,1.));
#5418=DIRECTION('',(1.,-0.,0.));
#5419=AXIS2_PLACEMENT_3D('',#5416,#5417,#5418);
#5420=CIRCLE('',#5419,0.39);
#5421=EDGE_CURVE('',#5407,#5415,#5420,.T.);
#5422=ORIENTED_EDGE('',*,*,#5421,.T.);
#5423=CARTESIAN_POINT('',(25.899767062,-0.559996268,-0.299986066));
#5424=VERTEX_POINT('',#5423);
#5425=CARTESIAN_POINT('',(25.899767062,-0.559996268,-0.299986066));
#5426=DIRECTION('',(0.,1.,-0.));
#5427=VECTOR('',#5426,0.02);
#5428=LINE('',#5425,#5427);
#5429=EDGE_CURVE('',#5424,#5415,#5428,.T.);
#5430=ORIENTED_EDGE('',*,*,#5429,.F.);
#5431=CARTESIAN_POINT('',(26.289767062,-0.949996268,-0.299986066));
#5432=VERTEX_POINT('',#5431);
#5433=CARTESIAN_POINT('',(26.289767062,-0.559996268,-0.299986066));
#5434=DIRECTION('',(0.,0.,1.));
#5435=DIRECTION('',(1.,-0.,0.));
#5436=AXIS2_PLACEMENT_3D('',#5433,#5434,#5435);
#5437=CIRCLE('',#5436,0.39);
#5438=EDGE_CURVE('',#5424,#5432,#5437,.T.);
#5439=ORIENTED_EDGE('',*,*,#5438,.T.);
#5440=CARTESIAN_POINT('',(26.899767062,-0.949996268,-0.299986066));
#5441=VERTEX_POINT('',#5440);
#5442=CARTESIAN_POINT('',(26.289767062,-0.949996268,-0.299986066));
#5443=DIRECTION('',(1.,-0.,0.));
#5444=VECTOR('',#5443,0.61);
#5445=LINE('',#5442,#5444);
#5446=EDGE_CURVE('',#5432,#5441,#5445,.T.);
#5447=ORIENTED_EDGE('',*,*,#5446,.T.);
#5448=CARTESIAN_POINT('',(26.899767062,-0.949996268,-0.299986066));
#5449=DIRECTION('',(0.,1.,-0.));
#5450=VECTOR('',#5449,0.075);
#5451=LINE('',#5448,#5450);
#5452=EDGE_CURVE('NONE',#5441,#5372,#5451,.T.);
#5453=ORIENTED_EDGE('',*,*,#5452,.T.);
#5454=EDGE_LOOP('',(#5380,#5389,#5398,#5404,#5405,#5413,#5422,#5430,#5439,#5447,#5453));
#5455=FACE_BOUND('',#5454,.T.);
#5456=ADVANCED_FACE('',(#5455),#5370,.T.);
#5457=CARTESIAN_POINT('',(26.899767062,-0.874996268,-1.799986066));
#5458=DIRECTION('',(0.,1.,-0.));
#5459=DIRECTION('',(-1.,0.,0.));
#5460=AXIS2_PLACEMENT_3D('',#5457,#5458,#5459);
#5461=PLANE('',#5460);
#5462=ORIENTED_EDGE('',*,*,#4274,.F.);
#5463=CARTESIAN_POINT('',(26.525419914,-0.874996268,-0.999986066));
#5464=DIRECTION('',(0.,0.,1.));
#5465=VECTOR('',#5464,0.7);
#5466=LINE('',#5463,#5465);
#5467=EDGE_CURVE('',#4260,#5374,#5466,.T.);
#5468=ORIENTED_EDGE('',*,*,#5467,.T.);
#5469=ORIENTED_EDGE('',*,*,#5379,.F.);
#5470=CARTESIAN_POINT('',(26.899767062,-0.874996268,-0.999986066));
#5471=DIRECTION('',(0.,0.,1.));
#5472=VECTOR('',#5471,0.7);
#5473=LINE('',#5470,#5472);
#5474=EDGE_CURVE('',#4269,#5372,#5473,.T.);
#5475=ORIENTED_EDGE('',*,*,#5474,.F.);
#5476=EDGE_LOOP('',(#5462,#5468,#5469,#5475));
#5477=FACE_BOUND('',#5476,.T.);
#5478=ADVANCED_FACE('',(#5477),#5461,.T.);
#5479=CARTESIAN_POINT('',(26.525419914,-0.544996268,-1.799986066));
#5480=DIRECTION('',(0.,-0.,-1.));
#5481=DIRECTION('',(-1.,0.,-0.));
#5482=AXIS2_PLACEMENT_3D('',#5479,#5480,#5481);
#5483=CYLINDRICAL_SURFACE('',#5482,0.33);
#5484=ORIENTED_EDGE('',*,*,#5467,.F.);
#5485=ORIENTED_EDGE('',*,*,#4266,.F.);
#5486=CARTESIAN_POINT('',(26.195457795,-0.549996268,-0.299986066));
#5487=DIRECTION('',(0.,-0.,-1.));
#5488=VECTOR('',#5487,0.7);
#5489=LINE('',#5486,#5488);
#5490=EDGE_CURVE('',#5382,#4251,#5489,.T.);
#5491=ORIENTED_EDGE('',*,*,#5490,.F.);
#5492=ORIENTED_EDGE('',*,*,#5388,.F.);
#5493=EDGE_LOOP('',(#5484,#5485,#5491,#5492));
#5494=FACE_BOUND('',#5493,.T.);
#5495=ADVANCED_FACE('',(#5494),#5483,.F.);
#5496=CARTESIAN_POINT('',(26.525419914,-0.554996268,-1.799986066));
#5497=DIRECTION('',(0.,-0.,-1.));
#5498=DIRECTION('',(-1.,0.,-0.));
#5499=AXIS2_PLACEMENT_3D('',#5496,#5497,#5498);
#5500=CYLINDRICAL_SURFACE('',#5499,0.33);
#5501=ORIENTED_EDGE('',*,*,#4257,.F.);
#5502=CARTESIAN_POINT('',(26.525419914,-0.224996268,-0.299986066));
#5503=DIRECTION('',(-0.,-0.,-1.));
#5504=VECTOR('',#5503,0.7);
#5505=LINE('',#5502,#5504);
#5506=EDGE_CURVE('',#5391,#4243,#5505,.T.);
#5507=ORIENTED_EDGE('',*,*,#5506,.F.);
#5508=ORIENTED_EDGE('',*,*,#5397,.F.);
#5509=ORIENTED_EDGE('',*,*,#5490,.T.);
#5510=EDGE_LOOP('',(#5501,#5507,#5508,#5509));
#5511=FACE_BOUND('',#5510,.T.);
#5512=ADVANCED_FACE('',(#5511),#5500,.F.);
#5513=CARTESIAN_POINT('',(26.899767062,-0.224996268,-1.799986066));
#5514=DIRECTION('',(-0.,-1.,0.));
#5515=DIRECTION('',(1.,-0.,-0.));
#5516=AXIS2_PLACEMENT_3D('',#5513,#5514,#5515);
#5517=PLANE('',#5516);
#5518=ORIENTED_EDGE('',*,*,#5403,.F.);
#5519=ORIENTED_EDGE('',*,*,#5506,.T.);
#5520=ORIENTED_EDGE('',*,*,#4248,.F.);
#5521=ORIENTED_EDGE('',*,*,#5357,.T.);
#5522=EDGE_LOOP('',(#5518,#5519,#5520,#5521));
#5523=FACE_BOUND('',#5522,.T.);
#5524=ADVANCED_FACE('',(#5523),#5517,.T.);
#5525=CARTESIAN_POINT('',(26.599767062,-0.149996268,-0.299986066));
#5526=DIRECTION('',(-0.,1.,-0.));
#5527=DIRECTION('',(-1.,-0.,0.));
#5528=AXIS2_PLACEMENT_3D('',#5525,#5526,#5527);
#5529=PLANE('',#5528);
#5530=ORIENTED_EDGE('',*,*,#5343,.T.);
#5531=ORIENTED_EDGE('',*,*,#1019,.F.);
#5532=CARTESIAN_POINT('',(26.289767062,-0.149996268,-0.2));
#5533=DIRECTION('',(-0.,-0.,-1.));
#5534=VECTOR('',#5533,0.099986066);
#5535=LINE('',#5532,#5534);
#5536=EDGE_CURVE('',#1005,#5407,#5535,.T.);
#5537=ORIENTED_EDGE('',*,*,#5536,.T.);
#5538=ORIENTED_EDGE('',*,*,#5412,.F.);
#5539=EDGE_LOOP('',(#5530,#5531,#5537,#5538));
#5540=FACE_BOUND('',#5539,.T.);
#5541=ADVANCED_FACE('NONE',(#5540),#5529,.F.);
#5542=CARTESIAN_POINT('',(26.289767062,-0.539996268,-0.299986066));
#5543=DIRECTION('',(0.,0.,1.));
#5544=DIRECTION('',(1.,-0.,0.));
#5545=AXIS2_PLACEMENT_3D('',#5542,#5543,#5544);
#5546=CYLINDRICAL_SURFACE('',#5545,0.39);
#5547=ORIENTED_EDGE('',*,*,#5421,.F.);
#5548=ORIENTED_EDGE('',*,*,#5536,.F.);
#5549=ORIENTED_EDGE('',*,*,#1011,.F.);
#5550=CARTESIAN_POINT('',(25.899767062,-0.539996268,-0.299986066));
#5551=DIRECTION('',(0.,0.,1.));
#5552=VECTOR('',#5551,0.099986066);
#5553=LINE('',#5550,#5552);
#5554=EDGE_CURVE('',#5415,#997,#5553,.T.);
#5555=ORIENTED_EDGE('',*,*,#5554,.F.);
#5556=EDGE_LOOP('',(#5547,#5548,#5549,#5555));
#5557=FACE_BOUND('',#5556,.T.);
#5558=ADVANCED_FACE('',(#5557),#5546,.F.);
#5559=CARTESIAN_POINT('',(25.899767062,-7.449996268,-0.299986066));
#5560=DIRECTION('',(1.,-0.,0.));
#5561=DIRECTION('',(0.,1.,-0.));
#5562=AXIS2_PLACEMENT_3D('',#5559,#5560,#5561);
#5563=PLANE('',#5562);
#5564=ORIENTED_EDGE('',*,*,#5429,.T.);
#5565=ORIENTED_EDGE('',*,*,#5554,.T.);
#5566=ORIENTED_EDGE('',*,*,#1002,.F.);
#5567=CARTESIAN_POINT('',(25.899767062,-0.559996268,-0.2));
#5568=DIRECTION('',(-0.,-0.,-1.));
#5569=VECTOR('',#5568,0.099986066);
#5570=LINE('',#5567,#5569);
#5571=EDGE_CURVE('',#988,#5424,#5570,.T.);
#5572=ORIENTED_EDGE('',*,*,#5571,.T.);
#5573=EDGE_LOOP('',(#5564,#5565,#5566,#5572));
#5574=FACE_BOUND('',#5573,.T.);
#5575=ADVANCED_FACE('',(#5574),#5563,.T.);
#5576=CARTESIAN_POINT('',(26.289767062,-0.559996268,-0.299986066));
#5577=DIRECTION('',(0.,0.,1.));
#5578=DIRECTION('',(1.,-0.,0.));
#5579=AXIS2_PLACEMENT_3D('',#5576,#5577,#5578);
#5580=CYLINDRICAL_SURFACE('',#5579,0.39);
#5581=ORIENTED_EDGE('',*,*,#5438,.F.);
#5582=ORIENTED_EDGE('',*,*,#5571,.F.);
#5583=ORIENTED_EDGE('',*,*,#994,.F.);
#5584=CARTESIAN_POINT('',(26.289767062,-0.949996268,-0.299986066));
#5585=DIRECTION('',(0.,0.,1.));
#5586=VECTOR('',#5585,0.099986066);
#5587=LINE('',#5584,#5586);
#5588=EDGE_CURVE('',#5432,#980,#5587,.T.);
#5589=ORIENTED_EDGE('',*,*,#5588,.F.);
#5590=EDGE_LOOP('',(#5581,#5582,#5583,#5589));
#5591=FACE_BOUND('',#5590,.T.);
#5592=ADVANCED_FACE('',(#5591),#5580,.F.);
#5593=CARTESIAN_POINT('',(26.599767062,-0.949996268,-0.299986066));
#5594=DIRECTION('',(-0.,-1.,0.));
#5595=DIRECTION('',(1.,-0.,0.));
#5596=AXIS2_PLACEMENT_3D('',#5593,#5594,#5595);
#5597=PLANE('',#5596);
#5598=ORIENTED_EDGE('',*,*,#5446,.F.);
#5599=ORIENTED_EDGE('',*,*,#5588,.T.);
#5600=ORIENTED_EDGE('',*,*,#985,.F.);
#5601=CARTESIAN_POINT('',(26.899767062,-0.949996268,-0.299986066));
#5602=DIRECTION('',(0.,0.,1.));
#5603=VECTOR('',#5602,0.099986066);
#5604=LINE('',#5601,#5603);
#5605=EDGE_CURVE('NONE',#5441,#972,#5604,.T.);
#5606=ORIENTED_EDGE('',*,*,#5605,.F.);
#5607=EDGE_LOOP('',(#5598,#5599,#5600,#5606));
#5608=FACE_BOUND('',#5607,.T.);
#5609=ADVANCED_FACE('NONE',(#5608),#5597,.F.);
#5610=CARTESIAN_POINT('',(26.899767062,-24.949996268,-0.999986066));
#5611=DIRECTION('',(1.,-0.,0.));
#5612=DIRECTION('',(0.,1.,-0.));
#5613=AXIS2_PLACEMENT_3D('',#5610,#5611,#5612);
#5614=PLANE('',#5613);
#5615=ORIENTED_EDGE('',*,*,#5605,.T.);
#5616=ORIENTED_EDGE('',*,*,#977,.F.);
#5617=CARTESIAN_POINT('',(26.899767062,-1.649996268,-0.299986066));
#5618=VERTEX_POINT('',#5617);
#5619=CARTESIAN_POINT('',(26.899767062,-1.649996268,-0.299986066));
#5620=DIRECTION('',(0.,0.,1.));
#5621=VECTOR('',#5620,0.099986066);
#5622=LINE('',#5619,#5621);
#5623=EDGE_CURVE('NONE',#5618,#964,#5622,.T.);
#5624=ORIENTED_EDGE('',*,*,#5623,.F.);
#5625=CARTESIAN_POINT('',(26.899767062,-1.724996268,-0.299986066));
#5626=VERTEX_POINT('',#5625);
#5627=CARTESIAN_POINT('',(26.899767062,-1.724996268,-0.299986066));
#5628=DIRECTION('',(0.,1.,-0.));
#5629=VECTOR('',#5628,0.075);
#5630=LINE('',#5627,#5629);
#5631=EDGE_CURVE('',#5626,#5618,#5630,.T.);
#5632=ORIENTED_EDGE('',*,*,#5631,.F.);
#5633=CARTESIAN_POINT('',(26.899767062,-1.724996268,-0.999986066));
#5634=DIRECTION('',(0.,0.,1.));
#5635=VECTOR('',#5634,0.7);
#5636=LINE('',#5633,#5635);
#5637=EDGE_CURVE('',#4277,#5626,#5636,.T.);
#5638=ORIENTED_EDGE('',*,*,#5637,.F.);
#5639=ORIENTED_EDGE('',*,*,#4282,.T.);
#5640=ORIENTED_EDGE('',*,*,#5474,.T.);
#5641=ORIENTED_EDGE('',*,*,#5452,.F.);
#5642=EDGE_LOOP('',(#5615,#5616,#5624,#5632,#5638,#5639,#5640,#5641));
#5643=FACE_BOUND('',#5642,.T.);
#5644=ADVANCED_FACE('',(#5643),#5614,.T.);
#5645=OVER_RIDING_STYLED_ITEM('',(#1986),#5644,#89);
#5646=CARTESIAN_POINT('',(26.899767062,-2.049996268,-0.299986066));
#5647=DIRECTION('',(0.,0.,1.));
#5648=DIRECTION('',(1.,-0.,0.));
#5649=AXIS2_PLACEMENT_3D('',#5646,#5647,#5648);
#5650=PLANE('',#5649);
#5651=CARTESIAN_POINT('',(26.899767062,-2.374996268,-0.299986066));
#5652=VERTEX_POINT('',#5651);
#5653=CARTESIAN_POINT('',(26.525419914,-2.374996268,-0.299986066));
#5654=VERTEX_POINT('',#5653);
#5655=CARTESIAN_POINT('',(26.899767062,-2.374996268,-0.299986066));
#5656=DIRECTION('',(-1.,0.,-0.));
#5657=VECTOR('',#5656,0.374347148);
#5658=LINE('',#5655,#5657);
#5659=EDGE_CURVE('',#5652,#5654,#5658,.T.);
#5660=ORIENTED_EDGE('',*,*,#5659,.T.);
#5661=CARTESIAN_POINT('',(26.195457795,-2.049996268,-0.299986066));
#5662=VERTEX_POINT('',#5661);
#5663=CARTESIAN_POINT('',(26.525419914,-2.044996268,-0.299986066));
#5664=DIRECTION('',(-0.,-0.,-1.));
#5665=DIRECTION('',(1.,-0.,0.));
#5666=AXIS2_PLACEMENT_3D('',#5663,#5664,#5665);
#5667=CIRCLE('',#5666,0.33);
#5668=EDGE_CURVE('',#5654,#5662,#5667,.T.);
#5669=ORIENTED_EDGE('',*,*,#5668,.T.);
#5670=CARTESIAN_POINT('',(26.525419914,-1.724996268,-0.299986066));
#5671=VERTEX_POINT('',#5670);
#5672=CARTESIAN_POINT('',(26.525419914,-2.054996268,-0.299986066));
#5673=DIRECTION('',(-0.,-0.,-1.));
#5674=DIRECTION('',(1.,-0.,0.));
#5675=AXIS2_PLACEMENT_3D('',#5672,#5673,#5674);
#5676=CIRCLE('',#5675,0.33);
#5677=EDGE_CURVE('',#5662,#5671,#5676,.T.);
#5678=ORIENTED_EDGE('',*,*,#5677,.T.);
#5679=CARTESIAN_POINT('',(26.525419914,-1.724996268,-0.299986066));
#5680=DIRECTION('',(1.,-0.,0.));
#5681=VECTOR('',#5680,0.374347148);
#5682=LINE('',#5679,#5681);
#5683=EDGE_CURVE('',#5671,#5626,#5682,.T.);
#5684=ORIENTED_EDGE('',*,*,#5683,.T.);
#5685=ORIENTED_EDGE('',*,*,#5631,.T.);
#5686=CARTESIAN_POINT('',(26.289767062,-1.649996268,-0.299986066));
#5687=VERTEX_POINT('',#5686);
#5688=CARTESIAN_POINT('',(26.899767062,-1.649996268,-0.299986066));
#5689=DIRECTION('',(-1.,-0.,0.));
#5690=VECTOR('',#5689,0.61);
#5691=LINE('',#5688,#5690);
#5692=EDGE_CURVE('NONE',#5618,#5687,#5691,.T.);
#5693=ORIENTED_EDGE('',*,*,#5692,.T.);
#5694=CARTESIAN_POINT('',(25.899767062,-2.039996268,-0.299986066));
#5695=VERTEX_POINT('',#5694);
#5696=CARTESIAN_POINT('',(26.289767062,-2.039996268,-0.299986066));
#5697=DIRECTION('',(0.,0.,1.));
#5698=DIRECTION('',(1.,-0.,0.));
#5699=AXIS2_PLACEMENT_3D('',#5696,#5697,#5698);
#5700=CIRCLE('',#5699,0.39);
#5701=EDGE_CURVE('',#5687,#5695,#5700,.T.);
#5702=ORIENTED_EDGE('',*,*,#5701,.T.);
#5703=CARTESIAN_POINT('',(25.899767062,-2.059996268,-0.299986066));
#5704=VERTEX_POINT('',#5703);
#5705=CARTESIAN_POINT('',(25.899767062,-2.059996268,-0.299986066));
#5706=DIRECTION('',(0.,1.,-0.));
#5707=VECTOR('',#5706,0.02);
#5708=LINE('',#5705,#5707);
#5709=EDGE_CURVE('',#5704,#5695,#5708,.T.);
#5710=ORIENTED_EDGE('',*,*,#5709,.F.);
#5711=CARTESIAN_POINT('',(26.289767062,-2.449996268,-0.299986066));
#5712=VERTEX_POINT('',#5711);
#5713=CARTESIAN_POINT('',(26.289767062,-2.059996268,-0.299986066));
#5714=DIRECTION('',(0.,0.,1.));
#5715=DIRECTION('',(1.,-0.,0.));
#5716=AXIS2_PLACEMENT_3D('',#5713,#5714,#5715);
#5717=CIRCLE('',#5716,0.39);
#5718=EDGE_CURVE('',#5704,#5712,#5717,.T.);
#5719=ORIENTED_EDGE('',*,*,#5718,.T.);
#5720=CARTESIAN_POINT('',(26.899767062,-2.449996268,-0.299986066));
#5721=VERTEX_POINT('',#5720);
#5722=CARTESIAN_POINT('',(26.289767062,-2.449996268,-0.299986066));
#5723=DIRECTION('',(1.,-0.,0.));
#5724=VECTOR('',#5723,0.61);
#5725=LINE('',#5722,#5724);
#5726=EDGE_CURVE('',#5712,#5721,#5725,.T.);
#5727=ORIENTED_EDGE('',*,*,#5726,.T.);
#5728=CARTESIAN_POINT('',(26.899767062,-2.449996268,-0.299986066));
#5729=DIRECTION('',(0.,1.,-0.));
#5730=VECTOR('',#5729,0.075);
#5731=LINE('',#5728,#5730);
#5732=EDGE_CURVE('NONE',#5721,#5652,#5731,.T.);
#5733=ORIENTED_EDGE('',*,*,#5732,.T.);
#5734=EDGE_LOOP('',(#5660,#5669,#5678,#5684,#5685,#5693,#5702,#5710,#5719,#5727,#5733));
#5735=FACE_BOUND('',#5734,.T.);
#5736=ADVANCED_FACE('',(#5735),#5650,.T.);
#5737=CARTESIAN_POINT('',(26.899767062,-2.374996268,-1.799986066));
#5738=DIRECTION('',(0.,1.,-0.));
#5739=DIRECTION('',(-1.,0.,0.));
#5740=AXIS2_PLACEMENT_3D('',#5737,#5738,#5739);
#5741=PLANE('',#5740);
#5742=ORIENTED_EDGE('',*,*,#4316,.F.);
#5743=CARTESIAN_POINT('',(26.525419914,-2.374996268,-0.999986066));
#5744=DIRECTION('',(0.,0.,1.));
#5745=VECTOR('',#5744,0.7);
#5746=LINE('',#5743,#5745);
#5747=EDGE_CURVE('',#4302,#5654,#5746,.T.);
#5748=ORIENTED_EDGE('',*,*,#5747,.T.);
#5749=ORIENTED_EDGE('',*,*,#5659,.F.);
#5750=CARTESIAN_POINT('',(26.899767062,-2.374996268,-0.999986066));
#5751=DIRECTION('',(0.,0.,1.));
#5752=VECTOR('',#5751,0.7);
#5753=LINE('',#5750,#5752);
#5754=EDGE_CURVE('',#4311,#5652,#5753,.T.);
#5755=ORIENTED_EDGE('',*,*,#5754,.F.);
#5756=EDGE_LOOP('',(#5742,#5748,#5749,#5755));
#5757=FACE_BOUND('',#5756,.T.);
#5758=ADVANCED_FACE('',(#5757),#5741,.T.);
#5759=CARTESIAN_POINT('',(26.525419914,-2.044996268,-1.799986066));
#5760=DIRECTION('',(0.,-0.,-1.));
#5761=DIRECTION('',(-1.,0.,-0.));
#5762=AXIS2_PLACEMENT_3D('',#5759,#5760,#5761);
#5763=CYLINDRICAL_SURFACE('',#5762,0.33);
#5764=ORIENTED_EDGE('',*,*,#5747,.F.);
#5765=ORIENTED_EDGE('',*,*,#4308,.F.);
#5766=CARTESIAN_POINT('',(26.195457795,-2.049996268,-0.299986066));
#5767=DIRECTION('',(0.,-0.,-1.));
#5768=VECTOR('',#5767,0.7);
#5769=LINE('',#5766,#5768);
#5770=EDGE_CURVE('',#5662,#4293,#5769,.T.);
#5771=ORIENTED_EDGE('',*,*,#5770,.F.);
#5772=ORIENTED_EDGE('',*,*,#5668,.F.);
#5773=EDGE_LOOP('',(#5764,#5765,#5771,#5772));
#5774=FACE_BOUND('',#5773,.T.);
#5775=ADVANCED_FACE('',(#5774),#5763,.F.);
#5776=CARTESIAN_POINT('',(26.525419914,-2.054996268,-1.799986066));
#5777=DIRECTION('',(0.,-0.,-1.));
#5778=DIRECTION('',(-1.,0.,-0.));
#5779=AXIS2_PLACEMENT_3D('',#5776,#5777,#5778);
#5780=CYLINDRICAL_SURFACE('',#5779,0.33);
#5781=ORIENTED_EDGE('',*,*,#4299,.F.);
#5782=CARTESIAN_POINT('',(26.525419914,-1.724996268,-0.299986066));
#5783=DIRECTION('',(-0.,-0.,-1.));
#5784=VECTOR('',#5783,0.7);
#5785=LINE('',#5782,#5784);
#5786=EDGE_CURVE('',#5671,#4285,#5785,.T.);
#5787=ORIENTED_EDGE('',*,*,#5786,.F.);
#5788=ORIENTED_EDGE('',*,*,#5677,.F.);
#5789=ORIENTED_EDGE('',*,*,#5770,.T.);
#5790=EDGE_LOOP('',(#5781,#5787,#5788,#5789));
#5791=FACE_BOUND('',#5790,.T.);
#5792=ADVANCED_FACE('',(#5791),#5780,.F.);
#5793=CARTESIAN_POINT('',(26.899767062,-1.724996268,-1.799986066));
#5794=DIRECTION('',(-0.,-1.,0.));
#5795=DIRECTION('',(1.,-0.,-0.));
#5796=AXIS2_PLACEMENT_3D('',#5793,#5794,#5795);
#5797=PLANE('',#5796);
#5798=ORIENTED_EDGE('',*,*,#5683,.F.);
#5799=ORIENTED_EDGE('',*,*,#5786,.T.);
#5800=ORIENTED_EDGE('',*,*,#4290,.F.);
#5801=ORIENTED_EDGE('',*,*,#5637,.T.);
#5802=EDGE_LOOP('',(#5798,#5799,#5800,#5801));
#5803=FACE_BOUND('',#5802,.T.);
#5804=ADVANCED_FACE('',(#5803),#5797,.T.);
#5805=CARTESIAN_POINT('',(26.599767062,-1.649996268,-0.299986066));
#5806=DIRECTION('',(-0.,1.,-0.));
#5807=DIRECTION('',(-1.,-0.,0.));
#5808=AXIS2_PLACEMENT_3D('',#5805,#5806,#5807);
#5809=PLANE('',#5808);
#5810=ORIENTED_EDGE('',*,*,#5623,.T.);
#5811=ORIENTED_EDGE('',*,*,#969,.F.);
#5812=CARTESIAN_POINT('',(26.289767062,-1.649996268,-0.2));
#5813=DIRECTION('',(-0.,-0.,-1.));
#5814=VECTOR('',#5813,0.099986066);
#5815=LINE('',#5812,#5814);
#5816=EDGE_CURVE('',#955,#5687,#5815,.T.);
#5817=ORIENTED_EDGE('',*,*,#5816,.T.);
#5818=ORIENTED_EDGE('',*,*,#5692,.F.);
#5819=EDGE_LOOP('',(#5810,#5811,#5817,#5818));
#5820=FACE_BOUND('',#5819,.T.);
#5821=ADVANCED_FACE('NONE',(#5820),#5809,.F.);
#5822=CARTESIAN_POINT('',(26.289767062,-2.039996268,-0.299986066));
#5823=DIRECTION('',(0.,0.,1.));
#5824=DIRECTION('',(1.,-0.,0.));
#5825=AXIS2_PLACEMENT_3D('',#5822,#5823,#5824);
#5826=CYLINDRICAL_SURFACE('',#5825,0.39);
#5827=ORIENTED_EDGE('',*,*,#5701,.F.);
#5828=ORIENTED_EDGE('',*,*,#5816,.F.);
#5829=ORIENTED_EDGE('',*,*,#961,.F.);
#5830=CARTESIAN_POINT('',(25.899767062,-2.039996268,-0.299986066));
#5831=DIRECTION('',(0.,0.,1.));
#5832=VECTOR('',#5831,0.099986066);
#5833=LINE('',#5830,#5832);
#5834=EDGE_CURVE('',#5695,#947,#5833,.T.);
#5835=ORIENTED_EDGE('',*,*,#5834,.F.);
#5836=EDGE_LOOP('',(#5827,#5828,#5829,#5835));
#5837=FACE_BOUND('',#5836,.T.);
#5838=ADVANCED_FACE('',(#5837),#5826,.F.);
#5839=CARTESIAN_POINT('',(25.899767062,-8.949996268,-0.299986066));
#5840=DIRECTION('',(1.,-0.,0.));
#5841=DIRECTION('',(0.,1.,-0.));
#5842=AXIS2_PLACEMENT_3D('',#5839,#5840,#5841);
#5843=PLANE('',#5842);
#5844=ORIENTED_EDGE('',*,*,#5709,.T.);
#5845=ORIENTED_EDGE('',*,*,#5834,.T.);
#5846=ORIENTED_EDGE('',*,*,#952,.F.);
#5847=CARTESIAN_POINT('',(25.899767062,-2.059996268,-0.2));
#5848=DIRECTION('',(-0.,-0.,-1.));
#5849=VECTOR('',#5848,0.099986066);
#5850=LINE('',#5847,#5849);
#5851=EDGE_CURVE('',#938,#5704,#5850,.T.);
#5852=ORIENTED_EDGE('',*,*,#5851,.T.);
#5853=EDGE_LOOP('',(#5844,#5845,#5846,#5852));
#5854=FACE_BOUND('',#5853,.T.);
#5855=ADVANCED_FACE('',(#5854),#5843,.T.);
#5856=CARTESIAN_POINT('',(26.289767062,-2.059996268,-0.299986066));
#5857=DIRECTION('',(0.,0.,1.));
#5858=DIRECTION('',(1.,-0.,0.));
#5859=AXIS2_PLACEMENT_3D('',#5856,#5857,#5858);
#5860=CYLINDRICAL_SURFACE('',#5859,0.39);
#5861=ORIENTED_EDGE('',*,*,#5718,.F.);
#5862=ORIENTED_EDGE('',*,*,#5851,.F.);
#5863=ORIENTED_EDGE('',*,*,#944,.F.);
#5864=CARTESIAN_POINT('',(26.289767062,-2.449996268,-0.299986066));
#5865=DIRECTION('',(0.,0.,1.));
#5866=VECTOR('',#5865,0.099986066);
#5867=LINE('',#5864,#5866);
#5868=EDGE_CURVE('',#5712,#930,#5867,.T.);
#5869=ORIENTED_EDGE('',*,*,#5868,.F.);
#5870=EDGE_LOOP('',(#5861,#5862,#5863,#5869));
#5871=FACE_BOUND('',#5870,.T.);
#5872=ADVANCED_FACE('',(#5871),#5860,.F.);
#5873=CARTESIAN_POINT('',(26.599767062,-2.449996268,-0.299986066));
#5874=DIRECTION('',(-0.,-1.,0.));
#5875=DIRECTION('',(1.,-0.,0.));
#5876=AXIS2_PLACEMENT_3D('',#5873,#5874,#5875);
#5877=PLANE('',#5876);
#5878=ORIENTED_EDGE('',*,*,#5726,.F.);
#5879=ORIENTED_EDGE('',*,*,#5868,.T.);
#5880=ORIENTED_EDGE('',*,*,#935,.F.);
#5881=CARTESIAN_POINT('',(26.899767062,-2.449996268,-0.299986066));
#5882=DIRECTION('',(0.,0.,1.));
#5883=VECTOR('',#5882,0.099986066);
#5884=LINE('',#5881,#5883);
#5885=EDGE_CURVE('NONE',#5721,#922,#5884,.T.);
#5886=ORIENTED_EDGE('',*,*,#5885,.F.);
#5887=EDGE_LOOP('',(#5878,#5879,#5880,#5886));
#5888=FACE_BOUND('',#5887,.T.);
#5889=ADVANCED_FACE('NONE',(#5888),#5877,.F.);
#5890=CARTESIAN_POINT('',(26.899767062,-26.449996268,-0.999986066));
#5891=DIRECTION('',(1.,-0.,0.));
#5892=DIRECTION('',(0.,1.,-0.));
#5893=AXIS2_PLACEMENT_3D('',#5890,#5891,#5892);
#5894=PLANE('',#5893);
#5895=ORIENTED_EDGE('',*,*,#5885,.T.);
#5896=ORIENTED_EDGE('',*,*,#927,.F.);
#5897=CARTESIAN_POINT('',(26.899767062,-3.149996268,-0.299986066));
#5898=VERTEX_POINT('',#5897);
#5899=CARTESIAN_POINT('',(26.899767062,-3.149996268,-0.299986066));
#5900=DIRECTION('',(0.,0.,1.));
#5901=VECTOR('',#5900,0.099986066);
#5902=LINE('',#5899,#5901);
#5903=EDGE_CURVE('NONE',#5898,#914,#5902,.T.);
#5904=ORIENTED_EDGE('',*,*,#5903,.F.);
#5905=CARTESIAN_POINT('',(26.899767062,-3.224996268,-0.299986066));
#5906=VERTEX_POINT('',#5905);
#5907=CARTESIAN_POINT('',(26.899767062,-3.224996268,-0.299986066));
#5908=DIRECTION('',(0.,1.,-0.));
#5909=VECTOR('',#5908,0.075);
#5910=LINE('',#5907,#5909);
#5911=EDGE_CURVE('',#5906,#5898,#5910,.T.);
#5912=ORIENTED_EDGE('',*,*,#5911,.F.);
#5913=CARTESIAN_POINT('',(26.899767062,-3.224996268,-0.999986066));
#5914=DIRECTION('',(0.,0.,1.));
#5915=VECTOR('',#5914,0.7);
#5916=LINE('',#5913,#5915);
#5917=EDGE_CURVE('',#4319,#5906,#5916,.T.);
#5918=ORIENTED_EDGE('',*,*,#5917,.F.);
#5919=ORIENTED_EDGE('',*,*,#4324,.T.);
#5920=ORIENTED_EDGE('',*,*,#5754,.T.);
#5921=ORIENTED_EDGE('',*,*,#5732,.F.);
#5922=EDGE_LOOP('',(#5895,#5896,#5904,#5912,#5918,#5919,#5920,#5921));
#5923=FACE_BOUND('',#5922,.T.);
#5924=ADVANCED_FACE('',(#5923),#5894,.T.);
#5925=OVER_RIDING_STYLED_ITEM('',(#1986),#5924,#89);
#5926=CARTESIAN_POINT('',(26.899767062,-3.549996268,-0.299986066));
#5927=DIRECTION('',(0.,0.,1.));
#5928=DIRECTION('',(1.,-0.,0.));
#5929=AXIS2_PLACEMENT_3D('',#5926,#5927,#5928);
#5930=PLANE('',#5929);
#5931=CARTESIAN_POINT('',(26.899767062,-3.874996268,-0.299986066));
#5932=VERTEX_POINT('',#5931);
#5933=CARTESIAN_POINT('',(26.525419914,-3.874996268,-0.299986066));
#5934=VERTEX_POINT('',#5933);
#5935=CARTESIAN_POINT('',(26.899767062,-3.874996268,-0.299986066));
#5936=DIRECTION('',(-1.,0.,-0.));
#5937=VECTOR('',#5936,0.374347148);
#5938=LINE('',#5935,#5937);
#5939=EDGE_CURVE('',#5932,#5934,#5938,.T.);
#5940=ORIENTED_EDGE('',*,*,#5939,.T.);
#5941=CARTESIAN_POINT('',(26.195457795,-3.549996268,-0.299986066));
#5942=VERTEX_POINT('',#5941);
#5943=CARTESIAN_POINT('',(26.525419914,-3.544996268,-0.299986066));
#5944=DIRECTION('',(-0.,-0.,-1.));
#5945=DIRECTION('',(1.,-0.,0.));
#5946=AXIS2_PLACEMENT_3D('',#5943,#5944,#5945);
#5947=CIRCLE('',#5946,0.33);
#5948=EDGE_CURVE('',#5934,#5942,#5947,.T.);
#5949=ORIENTED_EDGE('',*,*,#5948,.T.);
#5950=CARTESIAN_POINT('',(26.525419914,-3.224996268,-0.299986066));
#5951=VERTEX_POINT('',#5950);
#5952=CARTESIAN_POINT('',(26.525419914,-3.554996268,-0.299986066));
#5953=DIRECTION('',(-0.,-0.,-1.));
#5954=DIRECTION('',(1.,-0.,0.));
#5955=AXIS2_PLACEMENT_3D('',#5952,#5953,#5954);
#5956=CIRCLE('',#5955,0.33);
#5957=EDGE_CURVE('',#5942,#5951,#5956,.T.);
#5958=ORIENTED_EDGE('',*,*,#5957,.T.);
#5959=CARTESIAN_POINT('',(26.525419914,-3.224996268,-0.299986066));
#5960=DIRECTION('',(1.,-0.,0.));
#5961=VECTOR('',#5960,0.374347148);
#5962=LINE('',#5959,#5961);
#5963=EDGE_CURVE('',#5951,#5906,#5962,.T.);
#5964=ORIENTED_EDGE('',*,*,#5963,.T.);
#5965=ORIENTED_EDGE('',*,*,#5911,.T.);
#5966=CARTESIAN_POINT('',(26.289767062,-3.149996268,-0.299986066));
#5967=VERTEX_POINT('',#5966);
#5968=CARTESIAN_POINT('',(26.899767062,-3.149996268,-0.299986066));
#5969=DIRECTION('',(-1.,-0.,0.));
#5970=VECTOR('',#5969,0.61);
#5971=LINE('',#5968,#5970);
#5972=EDGE_CURVE('NONE',#5898,#5967,#5971,.T.);
#5973=ORIENTED_EDGE('',*,*,#5972,.T.);
#5974=CARTESIAN_POINT('',(25.899767062,-3.539996268,-0.299986066));
#5975=VERTEX_POINT('',#5974);
#5976=CARTESIAN_POINT('',(26.289767062,-3.539996268,-0.299986066));
#5977=DIRECTION('',(0.,0.,1.));
#5978=DIRECTION('',(1.,-0.,0.));
#5979=AXIS2_PLACEMENT_3D('',#5976,#5977,#5978);
#5980=CIRCLE('',#5979,0.39);
#5981=EDGE_CURVE('',#5967,#5975,#5980,.T.);
#5982=ORIENTED_EDGE('',*,*,#5981,.T.);
#5983=CARTESIAN_POINT('',(25.899767062,-3.559996268,-0.299986066));
#5984=VERTEX_POINT('',#5983);
#5985=CARTESIAN_POINT('',(25.899767062,-3.559996268,-0.299986066));
#5986=DIRECTION('',(0.,1.,-0.));
#5987=VECTOR('',#5986,0.02);
#5988=LINE('',#5985,#5987);
#5989=EDGE_CURVE('',#5984,#5975,#5988,.T.);
#5990=ORIENTED_EDGE('',*,*,#5989,.F.);
#5991=CARTESIAN_POINT('',(26.289767062,-3.949996268,-0.299986066));
#5992=VERTEX_POINT('',#5991);
#5993=CARTESIAN_POINT('',(26.289767062,-3.559996268,-0.299986066));
#5994=DIRECTION('',(0.,0.,1.));
#5995=DIRECTION('',(1.,-0.,0.));
#5996=AXIS2_PLACEMENT_3D('',#5993,#5994,#5995);
#5997=CIRCLE('',#5996,0.39);
#5998=EDGE_CURVE('',#5984,#5992,#5997,.T.);
#5999=ORIENTED_EDGE('',*,*,#5998,.T.);
#6000=CARTESIAN_POINT('',(26.899767062,-3.949996268,-0.299986066));
#6001=VERTEX_POINT('',#6000);
#6002=CARTESIAN_POINT('',(26.289767062,-3.949996268,-0.299986066));
#6003=DIRECTION('',(1.,-0.,0.));
#6004=VECTOR('',#6003,0.61);
#6005=LINE('',#6002,#6004);
#6006=EDGE_CURVE('',#5992,#6001,#6005,.T.);
#6007=ORIENTED_EDGE('',*,*,#6006,.T.);
#6008=CARTESIAN_POINT('',(26.899767062,-3.949996268,-0.299986066));
#6009=DIRECTION('',(0.,1.,-0.));
#6010=VECTOR('',#6009,0.075);
#6011=LINE('',#6008,#6010);
#6012=EDGE_CURVE('NONE',#6001,#5932,#6011,.T.);
#6013=ORIENTED_EDGE('',*,*,#6012,.T.);
#6014=EDGE_LOOP('',(#5940,#5949,#5958,#5964,#5965,#5973,#5982,#5990,#5999,#6007,#6013));
#6015=FACE_BOUND('',#6014,.T.);
#6016=ADVANCED_FACE('',(#6015),#5930,.T.);
#6017=CARTESIAN_POINT('',(26.899767062,-3.874996268,-1.799986066));
#6018=DIRECTION('',(0.,1.,-0.));
#6019=DIRECTION('',(-1.,0.,0.));
#6020=AXIS2_PLACEMENT_3D('',#6017,#6018,#6019);
#6021=PLANE('',#6020);
#6022=ORIENTED_EDGE('',*,*,#4358,.F.);
#6023=CARTESIAN_POINT('',(26.525419914,-3.874996268,-0.999986066));
#6024=DIRECTION('',(0.,0.,1.));
#6025=VECTOR('',#6024,0.7);
#6026=LINE('',#6023,#6025);
#6027=EDGE_CURVE('',#4344,#5934,#6026,.T.);
#6028=ORIENTED_EDGE('',*,*,#6027,.T.);
#6029=ORIENTED_EDGE('',*,*,#5939,.F.);
#6030=CARTESIAN_POINT('',(26.899767062,-3.874996268,-0.999986066));
#6031=DIRECTION('',(0.,0.,1.));
#6032=VECTOR('',#6031,0.7);
#6033=LINE('',#6030,#6032);
#6034=EDGE_CURVE('',#4353,#5932,#6033,.T.);
#6035=ORIENTED_EDGE('',*,*,#6034,.F.);
#6036=EDGE_LOOP('',(#6022,#6028,#6029,#6035));
#6037=FACE_BOUND('',#6036,.T.);
#6038=ADVANCED_FACE('',(#6037),#6021,.T.);
#6039=CARTESIAN_POINT('',(26.525419914,-3.544996268,-1.799986066));
#6040=DIRECTION('',(0.,-0.,-1.));
#6041=DIRECTION('',(-1.,0.,-0.));
#6042=AXIS2_PLACEMENT_3D('',#6039,#6040,#6041);
#6043=CYLINDRICAL_SURFACE('',#6042,0.33);
#6044=ORIENTED_EDGE('',*,*,#6027,.F.);
#6045=ORIENTED_EDGE('',*,*,#4350,.F.);
#6046=CARTESIAN_POINT('',(26.195457795,-3.549996268,-0.299986066));
#6047=DIRECTION('',(0.,-0.,-1.));
#6048=VECTOR('',#6047,0.7);
#6049=LINE('',#6046,#6048);
#6050=EDGE_CURVE('',#5942,#4335,#6049,.T.);
#6051=ORIENTED_EDGE('',*,*,#6050,.F.);
#6052=ORIENTED_EDGE('',*,*,#5948,.F.);
#6053=EDGE_LOOP('',(#6044,#6045,#6051,#6052));
#6054=FACE_BOUND('',#6053,.T.);
#6055=ADVANCED_FACE('',(#6054),#6043,.F.);
#6056=CARTESIAN_POINT('',(26.525419914,-3.554996268,-1.799986066));
#6057=DIRECTION('',(0.,-0.,-1.));
#6058=DIRECTION('',(-1.,0.,-0.));
#6059=AXIS2_PLACEMENT_3D('',#6056,#6057,#6058);
#6060=CYLINDRICAL_SURFACE('',#6059,0.33);
#6061=ORIENTED_EDGE('',*,*,#4341,.F.);
#6062=CARTESIAN_POINT('',(26.525419914,-3.224996268,-0.299986066));
#6063=DIRECTION('',(-0.,-0.,-1.));
#6064=VECTOR('',#6063,0.7);
#6065=LINE('',#6062,#6064);
#6066=EDGE_CURVE('',#5951,#4327,#6065,.T.);
#6067=ORIENTED_EDGE('',*,*,#6066,.F.);
#6068=ORIENTED_EDGE('',*,*,#5957,.F.);
#6069=ORIENTED_EDGE('',*,*,#6050,.T.);
#6070=EDGE_LOOP('',(#6061,#6067,#6068,#6069));
#6071=FACE_BOUND('',#6070,.T.);
#6072=ADVANCED_FACE('',(#6071),#6060,.F.);
#6073=CARTESIAN_POINT('',(26.899767062,-3.224996268,-1.799986066));
#6074=DIRECTION('',(-0.,-1.,0.));
#6075=DIRECTION('',(1.,-0.,-0.));
#6076=AXIS2_PLACEMENT_3D('',#6073,#6074,#6075);
#6077=PLANE('',#6076);
#6078=ORIENTED_EDGE('',*,*,#5963,.F.);
#6079=ORIENTED_EDGE('',*,*,#6066,.T.);
#6080=ORIENTED_EDGE('',*,*,#4332,.F.);
#6081=ORIENTED_EDGE('',*,*,#5917,.T.);
#6082=EDGE_LOOP('',(#6078,#6079,#6080,#6081));
#6083=FACE_BOUND('',#6082,.T.);
#6084=ADVANCED_FACE('',(#6083),#6077,.T.);
#6085=CARTESIAN_POINT('',(26.599767062,-3.149996268,-0.299986066));
#6086=DIRECTION('',(-0.,1.,-0.));
#6087=DIRECTION('',(-1.,-0.,0.));
#6088=AXIS2_PLACEMENT_3D('',#6085,#6086,#6087);
#6089=PLANE('',#6088);
#6090=ORIENTED_EDGE('',*,*,#5903,.T.);
#6091=ORIENTED_EDGE('',*,*,#919,.F.);
#6092=CARTESIAN_POINT('',(26.289767062,-3.149996268,-0.2));
#6093=DIRECTION('',(-0.,-0.,-1.));
#6094=VECTOR('',#6093,0.099986066);
#6095=LINE('',#6092,#6094);
#6096=EDGE_CURVE('',#905,#5967,#6095,.T.);
#6097=ORIENTED_EDGE('',*,*,#6096,.T.);
#6098=ORIENTED_EDGE('',*,*,#5972,.F.);
#6099=EDGE_LOOP('',(#6090,#6091,#6097,#6098));
#6100=FACE_BOUND('',#6099,.T.);
#6101=ADVANCED_FACE('NONE',(#6100),#6089,.F.);
#6102=CARTESIAN_POINT('',(26.289767062,-3.539996268,-0.299986066));
#6103=DIRECTION('',(0.,0.,1.));
#6104=DIRECTION('',(1.,-0.,0.));
#6105=AXIS2_PLACEMENT_3D('',#6102,#6103,#6104);
#6106=CYLINDRICAL_SURFACE('',#6105,0.39);
#6107=ORIENTED_EDGE('',*,*,#5981,.F.);
#6108=ORIENTED_EDGE('',*,*,#6096,.F.);
#6109=ORIENTED_EDGE('',*,*,#911,.F.);
#6110=CARTESIAN_POINT('',(25.899767062,-3.539996268,-0.299986066));
#6111=DIRECTION('',(0.,0.,1.));
#6112=VECTOR('',#6111,0.099986066);
#6113=LINE('',#6110,#6112);
#6114=EDGE_CURVE('',#5975,#897,#6113,.T.);
#6115=ORIENTED_EDGE('',*,*,#6114,.F.);
#6116=EDGE_LOOP('',(#6107,#6108,#6109,#6115));
#6117=FACE_BOUND('',#6116,.T.);
#6118=ADVANCED_FACE('',(#6117),#6106,.F.);
#6119=CARTESIAN_POINT('',(25.899767062,-10.449996268,-0.299986066));
#6120=DIRECTION('',(1.,-0.,0.));
#6121=DIRECTION('',(0.,1.,-0.));
#6122=AXIS2_PLACEMENT_3D('',#6119,#6120,#6121);
#6123=PLANE('',#6122);
#6124=ORIENTED_EDGE('',*,*,#5989,.T.);
#6125=ORIENTED_EDGE('',*,*,#6114,.T.);
#6126=ORIENTED_EDGE('',*,*,#902,.F.);
#6127=CARTESIAN_POINT('',(25.899767062,-3.559996268,-0.2));
#6128=DIRECTION('',(-0.,-0.,-1.));
#6129=VECTOR('',#6128,0.099986066);
#6130=LINE('',#6127,#6129);
#6131=EDGE_CURVE('',#888,#5984,#6130,.T.);
#6132=ORIENTED_EDGE('',*,*,#6131,.T.);
#6133=EDGE_LOOP('',(#6124,#6125,#6126,#6132));
#6134=FACE_BOUND('',#6133,.T.);
#6135=ADVANCED_FACE('',(#6134),#6123,.T.);
#6136=CARTESIAN_POINT('',(26.289767062,-3.559996268,-0.299986066));
#6137=DIRECTION('',(0.,0.,1.));
#6138=DIRECTION('',(1.,-0.,0.));
#6139=AXIS2_PLACEMENT_3D('',#6136,#6137,#6138);
#6140=CYLINDRICAL_SURFACE('',#6139,0.39);
#6141=ORIENTED_EDGE('',*,*,#5998,.F.);
#6142=ORIENTED_EDGE('',*,*,#6131,.F.);
#6143=ORIENTED_EDGE('',*,*,#894,.F.);
#6144=CARTESIAN_POINT('',(26.289767062,-3.949996268,-0.299986066));
#6145=DIRECTION('',(0.,0.,1.));
#6146=VECTOR('',#6145,0.099986066);
#6147=LINE('',#6144,#6146);
#6148=EDGE_CURVE('',#5992,#880,#6147,.T.);
#6149=ORIENTED_EDGE('',*,*,#6148,.F.);
#6150=EDGE_LOOP('',(#6141,#6142,#6143,#6149));
#6151=FACE_BOUND('',#6150,.T.);
#6152=ADVANCED_FACE('',(#6151),#6140,.F.);
#6153=CARTESIAN_POINT('',(26.599767062,-3.949996268,-0.299986066));
#6154=DIRECTION('',(-0.,-1.,0.));
#6155=DIRECTION('',(1.,-0.,0.));
#6156=AXIS2_PLACEMENT_3D('',#6153,#6154,#6155);
#6157=PLANE('',#6156);
#6158=ORIENTED_EDGE('',*,*,#6006,.F.);
#6159=ORIENTED_EDGE('',*,*,#6148,.T.);
#6160=ORIENTED_EDGE('',*,*,#885,.F.);
#6161=CARTESIAN_POINT('',(26.899767062,-3.949996268,-0.299986066));
#6162=DIRECTION('',(0.,0.,1.));
#6163=VECTOR('',#6162,0.099986066);
#6164=LINE('',#6161,#6163);
#6165=EDGE_CURVE('NONE',#6001,#872,#6164,.T.);
#6166=ORIENTED_EDGE('',*,*,#6165,.F.);
#6167=EDGE_LOOP('',(#6158,#6159,#6160,#6166));
#6168=FACE_BOUND('',#6167,.T.);
#6169=ADVANCED_FACE('NONE',(#6168),#6157,.F.);
#6170=CARTESIAN_POINT('',(26.899767062,-27.949996268,-0.999986066));
#6171=DIRECTION('',(1.,-0.,0.));
#6172=DIRECTION('',(0.,1.,-0.));
#6173=AXIS2_PLACEMENT_3D('',#6170,#6171,#6172);
#6174=PLANE('',#6173);
#6175=ORIENTED_EDGE('',*,*,#6165,.T.);
#6176=ORIENTED_EDGE('',*,*,#877,.F.);
#6177=CARTESIAN_POINT('',(26.899767062,-4.649996268,-0.299986066));
#6178=VERTEX_POINT('',#6177);
#6179=CARTESIAN_POINT('',(26.899767062,-4.649996268,-0.299986066));
#6180=DIRECTION('',(0.,0.,1.));
#6181=VECTOR('',#6180,0.099986066);
#6182=LINE('',#6179,#6181);
#6183=EDGE_CURVE('NONE',#6178,#864,#6182,.T.);
#6184=ORIENTED_EDGE('',*,*,#6183,.F.);
#6185=CARTESIAN_POINT('',(26.899767062,-4.724996268,-0.299986066));
#6186=VERTEX_POINT('',#6185);
#6187=CARTESIAN_POINT('',(26.899767062,-4.724996268,-0.299986066));
#6188=DIRECTION('',(0.,1.,-0.));
#6189=VECTOR('',#6188,0.075);
#6190=LINE('',#6187,#6189);
#6191=EDGE_CURVE('',#6186,#6178,#6190,.T.);
#6192=ORIENTED_EDGE('',*,*,#6191,.F.);
#6193=CARTESIAN_POINT('',(26.899767062,-4.724996268,-0.999986066));
#6194=DIRECTION('',(0.,0.,1.));
#6195=VECTOR('',#6194,0.7);
#6196=LINE('',#6193,#6195);
#6197=EDGE_CURVE('',#4361,#6186,#6196,.T.);
#6198=ORIENTED_EDGE('',*,*,#6197,.F.);
#6199=ORIENTED_EDGE('',*,*,#4366,.T.);
#6200=ORIENTED_EDGE('',*,*,#6034,.T.);
#6201=ORIENTED_EDGE('',*,*,#6012,.F.);
#6202=EDGE_LOOP('',(#6175,#6176,#6184,#6192,#6198,#6199,#6200,#6201));
#6203=FACE_BOUND('',#6202,.T.);
#6204=ADVANCED_FACE('',(#6203),#6174,.T.);
#6205=OVER_RIDING_STYLED_ITEM('',(#1986),#6204,#89);
#6206=CARTESIAN_POINT('',(26.899767062,3.950003732,-0.299986066));
#6207=DIRECTION('',(0.,0.,1.));
#6208=DIRECTION('',(1.,-0.,0.));
#6209=AXIS2_PLACEMENT_3D('',#6206,#6207,#6208);
#6210=PLANE('',#6209);
#6211=CARTESIAN_POINT('',(26.525419914,3.625003732,-0.299986066));
#6212=VERTEX_POINT('',#6211);
#6213=CARTESIAN_POINT('',(26.899767062,3.625003732,-0.299986066));
#6214=DIRECTION('',(-1.,0.,-0.));
#6215=VECTOR('',#6214,0.374347148);
#6216=LINE('',#6213,#6215);
#6217=EDGE_CURVE('',#5021,#6212,#6216,.T.);
#6218=ORIENTED_EDGE('',*,*,#6217,.T.);
#6219=CARTESIAN_POINT('',(26.195457795,3.950003732,-0.299986066));
#6220=VERTEX_POINT('',#6219);
#6221=CARTESIAN_POINT('',(26.525419914,3.955003732,-0.299986066));
#6222=DIRECTION('',(-0.,-0.,-1.));
#6223=DIRECTION('',(1.,-0.,0.));
#6224=AXIS2_PLACEMENT_3D('',#6221,#6222,#6223);
#6225=CIRCLE('',#6224,0.33);
#6226=EDGE_CURVE('',#6212,#6220,#6225,.T.);
#6227=ORIENTED_EDGE('',*,*,#6226,.T.);
#6228=CARTESIAN_POINT('',(26.525419914,4.275003732,-0.299986066));
#6229=VERTEX_POINT('',#6228);
#6230=CARTESIAN_POINT('',(26.525419914,3.945003732,-0.299986066));
#6231=DIRECTION('',(-0.,-0.,-1.));
#6232=DIRECTION('',(1.,-0.,0.));
#6233=AXIS2_PLACEMENT_3D('',#6230,#6231,#6232);
#6234=CIRCLE('',#6233,0.33);
#6235=EDGE_CURVE('',#6220,#6229,#6234,.T.);
#6236=ORIENTED_EDGE('',*,*,#6235,.T.);
#6237=CARTESIAN_POINT('',(26.525419914,4.275003732,-0.299986066));
#6238=DIRECTION('',(1.,-0.,0.));
#6239=VECTOR('',#6238,0.374347148);
#6240=LINE('',#6237,#6239);
#6241=EDGE_CURVE('',#6229,#4731,#6240,.T.);
#6242=ORIENTED_EDGE('',*,*,#6241,.T.);
#6243=ORIENTED_EDGE('',*,*,#4736,.T.);
#6244=CARTESIAN_POINT('',(26.289767062,4.350003732,-0.299986066));
#6245=VERTEX_POINT('',#6244);
#6246=CARTESIAN_POINT('',(26.899767062,4.350003732,-0.299986066));
#6247=DIRECTION('',(-1.,-0.,0.));
#6248=VECTOR('',#6247,0.61);
#6249=LINE('',#6246,#6248);
#6250=EDGE_CURVE('NONE',#4723,#6245,#6249,.T.);
#6251=ORIENTED_EDGE('',*,*,#6250,.T.);
#6252=CARTESIAN_POINT('',(25.899767062,3.960003732,-0.299986066));
#6253=VERTEX_POINT('',#6252);
#6254=CARTESIAN_POINT('',(26.289767062,3.960003732,-0.299986066));
#6255=DIRECTION('',(0.,0.,1.));
#6256=DIRECTION('',(1.,-0.,0.));
#6257=AXIS2_PLACEMENT_3D('',#6254,#6255,#6256);
#6258=CIRCLE('',#6257,0.39);
#6259=EDGE_CURVE('',#6245,#6253,#6258,.T.);
#6260=ORIENTED_EDGE('',*,*,#6259,.T.);
#6261=CARTESIAN_POINT('',(25.899767062,3.940003732,-0.299986066));
#6262=VERTEX_POINT('',#6261);
#6263=CARTESIAN_POINT('',(25.899767062,3.940003732,-0.299986066));
#6264=DIRECTION('',(0.,1.,-0.));
#6265=VECTOR('',#6264,0.02);
#6266=LINE('',#6263,#6265);
#6267=EDGE_CURVE('',#6262,#6253,#6266,.T.);
#6268=ORIENTED_EDGE('',*,*,#6267,.F.);
#6269=CARTESIAN_POINT('',(26.289767062,3.550003732,-0.299986066));
#6270=VERTEX_POINT('',#6269);
#6271=CARTESIAN_POINT('',(26.289767062,3.940003732,-0.299986066));
#6272=DIRECTION('',(0.,0.,1.));
#6273=DIRECTION('',(1.,-0.,0.));
#6274=AXIS2_PLACEMENT_3D('',#6271,#6272,#6273);
#6275=CIRCLE('',#6274,0.39);
#6276=EDGE_CURVE('',#6262,#6270,#6275,.T.);
#6277=ORIENTED_EDGE('',*,*,#6276,.T.);
#6278=CARTESIAN_POINT('',(26.289767062,3.550003732,-0.299986066));
#6279=DIRECTION('',(1.,-0.,0.));
#6280=VECTOR('',#6279,0.61);
#6281=LINE('',#6278,#6280);
#6282=EDGE_CURVE('',#6270,#5029,#6281,.T.);
#6283=ORIENTED_EDGE('',*,*,#6282,.T.);
#6284=ORIENTED_EDGE('',*,*,#5034,.T.);
#6285=EDGE_LOOP('',(#6218,#6227,#6236,#6242,#6243,#6251,#6260,#6268,#6277,#6283,#6284));
#6286=FACE_BOUND('',#6285,.T.);
#6287=ADVANCED_FACE('',(#6286),#6210,.T.);
#6288=CARTESIAN_POINT('',(26.899767062,3.625003732,-1.799986066));
#6289=DIRECTION('',(0.,1.,-0.));
#6290=DIRECTION('',(-1.,0.,0.));
#6291=AXIS2_PLACEMENT_3D('',#6288,#6289,#6290);
#6292=PLANE('',#6291);
#6293=ORIENTED_EDGE('',*,*,#4148,.F.);
#6294=CARTESIAN_POINT('',(26.525419914,3.625003732,-0.999986066));
#6295=DIRECTION('',(0.,0.,1.));
#6296=VECTOR('',#6295,0.7);
#6297=LINE('',#6294,#6296);
#6298=EDGE_CURVE('',#4134,#6212,#6297,.T.);
#6299=ORIENTED_EDGE('',*,*,#6298,.T.);
#6300=ORIENTED_EDGE('',*,*,#6217,.F.);
#6301=ORIENTED_EDGE('',*,*,#5026,.F.);
#6302=EDGE_LOOP('',(#6293,#6299,#6300,#6301));
#6303=FACE_BOUND('',#6302,.T.);
#6304=ADVANCED_FACE('',(#6303),#6292,.T.);
#6305=CARTESIAN_POINT('',(26.525419914,3.955003732,-1.799986066));
#6306=DIRECTION('',(0.,-0.,-1.));
#6307=DIRECTION('',(-1.,0.,-0.));
#6308=AXIS2_PLACEMENT_3D('',#6305,#6306,#6307);
#6309=CYLINDRICAL_SURFACE('',#6308,0.33);
#6310=ORIENTED_EDGE('',*,*,#6298,.F.);
#6311=ORIENTED_EDGE('',*,*,#4140,.F.);
#6312=CARTESIAN_POINT('',(26.195457795,3.950003732,-0.299986066));
#6313=DIRECTION('',(0.,-0.,-1.));
#6314=VECTOR('',#6313,0.7);
#6315=LINE('',#6312,#6314);
#6316=EDGE_CURVE('',#6220,#4125,#6315,.T.);
#6317=ORIENTED_EDGE('',*,*,#6316,.F.);
#6318=ORIENTED_EDGE('',*,*,#6226,.F.);
#6319=EDGE_LOOP('',(#6310,#6311,#6317,#6318));
#6320=FACE_BOUND('',#6319,.T.);
#6321=ADVANCED_FACE('',(#6320),#6309,.F.);
#6322=CARTESIAN_POINT('',(26.525419914,3.945003732,-1.799986066));
#6323=DIRECTION('',(0.,-0.,-1.));
#6324=DIRECTION('',(-1.,0.,-0.));
#6325=AXIS2_PLACEMENT_3D('',#6322,#6323,#6324);
#6326=CYLINDRICAL_SURFACE('',#6325,0.33);
#6327=ORIENTED_EDGE('',*,*,#4131,.F.);
#6328=CARTESIAN_POINT('',(26.525419914,4.275003732,-0.299986066));
#6329=DIRECTION('',(-0.,-0.,-1.));
#6330=VECTOR('',#6329,0.7);
#6331=LINE('',#6328,#6330);
#6332=EDGE_CURVE('',#6229,#4117,#6331,.T.);
#6333=ORIENTED_EDGE('',*,*,#6332,.F.);
#6334=ORIENTED_EDGE('',*,*,#6235,.F.);
#6335=ORIENTED_EDGE('',*,*,#6316,.T.);
#6336=EDGE_LOOP('',(#6327,#6333,#6334,#6335));
#6337=FACE_BOUND('',#6336,.T.);
#6338=ADVANCED_FACE('',(#6337),#6326,.F.);
#6339=CARTESIAN_POINT('',(26.899767062,4.275003732,-1.799986066));
#6340=DIRECTION('',(-0.,-1.,0.));
#6341=DIRECTION('',(1.,-0.,-0.));
#6342=AXIS2_PLACEMENT_3D('',#6339,#6340,#6341);
#6343=PLANE('',#6342);
#6344=ORIENTED_EDGE('',*,*,#6241,.F.);
#6345=ORIENTED_EDGE('',*,*,#6332,.T.);
#6346=ORIENTED_EDGE('',*,*,#4122,.F.);
#6347=ORIENTED_EDGE('',*,*,#4742,.T.);
#6348=EDGE_LOOP('',(#6344,#6345,#6346,#6347));
#6349=FACE_BOUND('',#6348,.T.);
#6350=ADVANCED_FACE('',(#6349),#6343,.T.);
#6351=CARTESIAN_POINT('',(26.599767062,4.350003732,-0.299986066));
#6352=DIRECTION('',(-0.,1.,-0.));
#6353=DIRECTION('',(-1.,-0.,0.));
#6354=AXIS2_PLACEMENT_3D('',#6351,#6352,#6353);
#6355=PLANE('',#6354);
#6356=ORIENTED_EDGE('',*,*,#4728,.T.);
#6357=ORIENTED_EDGE('',*,*,#1169,.F.);
#6358=CARTESIAN_POINT('',(26.289767062,4.350003732,-0.2));
#6359=DIRECTION('',(-0.,-0.,-1.));
#6360=VECTOR('',#6359,0.099986066);
#6361=LINE('',#6358,#6360);
#6362=EDGE_CURVE('',#1155,#6245,#6361,.T.);
#6363=ORIENTED_EDGE('',*,*,#6362,.T.);
#6364=ORIENTED_EDGE('',*,*,#6250,.F.);
#6365=EDGE_LOOP('',(#6356,#6357,#6363,#6364));
#6366=FACE_BOUND('',#6365,.T.);
#6367=ADVANCED_FACE('NONE',(#6366),#6355,.F.);
#6368=CARTESIAN_POINT('',(26.289767062,3.960003732,-0.299986066));
#6369=DIRECTION('',(0.,0.,1.));
#6370=DIRECTION('',(1.,-0.,0.));
#6371=AXIS2_PLACEMENT_3D('',#6368,#6369,#6370);
#6372=CYLINDRICAL_SURFACE('',#6371,0.39);
#6373=ORIENTED_EDGE('',*,*,#6259,.F.);
#6374=ORIENTED_EDGE('',*,*,#6362,.F.);
#6375=ORIENTED_EDGE('',*,*,#1161,.F.);
#6376=CARTESIAN_POINT('',(25.899767062,3.960003732,-0.299986066));
#6377=DIRECTION('',(0.,0.,1.));
#6378=VECTOR('',#6377,0.099986066);
#6379=LINE('',#6376,#6378);
#6380=EDGE_CURVE('',#6253,#1147,#6379,.T.);
#6381=ORIENTED_EDGE('',*,*,#6380,.F.);
#6382=EDGE_LOOP('',(#6373,#6374,#6375,#6381));
#6383=FACE_BOUND('',#6382,.T.);
#6384=ADVANCED_FACE('',(#6383),#6372,.F.);
#6385=CARTESIAN_POINT('',(25.899767062,-2.949996268,-0.299986066));
#6386=DIRECTION('',(1.,-0.,0.));
#6387=DIRECTION('',(0.,1.,-0.));
#6388=AXIS2_PLACEMENT_3D('',#6385,#6386,#6387);
#6389=PLANE('',#6388);
#6390=ORIENTED_EDGE('',*,*,#6267,.T.);
#6391=ORIENTED_EDGE('',*,*,#6380,.T.);
#6392=ORIENTED_EDGE('',*,*,#1152,.F.);
#6393=CARTESIAN_POINT('',(25.899767062,3.940003732,-0.2));
#6394=DIRECTION('',(-0.,-0.,-1.));
#6395=VECTOR('',#6394,0.099986066);
#6396=LINE('',#6393,#6395);
#6397=EDGE_CURVE('',#1138,#6262,#6396,.T.);
#6398=ORIENTED_EDGE('',*,*,#6397,.T.);
#6399=EDGE_LOOP('',(#6390,#6391,#6392,#6398));
#6400=FACE_BOUND('',#6399,.T.);
#6401=ADVANCED_FACE('',(#6400),#6389,.T.);
#6402=CARTESIAN_POINT('',(26.289767062,3.940003732,-0.299986066));
#6403=DIRECTION('',(0.,0.,1.));
#6404=DIRECTION('',(1.,-0.,0.));
#6405=AXIS2_PLACEMENT_3D('',#6402,#6403,#6404);
#6406=CYLINDRICAL_SURFACE('',#6405,0.39);
#6407=ORIENTED_EDGE('',*,*,#6276,.F.);
#6408=ORIENTED_EDGE('',*,*,#6397,.F.);
#6409=ORIENTED_EDGE('',*,*,#1144,.F.);
#6410=CARTESIAN_POINT('',(26.289767062,3.550003732,-0.299986066));
#6411=DIRECTION('',(0.,0.,1.));
#6412=VECTOR('',#6411,0.099986066);
#6413=LINE('',#6410,#6412);
#6414=EDGE_CURVE('',#6270,#1130,#6413,.T.);
#6415=ORIENTED_EDGE('',*,*,#6414,.F.);
#6416=EDGE_LOOP('',(#6407,#6408,#6409,#6415));
#6417=FACE_BOUND('',#6416,.T.);
#6418=ADVANCED_FACE('',(#6417),#6406,.F.);
#6419=CARTESIAN_POINT('',(26.599767062,3.550003732,-0.299986066));
#6420=DIRECTION('',(-0.,-1.,0.));
#6421=DIRECTION('',(1.,-0.,0.));
#6422=AXIS2_PLACEMENT_3D('',#6419,#6420,#6421);
#6423=PLANE('',#6422);
#6424=ORIENTED_EDGE('',*,*,#6282,.F.);
#6425=ORIENTED_EDGE('',*,*,#6414,.T.);
#6426=ORIENTED_EDGE('',*,*,#1135,.F.);
#6427=ORIENTED_EDGE('',*,*,#5040,.F.);
#6428=EDGE_LOOP('',(#6424,#6425,#6426,#6427));
#6429=FACE_BOUND('',#6428,.T.);
#6430=ADVANCED_FACE('NONE',(#6429),#6423,.F.);
#6431=CARTESIAN_POINT('',(26.899767062,-5.049996268,-0.299986066));
#6432=DIRECTION('',(0.,0.,1.));
#6433=DIRECTION('',(1.,-0.,0.));
#6434=AXIS2_PLACEMENT_3D('',#6431,#6432,#6433);
#6435=PLANE('',#6434);
#6436=CARTESIAN_POINT('',(26.899767062,-5.374996268,-0.299986066));
#6437=VERTEX_POINT('',#6436);
#6438=CARTESIAN_POINT('',(26.525419914,-5.374996268,-0.299986066));
#6439=VERTEX_POINT('',#6438);
#6440=CARTESIAN_POINT('',(26.899767062,-5.374996268,-0.299986066));
#6441=DIRECTION('',(-1.,0.,-0.));
#6442=VECTOR('',#6441,0.374347148);
#6443=LINE('',#6440,#6442);
#6444=EDGE_CURVE('',#6437,#6439,#6443,.T.);
#6445=ORIENTED_EDGE('',*,*,#6444,.T.);
#6446=CARTESIAN_POINT('',(26.195457795,-5.049996268,-0.299986066));
#6447=VERTEX_POINT('',#6446);
#6448=CARTESIAN_POINT('',(26.525419914,-5.044996268,-0.299986066));
#6449=DIRECTION('',(-0.,-0.,-1.));
#6450=DIRECTION('',(1.,-0.,0.));
#6451=AXIS2_PLACEMENT_3D('',#6448,#6449,#6450);
#6452=CIRCLE('',#6451,0.33);
#6453=EDGE_CURVE('',#6439,#6447,#6452,.T.);
#6454=ORIENTED_EDGE('',*,*,#6453,.T.);
#6455=CARTESIAN_POINT('',(26.525419914,-4.724996268,-0.299986066));
#6456=VERTEX_POINT('',#6455);
#6457=CARTESIAN_POINT('',(26.525419914,-5.054996268,-0.299986066));
#6458=DIRECTION('',(-0.,-0.,-1.));
#6459=DIRECTION('',(1.,-0.,0.));
#6460=AXIS2_PLACEMENT_3D('',#6457,#6458,#6459);
#6461=CIRCLE('',#6460,0.33);
#6462=EDGE_CURVE('',#6447,#6456,#6461,.T.);
#6463=ORIENTED_EDGE('',*,*,#6462,.T.);
#6464=CARTESIAN_POINT('',(26.525419914,-4.724996268,-0.299986066));
#6465=DIRECTION('',(1.,-0.,0.));
#6466=VECTOR('',#6465,0.374347148);
#6467=LINE('',#6464,#6466);
#6468=EDGE_CURVE('',#6456,#6186,#6467,.T.);
#6469=ORIENTED_EDGE('',*,*,#6468,.T.);
#6470=ORIENTED_EDGE('',*,*,#6191,.T.);
#6471=CARTESIAN_POINT('',(26.289767062,-4.649996268,-0.299986066));
#6472=VERTEX_POINT('',#6471);
#6473=CARTESIAN_POINT('',(26.899767062,-4.649996268,-0.299986066));
#6474=DIRECTION('',(-1.,-0.,0.));
#6475=VECTOR('',#6474,0.61);
#6476=LINE('',#6473,#6475);
#6477=EDGE_CURVE('NONE',#6178,#6472,#6476,.T.);
#6478=ORIENTED_EDGE('',*,*,#6477,.T.);
#6479=CARTESIAN_POINT('',(25.899767062,-5.039996268,-0.299986066));
#6480=VERTEX_POINT('',#6479);
#6481=CARTESIAN_POINT('',(26.289767062,-5.039996268,-0.299986066));
#6482=DIRECTION('',(0.,0.,1.));
#6483=DIRECTION('',(1.,-0.,0.));
#6484=AXIS2_PLACEMENT_3D('',#6481,#6482,#6483);
#6485=CIRCLE('',#6484,0.39);
#6486=EDGE_CURVE('',#6472,#6480,#6485,.T.);
#6487=ORIENTED_EDGE('',*,*,#6486,.T.);
#6488=CARTESIAN_POINT('',(25.899767062,-5.059996268,-0.299986066));
#6489=VERTEX_POINT('',#6488);
#6490=CARTESIAN_POINT('',(25.899767062,-5.059996268,-0.299986066));
#6491=DIRECTION('',(0.,1.,-0.));
#6492=VECTOR('',#6491,0.02);
#6493=LINE('',#6490,#6492);
#6494=EDGE_CURVE('',#6489,#6480,#6493,.T.);
#6495=ORIENTED_EDGE('',*,*,#6494,.F.);
#6496=CARTESIAN_POINT('',(26.289767062,-5.449996268,-0.299986066));
#6497=VERTEX_POINT('',#6496);
#6498=CARTESIAN_POINT('',(26.289767062,-5.059996268,-0.299986066));
#6499=DIRECTION('',(0.,0.,1.));
#6500=DIRECTION('',(1.,-0.,0.));
#6501=AXIS2_PLACEMENT_3D('',#6498,#6499,#6500);
#6502=CIRCLE('',#6501,0.39);
#6503=EDGE_CURVE('',#6489,#6497,#6502,.T.);
#6504=ORIENTED_EDGE('',*,*,#6503,.T.);
#6505=CARTESIAN_POINT('',(26.899767062,-5.449996268,-0.299986066));
#6506=VERTEX_POINT('',#6505);
#6507=CARTESIAN_POINT('',(26.289767062,-5.449996268,-0.299986066));
#6508=DIRECTION('',(1.,-0.,0.));
#6509=VECTOR('',#6508,0.61);
#6510=LINE('',#6507,#6509);
#6511=EDGE_CURVE('',#6497,#6506,#6510,.T.);
#6512=ORIENTED_EDGE('',*,*,#6511,.T.);
#6513=CARTESIAN_POINT('',(26.899767062,-5.449996268,-0.299986066));
#6514=DIRECTION('',(0.,1.,-0.));
#6515=VECTOR('',#6514,0.075);
#6516=LINE('',#6513,#6515);
#6517=EDGE_CURVE('NONE',#6506,#6437,#6516,.T.);
#6518=ORIENTED_EDGE('',*,*,#6517,.T.);
#6519=EDGE_LOOP('',(#6445,#6454,#6463,#6469,#6470,#6478,#6487,#6495,#6504,#6512,#6518));
#6520=FACE_BOUND('',#6519,.T.);
#6521=ADVANCED_FACE('',(#6520),#6435,.T.);
#6522=CARTESIAN_POINT('',(26.899767062,-5.374996268,-1.799986066));
#6523=DIRECTION('',(0.,1.,-0.));
#6524=DIRECTION('',(-1.,0.,0.));
#6525=AXIS2_PLACEMENT_3D('',#6522,#6523,#6524);
#6526=PLANE('',#6525);
#6527=ORIENTED_EDGE('',*,*,#4400,.F.);
#6528=CARTESIAN_POINT('',(26.525419914,-5.374996268,-0.999986066));
#6529=DIRECTION('',(0.,0.,1.));
#6530=VECTOR('',#6529,0.7);
#6531=LINE('',#6528,#6530);
#6532=EDGE_CURVE('',#4386,#6439,#6531,.T.);
#6533=ORIENTED_EDGE('',*,*,#6532,.T.);
#6534=ORIENTED_EDGE('',*,*,#6444,.F.);
#6535=CARTESIAN_POINT('',(26.899767062,-5.374996268,-0.999986066));
#6536=DIRECTION('',(0.,0.,1.));
#6537=VECTOR('',#6536,0.7);
#6538=LINE('',#6535,#6537);
#6539=EDGE_CURVE('',#4395,#6437,#6538,.T.);
#6540=ORIENTED_EDGE('',*,*,#6539,.F.);
#6541=EDGE_LOOP('',(#6527,#6533,#6534,#6540));
#6542=FACE_BOUND('',#6541,.T.);
#6543=ADVANCED_FACE('',(#6542),#6526,.T.);
#6544=CARTESIAN_POINT('',(26.525419914,-5.044996268,-1.799986066));
#6545=DIRECTION('',(0.,-0.,-1.));
#6546=DIRECTION('',(-1.,0.,-0.));
#6547=AXIS2_PLACEMENT_3D('',#6544,#6545,#6546);
#6548=CYLINDRICAL_SURFACE('',#6547,0.33);
#6549=ORIENTED_EDGE('',*,*,#6532,.F.);
#6550=ORIENTED_EDGE('',*,*,#4392,.F.);
#6551=CARTESIAN_POINT('',(26.195457795,-5.049996268,-0.299986066));
#6552=DIRECTION('',(0.,-0.,-1.));
#6553=VECTOR('',#6552,0.7);
#6554=LINE('',#6551,#6553);
#6555=EDGE_CURVE('',#6447,#4377,#6554,.T.);
#6556=ORIENTED_EDGE('',*,*,#6555,.F.);
#6557=ORIENTED_EDGE('',*,*,#6453,.F.);
#6558=EDGE_LOOP('',(#6549,#6550,#6556,#6557));
#6559=FACE_BOUND('',#6558,.T.);
#6560=ADVANCED_FACE('',(#6559),#6548,.F.);
#6561=CARTESIAN_POINT('',(26.525419914,-5.054996268,-1.799986066));
#6562=DIRECTION('',(0.,-0.,-1.));
#6563=DIRECTION('',(-1.,0.,-0.));
#6564=AXIS2_PLACEMENT_3D('',#6561,#6562,#6563);
#6565=CYLINDRICAL_SURFACE('',#6564,0.33);
#6566=ORIENTED_EDGE('',*,*,#4383,.F.);
#6567=CARTESIAN_POINT('',(26.525419914,-4.724996268,-0.299986066));
#6568=DIRECTION('',(-0.,-0.,-1.));
#6569=VECTOR('',#6568,0.7);
#6570=LINE('',#6567,#6569);
#6571=EDGE_CURVE('',#6456,#4369,#6570,.T.);
#6572=ORIENTED_EDGE('',*,*,#6571,.F.);
#6573=ORIENTED_EDGE('',*,*,#6462,.F.);
#6574=ORIENTED_EDGE('',*,*,#6555,.T.);
#6575=EDGE_LOOP('',(#6566,#6572,#6573,#6574));
#6576=FACE_BOUND('',#6575,.T.);
#6577=ADVANCED_FACE('',(#6576),#6565,.F.);
#6578=CARTESIAN_POINT('',(26.899767062,-4.724996268,-1.799986066));
#6579=DIRECTION('',(-0.,-1.,0.));
#6580=DIRECTION('',(1.,-0.,-0.));
#6581=AXIS2_PLACEMENT_3D('',#6578,#6579,#6580);
#6582=PLANE('',#6581);
#6583=ORIENTED_EDGE('',*,*,#6468,.F.);
#6584=ORIENTED_EDGE('',*,*,#6571,.T.);
#6585=ORIENTED_EDGE('',*,*,#4374,.F.);
#6586=ORIENTED_EDGE('',*,*,#6197,.T.);
#6587=EDGE_LOOP('',(#6583,#6584,#6585,#6586));
#6588=FACE_BOUND('',#6587,.T.);
#6589=ADVANCED_FACE('',(#6588),#6582,.T.);
#6590=CARTESIAN_POINT('',(26.599767062,-4.649996268,-0.299986066));
#6591=DIRECTION('',(-0.,1.,-0.));
#6592=DIRECTION('',(-1.,-0.,0.));
#6593=AXIS2_PLACEMENT_3D('',#6590,#6591,#6592);
#6594=PLANE('',#6593);
#6595=ORIENTED_EDGE('',*,*,#6183,.T.);
#6596=ORIENTED_EDGE('',*,*,#869,.F.);
#6597=CARTESIAN_POINT('',(26.289767062,-4.649996268,-0.2));
#6598=DIRECTION('',(-0.,-0.,-1.));
#6599=VECTOR('',#6598,0.099986066);
#6600=LINE('',#6597,#6599);
#6601=EDGE_CURVE('',#855,#6472,#6600,.T.);
#6602=ORIENTED_EDGE('',*,*,#6601,.T.);
#6603=ORIENTED_EDGE('',*,*,#6477,.F.);
#6604=EDGE_LOOP('',(#6595,#6596,#6602,#6603));
#6605=FACE_BOUND('',#6604,.T.);
#6606=ADVANCED_FACE('NONE',(#6605),#6594,.F.);
#6607=CARTESIAN_POINT('',(26.289767062,-5.039996268,-0.299986066));
#6608=DIRECTION('',(0.,0.,1.));
#6609=DIRECTION('',(1.,-0.,0.));
#6610=AXIS2_PLACEMENT_3D('',#6607,#6608,#6609);
#6611=CYLINDRICAL_SURFACE('',#6610,0.39);
#6612=ORIENTED_EDGE('',*,*,#6486,.F.);
#6613=ORIENTED_EDGE('',*,*,#6601,.F.);
#6614=ORIENTED_EDGE('',*,*,#861,.F.);
#6615=CARTESIAN_POINT('',(25.899767062,-5.039996268,-0.299986066));
#6616=DIRECTION('',(0.,0.,1.));
#6617=VECTOR('',#6616,0.099986066);
#6618=LINE('',#6615,#6617);
#6619=EDGE_CURVE('',#6480,#847,#6618,.T.);
#6620=ORIENTED_EDGE('',*,*,#6619,.F.);
#6621=EDGE_LOOP('',(#6612,#6613,#6614,#6620));
#6622=FACE_BOUND('',#6621,.T.);
#6623=ADVANCED_FACE('',(#6622),#6611,.F.);
#6624=CARTESIAN_POINT('',(25.899767062,-11.949996268,-0.299986066));
#6625=DIRECTION('',(1.,-0.,0.));
#6626=DIRECTION('',(0.,1.,-0.));
#6627=AXIS2_PLACEMENT_3D('',#6624,#6625,#6626);
#6628=PLANE('',#6627);
#6629=ORIENTED_EDGE('',*,*,#6494,.T.);
#6630=ORIENTED_EDGE('',*,*,#6619,.T.);
#6631=ORIENTED_EDGE('',*,*,#852,.F.);
#6632=CARTESIAN_POINT('',(25.899767062,-5.059996268,-0.2));
#6633=DIRECTION('',(-0.,-0.,-1.));
#6634=VECTOR('',#6633,0.099986066);
#6635=LINE('',#6632,#6634);
#6636=EDGE_CURVE('',#838,#6489,#6635,.T.);
#6637=ORIENTED_EDGE('',*,*,#6636,.T.);
#6638=EDGE_LOOP('',(#6629,#6630,#6631,#6637));
#6639=FACE_BOUND('',#6638,.T.);
#6640=ADVANCED_FACE('',(#6639),#6628,.T.);
#6641=CARTESIAN_POINT('',(26.289767062,-5.059996268,-0.299986066));
#6642=DIRECTION('',(0.,0.,1.));
#6643=DIRECTION('',(1.,-0.,0.));
#6644=AXIS2_PLACEMENT_3D('',#6641,#6642,#6643);
#6645=CYLINDRICAL_SURFACE('',#6644,0.39);
#6646=ORIENTED_EDGE('',*,*,#6636,.F.);
#6647=ORIENTED_EDGE('',*,*,#844,.T.);
#6648=CARTESIAN_POINT('',(26.289767062,-5.449996268,-0.299986066));
#6649=DIRECTION('',(0.,0.,1.));
#6650=VECTOR('',#6649,0.099986066);
#6651=LINE('',#6648,#6650);
#6652=EDGE_CURVE('',#6497,#830,#6651,.T.);
#6653=ORIENTED_EDGE('',*,*,#6652,.F.);
#6654=ORIENTED_EDGE('',*,*,#6503,.F.);
#6655=EDGE_LOOP('',(#6646,#6647,#6653,#6654));
#6656=FACE_BOUND('',#6655,.T.);
#6657=ADVANCED_FACE('',(#6656),#6645,.F.);
#6658=CARTESIAN_POINT('',(26.599767062,-5.449996268,-0.299986066));
#6659=DIRECTION('',(-0.,-1.,0.));
#6660=DIRECTION('',(1.,-0.,0.));
#6661=AXIS2_PLACEMENT_3D('',#6658,#6659,#6660);
#6662=PLANE('',#6661);
#6663=ORIENTED_EDGE('',*,*,#835,.F.);
#6664=CARTESIAN_POINT('',(26.899767062,-5.449996268,-0.299986066));
#6665=DIRECTION('',(0.,0.,1.));
#6666=VECTOR('',#6665,0.099986066);
#6667=LINE('',#6664,#6666);
#6668=EDGE_CURVE('NONE',#6506,#822,#6667,.T.);
#6669=ORIENTED_EDGE('',*,*,#6668,.F.);
#6670=ORIENTED_EDGE('',*,*,#6511,.F.);
#6671=ORIENTED_EDGE('',*,*,#6652,.T.);
#6672=EDGE_LOOP('',(#6663,#6669,#6670,#6671));
#6673=FACE_BOUND('',#6672,.T.);
#6674=ADVANCED_FACE('NONE',(#6673),#6662,.F.);
#6675=CARTESIAN_POINT('',(26.899767062,-29.449996268,-0.999986066));
#6676=DIRECTION('',(1.,-0.,0.));
#6677=DIRECTION('',(0.,1.,-0.));
#6678=AXIS2_PLACEMENT_3D('',#6675,#6676,#6677);
#6679=PLANE('',#6678);
#6680=ORIENTED_EDGE('',*,*,#827,.F.);
#6681=CARTESIAN_POINT('',(26.899767062,-6.3,-0.999986066));
#6682=DIRECTION('',(-0.,0.,1.));
#6683=VECTOR('',#6682,0.799986066);
#6684=LINE('',#6681,#6683);
#6685=EDGE_CURVE('',#4403,#814,#6684,.T.);
#6686=ORIENTED_EDGE('',*,*,#6685,.F.);
#6687=ORIENTED_EDGE('',*,*,#4408,.T.);
#6688=ORIENTED_EDGE('',*,*,#6539,.T.);
#6689=ORIENTED_EDGE('',*,*,#6517,.F.);
#6690=ORIENTED_EDGE('',*,*,#6668,.T.);
#6691=EDGE_LOOP('',(#6680,#6686,#6687,#6688,#6689,#6690));
#6692=FACE_BOUND('',#6691,.T.);
#6693=ADVANCED_FACE('',(#6692),#6679,.T.);
#6694=OVER_RIDING_STYLED_ITEM('',(#1986),#6693,#89);
#6695=CARTESIAN_POINT('',(25.11,-6.3,-0.3));
#6696=DIRECTION('',(0.,0.,1.));
#6697=DIRECTION('',(0.,-1.,0.));
#6698=AXIS2_PLACEMENT_3D('',#6695,#6696,#6697);
#6699=PLANE('',#6698);
#6700=CARTESIAN_POINT('',(24.785,-6.3,-0.3));
#6701=VERTEX_POINT('',#6700);
#6702=CARTESIAN_POINT('',(24.785,-5.925652852,-0.3));
#6703=VERTEX_POINT('',#6702);
#6704=CARTESIAN_POINT('',(24.785,-6.3,-0.3));
#6705=DIRECTION('',(0.,1.,-0.));
#6706=VECTOR('',#6705,0.374347148);
#6707=LINE('',#6704,#6706);
#6708=EDGE_CURVE('',#6701,#6703,#6707,.T.);
#6709=ORIENTED_EDGE('',*,*,#6708,.T.);
#6710=CARTESIAN_POINT('',(25.11,-5.595690733,-0.3));
#6711=VERTEX_POINT('',#6710);
#6712=CARTESIAN_POINT('',(25.115,-5.925652852,-0.3));
#6713=DIRECTION('',(-0.,-0.,-1.));
#6714=DIRECTION('',(0.,-1.,0.));
#6715=AXIS2_PLACEMENT_3D('',#6712,#6713,#6714);
#6716=CIRCLE('',#6715,0.33);
#6717=EDGE_CURVE('',#6703,#6711,#6716,.T.);
#6718=ORIENTED_EDGE('',*,*,#6717,.T.);
#6719=CARTESIAN_POINT('',(25.435,-5.925652852,-0.3));
#6720=VERTEX_POINT('',#6719);
#6721=CARTESIAN_POINT('',(25.105,-5.925652852,-0.3));
#6722=DIRECTION('',(-0.,-0.,-1.));
#6723=DIRECTION('',(0.,-1.,0.));
#6724=AXIS2_PLACEMENT_3D('',#6721,#6722,#6723);
#6725=CIRCLE('',#6724,0.33);
#6726=EDGE_CURVE('',#6711,#6720,#6725,.T.);
#6727=ORIENTED_EDGE('',*,*,#6726,.T.);
#6728=CARTESIAN_POINT('',(25.435,-6.3,-0.3));
#6729=VERTEX_POINT('',#6728);
#6730=CARTESIAN_POINT('',(25.435,-5.925652852,-0.3));
#6731=DIRECTION('',(-0.,-1.,0.));
#6732=VECTOR('',#6731,0.374347148);
#6733=LINE('',#6730,#6732);
#6734=EDGE_CURVE('',#6720,#6729,#6733,.T.);
#6735=ORIENTED_EDGE('',*,*,#6734,.T.);
#6736=CARTESIAN_POINT('',(25.51,-6.3,-0.3));
#6737=VERTEX_POINT('',#6736);
#6738=CARTESIAN_POINT('',(25.435,-6.3,-0.3));
#6739=DIRECTION('',(1.,0.,-0.));
#6740=VECTOR('',#6739,0.075);
#6741=LINE('',#6738,#6740);
#6742=EDGE_CURVE('',#6729,#6737,#6741,.T.);
#6743=ORIENTED_EDGE('',*,*,#6742,.T.);
#6744=CARTESIAN_POINT('',(25.51,-5.69,-0.3));
#6745=VERTEX_POINT('',#6744);
#6746=CARTESIAN_POINT('',(25.51,-6.3,-0.3));
#6747=DIRECTION('',(-0.,1.,-0.));
#6748=VECTOR('',#6747,0.61);
#6749=LINE('',#6746,#6748);
#6750=EDGE_CURVE('NONE',#6737,#6745,#6749,.T.);
#6751=ORIENTED_EDGE('',*,*,#6750,.T.);
#6752=CARTESIAN_POINT('',(25.12,-5.3,-0.3));
#6753=VERTEX_POINT('',#6752);
#6754=CARTESIAN_POINT('',(25.12,-5.69,-0.3));
#6755=DIRECTION('',(0.,0.,1.));
#6756=DIRECTION('',(0.,-1.,0.));
#6757=AXIS2_PLACEMENT_3D('',#6754,#6755,#6756);
#6758=CIRCLE('',#6757,0.39);
#6759=EDGE_CURVE('',#6745,#6753,#6758,.T.);
#6760=ORIENTED_EDGE('',*,*,#6759,.T.);
#6761=CARTESIAN_POINT('',(25.1,-5.3,-0.3));
#6762=VERTEX_POINT('',#6761);
#6763=CARTESIAN_POINT('',(25.1,-5.3,-0.3));
#6764=DIRECTION('',(1.,-0.,0.));
#6765=VECTOR('',#6764,0.02);
#6766=LINE('',#6763,#6765);
#6767=EDGE_CURVE('',#6762,#6753,#6766,.T.);
#6768=ORIENTED_EDGE('',*,*,#6767,.F.);
#6769=CARTESIAN_POINT('',(24.71,-5.69,-0.3));
#6770=VERTEX_POINT('',#6769);
#6771=CARTESIAN_POINT('',(25.1,-5.69,-0.3));
#6772=DIRECTION('',(0.,0.,1.));
#6773=DIRECTION('',(0.,-1.,0.));
#6774=AXIS2_PLACEMENT_3D('',#6771,#6772,#6773);
#6775=CIRCLE('',#6774,0.39);
#6776=EDGE_CURVE('',#6762,#6770,#6775,.T.);
#6777=ORIENTED_EDGE('',*,*,#6776,.T.);
#6778=CARTESIAN_POINT('',(24.71,-6.3,-0.3));
#6779=VERTEX_POINT('',#6778);
#6780=CARTESIAN_POINT('',(24.71,-5.69,-0.3));
#6781=DIRECTION('',(0.,-1.,0.));
#6782=VECTOR('',#6781,0.61);
#6783=LINE('',#6780,#6782);
#6784=EDGE_CURVE('',#6770,#6779,#6783,.T.);
#6785=ORIENTED_EDGE('',*,*,#6784,.T.);
#6786=CARTESIAN_POINT('',(24.71,-6.3,-0.3));
#6787=DIRECTION('',(1.,0.,-0.));
#6788=VECTOR('',#6787,0.075);
#6789=LINE('',#6786,#6788);
#6790=EDGE_CURVE('NONE',#6779,#6701,#6789,.T.);
#6791=ORIENTED_EDGE('',*,*,#6790,.T.);
#6792=EDGE_LOOP('',(#6709,#6718,#6727,#6735,#6743,#6751,#6760,#6768,#6777,#6785,#6791));
#6793=FACE_BOUND('',#6792,.T.);
#6794=ADVANCED_FACE('',(#6793),#6699,.T.);
#6795=CARTESIAN_POINT('',(24.785,-6.3,-1.8));
#6796=DIRECTION('',(1.,-0.,0.));
#6797=DIRECTION('',(0.,1.,0.));
#6798=AXIS2_PLACEMENT_3D('',#6795,#6796,#6797);
#6799=PLANE('',#6798);
#6800=ORIENTED_EDGE('',*,*,#2832,.F.);
#6801=CARTESIAN_POINT('',(24.785,-5.925652852,-1.));
#6802=DIRECTION('',(0.,0.,1.));
#6803=VECTOR('',#6802,0.7);
#6804=LINE('',#6801,#6803);
#6805=EDGE_CURVE('',#2818,#6703,#6804,.T.);
#6806=ORIENTED_EDGE('',*,*,#6805,.T.);
#6807=ORIENTED_EDGE('',*,*,#6708,.F.);
#6808=CARTESIAN_POINT('',(24.785,-6.3,-1.));
#6809=DIRECTION('',(0.,0.,1.));
#6810=VECTOR('',#6809,0.7);
#6811=LINE('',#6808,#6810);
#6812=EDGE_CURVE('',#2827,#6701,#6811,.T.);
#6813=ORIENTED_EDGE('',*,*,#6812,.F.);
#6814=EDGE_LOOP('',(#6800,#6806,#6807,#6813));
#6815=FACE_BOUND('',#6814,.T.);
#6816=ADVANCED_FACE('',(#6815),#6799,.T.);
#6817=CARTESIAN_POINT('',(25.115,-5.925652852,-1.8));
#6818=DIRECTION('',(0.,-0.,-1.));
#6819=DIRECTION('',(0.,1.,-0.));
#6820=AXIS2_PLACEMENT_3D('',#6817,#6818,#6819);
#6821=CYLINDRICAL_SURFACE('',#6820,0.33);
#6822=ORIENTED_EDGE('',*,*,#6805,.F.);
#6823=ORIENTED_EDGE('',*,*,#2824,.F.);
#6824=CARTESIAN_POINT('',(25.11,-5.595690733,-0.3));
#6825=DIRECTION('',(0.,-0.,-1.));
#6826=VECTOR('',#6825,0.7);
#6827=LINE('',#6824,#6826);
#6828=EDGE_CURVE('',#6711,#2809,#6827,.T.);
#6829=ORIENTED_EDGE('',*,*,#6828,.F.);
#6830=ORIENTED_EDGE('',*,*,#6717,.F.);
#6831=EDGE_LOOP('',(#6822,#6823,#6829,#6830));
#6832=FACE_BOUND('',#6831,.T.);
#6833=ADVANCED_FACE('',(#6832),#6821,.F.);
#6834=CARTESIAN_POINT('',(25.105,-5.925652852,-1.8));
#6835=DIRECTION('',(-0.,-0.,-1.));
#6836=DIRECTION('',(0.,1.,-0.));
#6837=AXIS2_PLACEMENT_3D('',#6834,#6835,#6836);
#6838=CYLINDRICAL_SURFACE('',#6837,0.33);
#6839=ORIENTED_EDGE('',*,*,#2815,.F.);
#6840=CARTESIAN_POINT('',(25.435,-5.925652852,-0.3));
#6841=DIRECTION('',(-0.,-0.,-1.));
#6842=VECTOR('',#6841,0.7);
#6843=LINE('',#6840,#6842);
#6844=EDGE_CURVE('',#6720,#2801,#6843,.T.);
#6845=ORIENTED_EDGE('',*,*,#6844,.F.);
#6846=ORIENTED_EDGE('',*,*,#6726,.F.);
#6847=ORIENTED_EDGE('',*,*,#6828,.T.);
#6848=EDGE_LOOP('',(#6839,#6845,#6846,#6847));
#6849=FACE_BOUND('',#6848,.T.);
#6850=ADVANCED_FACE('',(#6849),#6838,.F.);
#6851=CARTESIAN_POINT('',(25.435,-6.3,-1.8));
#6852=DIRECTION('',(-1.,0.,-0.));
#6853=DIRECTION('',(-0.,-1.,0.));
#6854=AXIS2_PLACEMENT_3D('',#6851,#6852,#6853);
#6855=PLANE('',#6854);
#6856=ORIENTED_EDGE('',*,*,#6734,.F.);
#6857=ORIENTED_EDGE('',*,*,#6844,.T.);
#6858=ORIENTED_EDGE('',*,*,#2806,.F.);
#6859=CARTESIAN_POINT('',(25.435,-6.3,-1.));
#6860=DIRECTION('',(0.,0.,1.));
#6861=VECTOR('',#6860,0.7);
#6862=LINE('',#6859,#6861);
#6863=EDGE_CURVE('',#2793,#6729,#6862,.T.);
#6864=ORIENTED_EDGE('',*,*,#6863,.T.);
#6865=EDGE_LOOP('',(#6856,#6857,#6858,#6864));
#6866=FACE_BOUND('',#6865,.T.);
#6867=ADVANCED_FACE('',(#6866),#6855,.T.);
#6868=CARTESIAN_POINT('',(25.51,-6.,-0.3));
#6869=DIRECTION('',(1.,0.,-0.));
#6870=DIRECTION('',(-0.,1.,-0.));
#6871=AXIS2_PLACEMENT_3D('',#6868,#6869,#6870);
#6872=PLANE('',#6871);
#6873=ORIENTED_EDGE('',*,*,#811,.T.);
#6874=CARTESIAN_POINT('',(25.51,-5.69,-0.2));
#6875=DIRECTION('',(-0.,-0.,-1.));
#6876=VECTOR('',#6875,0.1);
#6877=LINE('',#6874,#6876);
#6878=EDGE_CURVE('',#797,#6745,#6877,.T.);
#6879=ORIENTED_EDGE('',*,*,#6878,.T.);
#6880=ORIENTED_EDGE('',*,*,#6750,.F.);
#6881=CARTESIAN_POINT('',(25.51,-6.3,-0.3));
#6882=DIRECTION('',(0.,0.,1.));
#6883=VECTOR('',#6882,0.1);
#6884=LINE('',#6881,#6883);
#6885=EDGE_CURVE('NONE',#6737,#806,#6884,.T.);
#6886=ORIENTED_EDGE('',*,*,#6885,.T.);
#6887=EDGE_LOOP('',(#6873,#6879,#6880,#6886));
#6888=FACE_BOUND('',#6887,.T.);
#6889=ADVANCED_FACE('NONE',(#6888),#6872,.F.);
#6890=CARTESIAN_POINT('',(25.12,-5.69,-0.3));
#6891=DIRECTION('',(0.,0.,1.));
#6892=DIRECTION('',(0.,-1.,0.));
#6893=AXIS2_PLACEMENT_3D('',#6890,#6891,#6892);
#6894=CYLINDRICAL_SURFACE('',#6893,0.39);
#6895=ORIENTED_EDGE('',*,*,#6759,.F.);
#6896=ORIENTED_EDGE('',*,*,#6878,.F.);
#6897=ORIENTED_EDGE('',*,*,#803,.F.);
#6898=CARTESIAN_POINT('',(25.12,-5.3,-0.3));
#6899=DIRECTION('',(0.,0.,1.));
#6900=VECTOR('',#6899,0.1);
#6901=LINE('',#6898,#6900);
#6902=EDGE_CURVE('',#6753,#789,#6901,.T.);
#6903=ORIENTED_EDGE('',*,*,#6902,.F.);
#6904=EDGE_LOOP('',(#6895,#6896,#6897,#6903));
#6905=FACE_BOUND('',#6904,.T.);
#6906=ADVANCED_FACE('',(#6905),#6894,.F.);
#6907=CARTESIAN_POINT('',(18.21,-5.3,-0.3));
#6908=DIRECTION('',(-0.,-1.,0.));
#6909=DIRECTION('',(1.,-0.,0.));
#6910=AXIS2_PLACEMENT_3D('',#6907,#6908,#6909);
#6911=PLANE('',#6910);
#6912=ORIENTED_EDGE('',*,*,#6767,.T.);
#6913=ORIENTED_EDGE('',*,*,#6902,.T.);
#6914=ORIENTED_EDGE('',*,*,#794,.F.);
#6915=CARTESIAN_POINT('',(25.1,-5.3,-0.2));
#6916=DIRECTION('',(-0.,-0.,-1.));
#6917=VECTOR('',#6916,0.1);
#6918=LINE('',#6915,#6917);
#6919=EDGE_CURVE('',#780,#6762,#6918,.T.);
#6920=ORIENTED_EDGE('',*,*,#6919,.T.);
#6921=EDGE_LOOP('',(#6912,#6913,#6914,#6920));
#6922=FACE_BOUND('',#6921,.T.);
#6923=ADVANCED_FACE('',(#6922),#6911,.T.);
#6924=CARTESIAN_POINT('',(25.1,-5.69,-0.3));
#6925=DIRECTION('',(0.,0.,1.));
#6926=DIRECTION('',(0.,-1.,0.));
#6927=AXIS2_PLACEMENT_3D('',#6924,#6925,#6926);
#6928=CYLINDRICAL_SURFACE('',#6927,0.39);
#6929=ORIENTED_EDGE('',*,*,#6776,.F.);
#6930=ORIENTED_EDGE('',*,*,#6919,.F.);
#6931=ORIENTED_EDGE('',*,*,#786,.F.);
#6932=CARTESIAN_POINT('',(24.71,-5.69,-0.3));
#6933=DIRECTION('',(0.,0.,1.));
#6934=VECTOR('',#6933,0.1);
#6935=LINE('',#6932,#6934);
#6936=EDGE_CURVE('',#6770,#772,#6935,.T.);
#6937=ORIENTED_EDGE('',*,*,#6936,.F.);
#6938=EDGE_LOOP('',(#6929,#6930,#6931,#6937));
#6939=FACE_BOUND('',#6938,.T.);
#6940=ADVANCED_FACE('',(#6939),#6928,.F.);
#6941=CARTESIAN_POINT('',(24.71,-6.,-0.3));
#6942=DIRECTION('',(-1.,0.,0.));
#6943=DIRECTION('',(0.,-1.,0.));
#6944=AXIS2_PLACEMENT_3D('',#6941,#6942,#6943);
#6945=PLANE('',#6944);
#6946=ORIENTED_EDGE('',*,*,#6784,.F.);
#6947=ORIENTED_EDGE('',*,*,#6936,.T.);
#6948=ORIENTED_EDGE('',*,*,#777,.T.);
#6949=CARTESIAN_POINT('',(24.71,-6.3,-0.3));
#6950=DIRECTION('',(0.,0.,1.));
#6951=VECTOR('',#6950,0.1);
#6952=LINE('',#6949,#6951);
#6953=EDGE_CURVE('NONE',#6779,#764,#6952,.T.);
#6954=ORIENTED_EDGE('',*,*,#6953,.F.);
#6955=EDGE_LOOP('',(#6946,#6947,#6948,#6954));
#6956=FACE_BOUND('',#6955,.T.);
#6957=ADVANCED_FACE('NONE',(#6956),#6945,.F.);
#6958=CARTESIAN_POINT('',(0.71,-6.3,-1.));
#6959=DIRECTION('',(0.,-1.,0.));
#6960=DIRECTION('',(1.,0.,0.));
#6961=AXIS2_PLACEMENT_3D('',#6958,#6959,#6960);
#6962=PLANE('',#6961);
#6963=ORIENTED_EDGE('',*,*,#4416,.T.);
#6964=ORIENTED_EDGE('',*,*,#6685,.T.);
#6965=ORIENTED_EDGE('',*,*,#819,.F.);
#6966=ORIENTED_EDGE('',*,*,#6885,.F.);
#6967=ORIENTED_EDGE('',*,*,#6742,.F.);
#6968=ORIENTED_EDGE('',*,*,#6863,.F.);
#6969=ORIENTED_EDGE('',*,*,#2798,.T.);
#6970=CARTESIAN_POINT('',(25.887,-6.3,-1.));
#6971=DIRECTION('',(0.,0.,1.));
#6972=VECTOR('',#6971,0.000013934);
#6973=LINE('',#6970,#6972);
#6974=EDGE_CURVE('',#2785,#4411,#6973,.T.);
#6975=ORIENTED_EDGE('',*,*,#6974,.T.);
#6976=EDGE_LOOP('',(#6963,#6964,#6965,#6966,#6967,#6968,#6969,#6975));
#6977=FACE_BOUND('',#6976,.T.);
#6978=ADVANCED_FACE('',(#6977),#6962,.T.);
#6979=OVER_RIDING_STYLED_ITEM('',(#1986),#6978,#89);
#6980=CARTESIAN_POINT('',(0.71,-6.3,-1.));
#6981=DIRECTION('',(0.,-1.,0.));
#6982=DIRECTION('',(1.,0.,0.));
#6983=AXIS2_PLACEMENT_3D('',#6980,#6981,#6982);
#6984=PLANE('',#6983);
#6985=ORIENTED_EDGE('',*,*,#769,.F.);
#6986=ORIENTED_EDGE('',*,*,#761,.F.);
#6987=ORIENTED_EDGE('',*,*,#753,.F.);
#6988=CARTESIAN_POINT('',(24.01,-6.3,-0.3));
#6989=VERTEX_POINT('',#6988);
#6990=CARTESIAN_POINT('',(24.01,-6.3,-0.3));
#6991=DIRECTION('',(0.,0.,1.));
#6992=VECTOR('',#6991,0.1);
#6993=LINE('',#6990,#6992);
#6994=EDGE_CURVE('NONE',#6989,#740,#6993,.T.);
#6995=ORIENTED_EDGE('',*,*,#6994,.F.);
#6996=CARTESIAN_POINT('',(23.935,-6.3,-0.3));
#6997=VERTEX_POINT('',#6996);
#6998=CARTESIAN_POINT('',(23.935,-6.3,-0.3));
#6999=DIRECTION('',(1.,0.,-0.));
#7000=VECTOR('',#6999,0.075);
#7001=LINE('',#6998,#7000);
#7002=EDGE_CURVE('',#6997,#6989,#7001,.T.);
#7003=ORIENTED_EDGE('',*,*,#7002,.F.);
#7004=CARTESIAN_POINT('',(23.935,-6.3,-1.));
#7005=DIRECTION('',(0.,0.,1.));
#7006=VECTOR('',#7005,0.7);
#7007=LINE('',#7004,#7006);
#7008=EDGE_CURVE('',#2851,#6997,#7007,.T.);
#7009=ORIENTED_EDGE('',*,*,#7008,.F.);
#7010=ORIENTED_EDGE('',*,*,#2856,.T.);
#7011=ORIENTED_EDGE('',*,*,#2848,.T.);
#7012=ORIENTED_EDGE('',*,*,#2840,.T.);
#7013=ORIENTED_EDGE('',*,*,#6812,.T.);
#7014=ORIENTED_EDGE('',*,*,#6790,.F.);
#7015=ORIENTED_EDGE('',*,*,#6953,.T.);
#7016=EDGE_LOOP('',(#6985,#6986,#6987,#6995,#7003,#7009,#7010,#7011,#7012,#7013,#7014,#7015));
#7017=FACE_BOUND('',#7016,.T.);
#7018=ADVANCED_FACE('',(#7017),#6984,.T.);
#7019=OVER_RIDING_STYLED_ITEM('',(#1986),#7018,#89);
#7020=CARTESIAN_POINT('',(25.887,-5.839366469,-1.86));
#7021=DIRECTION('',(1.,0.,0.));
#7022=DIRECTION('',(0.,0.,-1.));
#7023=AXIS2_PLACEMENT_3D('',#7020,#7021,#7022);
#7024=PLANE('',#7023);
#7025=ORIENTED_EDGE('',*,*,#4422,.F.);
#7026=ORIENTED_EDGE('',*,*,#6974,.F.);
#7027=ORIENTED_EDGE('',*,*,#2790,.F.);
#7028=EDGE_LOOP('',(#7025,#7026,#7027));
#7029=FACE_BOUND('',#7028,.T.);
#7030=ADVANCED_FACE('',(#7029),#7024,.T.);
#7031=OVER_RIDING_STYLED_ITEM('',(#1986),#7030,#89);
#7032=CARTESIAN_POINT('',(23.61,-6.3,-0.3));
#7033=DIRECTION('',(0.,0.,1.));
#7034=DIRECTION('',(0.,-1.,0.));
#7035=AXIS2_PLACEMENT_3D('',#7032,#7033,#7034);
#7036=PLANE('',#7035);
#7037=CARTESIAN_POINT('',(23.285,-6.3,-0.3));
#7038=VERTEX_POINT('',#7037);
#7039=CARTESIAN_POINT('',(23.285,-5.925652852,-0.3));
#7040=VERTEX_POINT('',#7039);
#7041=CARTESIAN_POINT('',(23.285,-6.3,-0.3));
#7042=DIRECTION('',(0.,1.,-0.));
#7043=VECTOR('',#7042,0.374347148);
#7044=LINE('',#7041,#7043);
#7045=EDGE_CURVE('',#7038,#7040,#7044,.T.);
#7046=ORIENTED_EDGE('',*,*,#7045,.T.);
#7047=CARTESIAN_POINT('',(23.61,-5.595690733,-0.3));
#7048=VERTEX_POINT('',#7047);
#7049=CARTESIAN_POINT('',(23.615,-5.925652852,-0.3));
#7050=DIRECTION('',(-0.,-0.,-1.));
#7051=DIRECTION('',(0.,-1.,0.));
#7052=AXIS2_PLACEMENT_3D('',#7049,#7050,#7051);
#7053=CIRCLE('',#7052,0.33);
#7054=EDGE_CURVE('',#7040,#7048,#7053,.T.);
#7055=ORIENTED_EDGE('',*,*,#7054,.T.);
#7056=CARTESIAN_POINT('',(23.935,-5.925652852,-0.3));
#7057=VERTEX_POINT('',#7056);
#7058=CARTESIAN_POINT('',(23.605,-5.925652852,-0.3));
#7059=DIRECTION('',(-0.,-0.,-1.));
#7060=DIRECTION('',(0.,-1.,0.));
#7061=AXIS2_PLACEMENT_3D('',#7058,#7059,#7060);
#7062=CIRCLE('',#7061,0.33);
#7063=EDGE_CURVE('',#7048,#7057,#7062,.T.);
#7064=ORIENTED_EDGE('',*,*,#7063,.T.);
#7065=CARTESIAN_POINT('',(23.935,-5.925652852,-0.3));
#7066=DIRECTION('',(-0.,-1.,0.));
#7067=VECTOR('',#7066,0.374347148);
#7068=LINE('',#7065,#7067);
#7069=EDGE_CURVE('',#7057,#6997,#7068,.T.);
#7070=ORIENTED_EDGE('',*,*,#7069,.T.);
#7071=ORIENTED_EDGE('',*,*,#7002,.T.);
#7072=CARTESIAN_POINT('',(24.01,-5.69,-0.3));
#7073=VERTEX_POINT('',#7072);
#7074=CARTESIAN_POINT('',(24.01,-6.3,-0.3));
#7075=DIRECTION('',(-0.,1.,-0.));
#7076=VECTOR('',#7075,0.61);
#7077=LINE('',#7074,#7076);
#7078=EDGE_CURVE('NONE',#6989,#7073,#7077,.T.);
#7079=ORIENTED_EDGE('',*,*,#7078,.T.);
#7080=CARTESIAN_POINT('',(23.62,-5.3,-0.3));
#7081=VERTEX_POINT('',#7080);
#7082=CARTESIAN_POINT('',(23.62,-5.69,-0.3));
#7083=DIRECTION('',(0.,0.,1.));
#7084=DIRECTION('',(0.,-1.,0.));
#7085=AXIS2_PLACEMENT_3D('',#7082,#7083,#7084);
#7086=CIRCLE('',#7085,0.39);
#7087=EDGE_CURVE('',#7073,#7081,#7086,.T.);
#7088=ORIENTED_EDGE('',*,*,#7087,.T.);
#7089=CARTESIAN_POINT('',(23.6,-5.3,-0.3));
#7090=VERTEX_POINT('',#7089);
#7091=CARTESIAN_POINT('',(23.6,-5.3,-0.3));
#7092=DIRECTION('',(1.,-0.,0.));
#7093=VECTOR('',#7092,0.02);
#7094=LINE('',#7091,#7093);
#7095=EDGE_CURVE('',#7090,#7081,#7094,.T.);
#7096=ORIENTED_EDGE('',*,*,#7095,.F.);
#7097=CARTESIAN_POINT('',(23.21,-5.69,-0.3));
#7098=VERTEX_POINT('',#7097);
#7099=CARTESIAN_POINT('',(23.6,-5.69,-0.3));
#7100=DIRECTION('',(0.,0.,1.));
#7101=DIRECTION('',(0.,-1.,0.));
#7102=AXIS2_PLACEMENT_3D('',#7099,#7100,#7101);
#7103=CIRCLE('',#7102,0.39);
#7104=EDGE_CURVE('',#7090,#7098,#7103,.T.);
#7105=ORIENTED_EDGE('',*,*,#7104,.T.);
#7106=CARTESIAN_POINT('',(23.21,-6.3,-0.3));
#7107=VERTEX_POINT('',#7106);
#7108=CARTESIAN_POINT('',(23.21,-5.69,-0.3));
#7109=DIRECTION('',(0.,-1.,0.));
#7110=VECTOR('',#7109,0.61);
#7111=LINE('',#7108,#7110);
#7112=EDGE_CURVE('',#7098,#7107,#7111,.T.);
#7113=ORIENTED_EDGE('',*,*,#7112,.T.);
#7114=CARTESIAN_POINT('',(23.21,-6.3,-0.3));
#7115=DIRECTION('',(1.,0.,-0.));
#7116=VECTOR('',#7115,0.075);
#7117=LINE('',#7114,#7116);
#7118=EDGE_CURVE('NONE',#7107,#7038,#7117,.T.);
#7119=ORIENTED_EDGE('',*,*,#7118,.T.);
#7120=EDGE_LOOP('',(#7046,#7055,#7064,#7070,#7071,#7079,#7088,#7096,#7105,#7113,#7119));
#7121=FACE_BOUND('',#7120,.T.);
#7122=ADVANCED_FACE('',(#7121),#7036,.T.);
#7123=CARTESIAN_POINT('',(23.285,-6.3,-1.8));
#7124=DIRECTION('',(1.,-0.,0.));
#7125=DIRECTION('',(0.,1.,0.));
#7126=AXIS2_PLACEMENT_3D('',#7123,#7124,#7125);
#7127=PLANE('',#7126);
#7128=ORIENTED_EDGE('',*,*,#2890,.F.);
#7129=CARTESIAN_POINT('',(23.285,-5.925652852,-1.));
#7130=DIRECTION('',(0.,0.,1.));
#7131=VECTOR('',#7130,0.7);
#7132=LINE('',#7129,#7131);
#7133=EDGE_CURVE('',#2876,#7040,#7132,.T.);
#7134=ORIENTED_EDGE('',*,*,#7133,.T.);
#7135=ORIENTED_EDGE('',*,*,#7045,.F.);
#7136=CARTESIAN_POINT('',(23.285,-6.3,-1.));
#7137=DIRECTION('',(0.,0.,1.));
#7138=VECTOR('',#7137,0.7);
#7139=LINE('',#7136,#7138);
#7140=EDGE_CURVE('',#2885,#7038,#7139,.T.);
#7141=ORIENTED_EDGE('',*,*,#7140,.F.);
#7142=EDGE_LOOP('',(#7128,#7134,#7135,#7141));
#7143=FACE_BOUND('',#7142,.T.);
#7144=ADVANCED_FACE('',(#7143),#7127,.T.);
#7145=CARTESIAN_POINT('',(23.615,-5.925652852,-1.8));
#7146=DIRECTION('',(0.,-0.,-1.));
#7147=DIRECTION('',(0.,1.,-0.));
#7148=AXIS2_PLACEMENT_3D('',#7145,#7146,#7147);
#7149=CYLINDRICAL_SURFACE('',#7148,0.33);
#7150=ORIENTED_EDGE('',*,*,#7133,.F.);
#7151=ORIENTED_EDGE('',*,*,#2882,.F.);
#7152=CARTESIAN_POINT('',(23.61,-5.595690733,-0.3));
#7153=DIRECTION('',(0.,-0.,-1.));
#7154=VECTOR('',#7153,0.7);
#7155=LINE('',#7152,#7154);
#7156=EDGE_CURVE('',#7048,#2867,#7155,.T.);
#7157=ORIENTED_EDGE('',*,*,#7156,.F.);
#7158=ORIENTED_EDGE('',*,*,#7054,.F.);
#7159=EDGE_LOOP('',(#7150,#7151,#7157,#7158));
#7160=FACE_BOUND('',#7159,.T.);
#7161=ADVANCED_FACE('',(#7160),#7149,.F.);
#7162=CARTESIAN_POINT('',(23.605,-5.925652852,-1.8));
#7163=DIRECTION('',(-0.,-0.,-1.));
#7164=DIRECTION('',(0.,1.,-0.));
#7165=AXIS2_PLACEMENT_3D('',#7162,#7163,#7164);
#7166=CYLINDRICAL_SURFACE('',#7165,0.33);
#7167=ORIENTED_EDGE('',*,*,#2873,.F.);
#7168=CARTESIAN_POINT('',(23.935,-5.925652852,-0.3));
#7169=DIRECTION('',(-0.,-0.,-1.));
#7170=VECTOR('',#7169,0.7);
#7171=LINE('',#7168,#7170);
#7172=EDGE_CURVE('',#7057,#2859,#7171,.T.);
#7173=ORIENTED_EDGE('',*,*,#7172,.F.);
#7174=ORIENTED_EDGE('',*,*,#7063,.F.);
#7175=ORIENTED_EDGE('',*,*,#7156,.T.);
#7176=EDGE_LOOP('',(#7167,#7173,#7174,#7175));
#7177=FACE_BOUND('',#7176,.T.);
#7178=ADVANCED_FACE('',(#7177),#7166,.F.);
#7179=CARTESIAN_POINT('',(23.935,-6.3,-1.8));
#7180=DIRECTION('',(-1.,0.,-0.));
#7181=DIRECTION('',(-0.,-1.,0.));
#7182=AXIS2_PLACEMENT_3D('',#7179,#7180,#7181);
#7183=PLANE('',#7182);
#7184=ORIENTED_EDGE('',*,*,#7069,.F.);
#7185=ORIENTED_EDGE('',*,*,#7172,.T.);
#7186=ORIENTED_EDGE('',*,*,#2864,.F.);
#7187=ORIENTED_EDGE('',*,*,#7008,.T.);
#7188=EDGE_LOOP('',(#7184,#7185,#7186,#7187));
#7189=FACE_BOUND('',#7188,.T.);
#7190=ADVANCED_FACE('',(#7189),#7183,.T.);
#7191=CARTESIAN_POINT('',(24.01,-6.,-0.3));
#7192=DIRECTION('',(1.,0.,-0.));
#7193=DIRECTION('',(-0.,1.,-0.));
#7194=AXIS2_PLACEMENT_3D('',#7191,#7192,#7193);
#7195=PLANE('',#7194);
#7196=ORIENTED_EDGE('',*,*,#745,.T.);
#7197=CARTESIAN_POINT('',(24.01,-5.69,-0.2));
#7198=DIRECTION('',(-0.,-0.,-1.));
#7199=VECTOR('',#7198,0.1);
#7200=LINE('',#7197,#7199);
#7201=EDGE_CURVE('',#731,#7073,#7200,.T.);
#7202=ORIENTED_EDGE('',*,*,#7201,.T.);
#7203=ORIENTED_EDGE('',*,*,#7078,.F.);
#7204=ORIENTED_EDGE('',*,*,#6994,.T.);
#7205=EDGE_LOOP('',(#7196,#7202,#7203,#7204));
#7206=FACE_BOUND('',#7205,.T.);
#7207=ADVANCED_FACE('NONE',(#7206),#7195,.F.);
#7208=CARTESIAN_POINT('',(23.62,-5.69,-0.3));
#7209=DIRECTION('',(0.,0.,1.));
#7210=DIRECTION('',(0.,-1.,0.));
#7211=AXIS2_PLACEMENT_3D('',#7208,#7209,#7210);
#7212=CYLINDRICAL_SURFACE('',#7211,0.39);
#7213=ORIENTED_EDGE('',*,*,#7087,.F.);
#7214=ORIENTED_EDGE('',*,*,#7201,.F.);
#7215=ORIENTED_EDGE('',*,*,#737,.F.);
#7216=CARTESIAN_POINT('',(23.62,-5.3,-0.3));
#7217=DIRECTION('',(0.,0.,1.));
#7218=VECTOR('',#7217,0.1);
#7219=LINE('',#7216,#7218);
#7220=EDGE_CURVE('',#7081,#723,#7219,.T.);
#7221=ORIENTED_EDGE('',*,*,#7220,.F.);
#7222=EDGE_LOOP('',(#7213,#7214,#7215,#7221));
#7223=FACE_BOUND('',#7222,.T.);
#7224=ADVANCED_FACE('',(#7223),#7212,.F.);
#7225=CARTESIAN_POINT('',(16.71,-5.3,-0.3));
#7226=DIRECTION('',(-0.,-1.,0.));
#7227=DIRECTION('',(1.,-0.,0.));
#7228=AXIS2_PLACEMENT_3D('',#7225,#7226,#7227);
#7229=PLANE('',#7228);
#7230=ORIENTED_EDGE('',*,*,#7095,.T.);
#7231=ORIENTED_EDGE('',*,*,#7220,.T.);
#7232=ORIENTED_EDGE('',*,*,#728,.F.);
#7233=CARTESIAN_POINT('',(23.6,-5.3,-0.2));
#7234=DIRECTION('',(-0.,-0.,-1.));
#7235=VECTOR('',#7234,0.1);
#7236=LINE('',#7233,#7235);
#7237=EDGE_CURVE('',#714,#7090,#7236,.T.);
#7238=ORIENTED_EDGE('',*,*,#7237,.T.);
#7239=EDGE_LOOP('',(#7230,#7231,#7232,#7238));
#7240=FACE_BOUND('',#7239,.T.);
#7241=ADVANCED_FACE('',(#7240),#7229,.T.);
#7242=CARTESIAN_POINT('',(23.6,-5.69,-0.3));
#7243=DIRECTION('',(0.,0.,1.));
#7244=DIRECTION('',(0.,-1.,0.));
#7245=AXIS2_PLACEMENT_3D('',#7242,#7243,#7244);
#7246=CYLINDRICAL_SURFACE('',#7245,0.39);
#7247=ORIENTED_EDGE('',*,*,#7104,.F.);
#7248=ORIENTED_EDGE('',*,*,#7237,.F.);
#7249=ORIENTED_EDGE('',*,*,#720,.F.);
#7250=CARTESIAN_POINT('',(23.21,-5.69,-0.3));
#7251=DIRECTION('',(0.,0.,1.));
#7252=VECTOR('',#7251,0.1);
#7253=LINE('',#7250,#7252);
#7254=EDGE_CURVE('',#7098,#706,#7253,.T.);
#7255=ORIENTED_EDGE('',*,*,#7254,.F.);
#7256=EDGE_LOOP('',(#7247,#7248,#7249,#7255));
#7257=FACE_BOUND('',#7256,.T.);
#7258=ADVANCED_FACE('',(#7257),#7246,.F.);
#7259=CARTESIAN_POINT('',(23.21,-6.,-0.3));
#7260=DIRECTION('',(-1.,0.,0.));
#7261=DIRECTION('',(0.,-1.,0.));
#7262=AXIS2_PLACEMENT_3D('',#7259,#7260,#7261);
#7263=PLANE('',#7262);
#7264=ORIENTED_EDGE('',*,*,#7112,.F.);
#7265=ORIENTED_EDGE('',*,*,#7254,.T.);
#7266=ORIENTED_EDGE('',*,*,#711,.T.);
#7267=CARTESIAN_POINT('',(23.21,-6.3,-0.3));
#7268=DIRECTION('',(0.,0.,1.));
#7269=VECTOR('',#7268,0.1);
#7270=LINE('',#7267,#7269);
#7271=EDGE_CURVE('NONE',#7107,#698,#7270,.T.);
#7272=ORIENTED_EDGE('',*,*,#7271,.F.);
#7273=EDGE_LOOP('',(#7264,#7265,#7266,#7272));
#7274=FACE_BOUND('',#7273,.T.);
#7275=ADVANCED_FACE('NONE',(#7274),#7263,.F.);
#7276=CARTESIAN_POINT('',(23.61,6.7,-0.3));
#7277=DIRECTION('',(0.,0.,1.));
#7278=DIRECTION('',(-0.,1.,-0.));
#7279=AXIS2_PLACEMENT_3D('',#7276,#7277,#7278);
#7280=PLANE('',#7279);
#7281=CARTESIAN_POINT('',(23.285,6.7,-0.3));
#7282=VERTEX_POINT('',#7281);
#7283=CARTESIAN_POINT('',(23.285,6.325652852,-0.3));
#7284=VERTEX_POINT('',#7283);
#7285=CARTESIAN_POINT('',(23.285,6.7,-0.3));
#7286=DIRECTION('',(0.,-1.,0.));
#7287=VECTOR('',#7286,0.374347148);
#7288=LINE('',#7285,#7287);
#7289=EDGE_CURVE('',#7282,#7284,#7288,.T.);
#7290=ORIENTED_EDGE('',*,*,#7289,.F.);
#7291=CARTESIAN_POINT('',(23.21,6.7,-0.3));
#7292=VERTEX_POINT('',#7291);
#7293=CARTESIAN_POINT('',(23.21,6.7,-0.3));
#7294=DIRECTION('',(1.,0.,-0.));
#7295=VECTOR('',#7294,0.075);
#7296=LINE('',#7293,#7295);
#7297=EDGE_CURVE('NONE',#7292,#7282,#7296,.T.);
#7298=ORIENTED_EDGE('',*,*,#7297,.F.);
#7299=CARTESIAN_POINT('',(23.21,6.09,-0.3));
#7300=VERTEX_POINT('',#7299);
#7301=CARTESIAN_POINT('',(23.21,6.09,-0.3));
#7302=DIRECTION('',(-0.,1.,-0.));
#7303=VECTOR('',#7302,0.61);
#7304=LINE('',#7301,#7303);
#7305=EDGE_CURVE('',#7300,#7292,#7304,.T.);
#7306=ORIENTED_EDGE('',*,*,#7305,.F.);
#7307=CARTESIAN_POINT('',(23.6,5.7,-0.3));
#7308=VERTEX_POINT('',#7307);
#7309=CARTESIAN_POINT('',(23.6,6.09,-0.3));
#7310=DIRECTION('',(0.,-0.,-1.));
#7311=DIRECTION('',(-0.,1.,-0.));
#7312=AXIS2_PLACEMENT_3D('',#7309,#7310,#7311);
#7313=CIRCLE('',#7312,0.39);
#7314=EDGE_CURVE('',#7308,#7300,#7313,.T.);
#7315=ORIENTED_EDGE('',*,*,#7314,.F.);
#7316=CARTESIAN_POINT('',(23.62,5.7,-0.3));
#7317=VERTEX_POINT('',#7316);
#7318=CARTESIAN_POINT('',(23.6,5.7,-0.3));
#7319=DIRECTION('',(1.,0.,-0.));
#7320=VECTOR('',#7319,0.02);
#7321=LINE('',#7318,#7320);
#7322=EDGE_CURVE('',#7308,#7317,#7321,.T.);
#7323=ORIENTED_EDGE('',*,*,#7322,.T.);
#7324=CARTESIAN_POINT('',(24.01,6.09,-0.3));
#7325=VERTEX_POINT('',#7324);
#7326=CARTESIAN_POINT('',(23.62,6.09,-0.3));
#7327=DIRECTION('',(0.,-0.,-1.));
#7328=DIRECTION('',(-0.,1.,-0.));
#7329=AXIS2_PLACEMENT_3D('',#7326,#7327,#7328);
#7330=CIRCLE('',#7329,0.39);
#7331=EDGE_CURVE('',#7325,#7317,#7330,.T.);
#7332=ORIENTED_EDGE('',*,*,#7331,.F.);
#7333=CARTESIAN_POINT('',(24.01,6.7,-0.3));
#7334=VERTEX_POINT('',#7333);
#7335=CARTESIAN_POINT('',(24.01,6.7,-0.3));
#7336=DIRECTION('',(0.,-1.,0.));
#7337=VECTOR('',#7336,0.61);
#7338=LINE('',#7335,#7337);
#7339=EDGE_CURVE('NONE',#7334,#7325,#7338,.T.);
#7340=ORIENTED_EDGE('',*,*,#7339,.F.);
#7341=CARTESIAN_POINT('',(23.935,6.7,-0.3));
#7342=VERTEX_POINT('',#7341);
#7343=CARTESIAN_POINT('',(23.935,6.7,-0.3));
#7344=DIRECTION('',(1.,0.,-0.));
#7345=VECTOR('',#7344,0.075);
#7346=LINE('',#7343,#7345);
#7347=EDGE_CURVE('',#7342,#7334,#7346,.T.);
#7348=ORIENTED_EDGE('',*,*,#7347,.F.);
#7349=CARTESIAN_POINT('',(23.935,6.325652852,-0.3));
#7350=VERTEX_POINT('',#7349);
#7351=CARTESIAN_POINT('',(23.935,6.325652852,-0.3));
#7352=DIRECTION('',(-0.,1.,-0.));
#7353=VECTOR('',#7352,0.374347148);
#7354=LINE('',#7351,#7353);
#7355=EDGE_CURVE('',#7350,#7342,#7354,.T.);
#7356=ORIENTED_EDGE('',*,*,#7355,.F.);
#7357=CARTESIAN_POINT('',(23.61,5.995690733,-0.3));
#7358=VERTEX_POINT('',#7357);
#7359=CARTESIAN_POINT('',(23.605,6.325652852,-0.3));
#7360=DIRECTION('',(-0.,0.,1.));
#7361=DIRECTION('',(-0.,1.,-0.));
#7362=AXIS2_PLACEMENT_3D('',#7359,#7360,#7361);
#7363=CIRCLE('',#7362,0.33);
#7364=EDGE_CURVE('',#7358,#7350,#7363,.T.);
#7365=ORIENTED_EDGE('',*,*,#7364,.F.);
#7366=CARTESIAN_POINT('',(23.615,6.325652852,-0.3));
#7367=DIRECTION('',(-0.,0.,1.));
#7368=DIRECTION('',(-0.,1.,-0.));
#7369=AXIS2_PLACEMENT_3D('',#7366,#7367,#7368);
#7370=CIRCLE('',#7369,0.33);
#7371=EDGE_CURVE('',#7284,#7358,#7370,.T.);
#7372=ORIENTED_EDGE('',*,*,#7371,.F.);
#7373=EDGE_LOOP('',(#7290,#7298,#7306,#7315,#7323,#7332,#7340,#7348,#7356,#7365,#7372));
#7374=FACE_BOUND('',#7373,.T.);
#7375=ADVANCED_FACE('',(#7374),#7280,.T.);
#7376=CARTESIAN_POINT('',(23.285,6.7,-1.8));
#7377=DIRECTION('',(1.,0.,-0.));
#7378=DIRECTION('',(0.,-1.,0.));
#7379=AXIS2_PLACEMENT_3D('',#7376,#7377,#7378);
#7380=PLANE('',#7379);
#7381=ORIENTED_EDGE('',*,*,#2618,.T.);
#7382=CARTESIAN_POINT('',(23.285,6.7,-1.));
#7383=DIRECTION('',(0.,0.,1.));
#7384=VECTOR('',#7383,0.7);
#7385=LINE('',#7382,#7384);
#7386=EDGE_CURVE('',#2605,#7282,#7385,.T.);
#7387=ORIENTED_EDGE('',*,*,#7386,.T.);
#7388=ORIENTED_EDGE('',*,*,#7289,.T.);
#7389=CARTESIAN_POINT('',(23.285,6.325652852,-1.));
#7390=DIRECTION('',(0.,0.,1.));
#7391=VECTOR('',#7390,0.7);
#7392=LINE('',#7389,#7391);
#7393=EDGE_CURVE('',#2613,#7284,#7392,.T.);
#7394=ORIENTED_EDGE('',*,*,#7393,.F.);
#7395=EDGE_LOOP('',(#7381,#7387,#7388,#7394));
#7396=FACE_BOUND('',#7395,.T.);
#7397=ADVANCED_FACE('',(#7396),#7380,.T.);
#7398=CARTESIAN_POINT('',(23.615,6.325652852,-1.8));
#7399=DIRECTION('',(0.,-0.,-1.));
#7400=DIRECTION('',(0.,-1.,0.));
#7401=AXIS2_PLACEMENT_3D('',#7398,#7399,#7400);
#7402=CYLINDRICAL_SURFACE('',#7401,0.33);
#7403=ORIENTED_EDGE('',*,*,#7393,.T.);
#7404=ORIENTED_EDGE('',*,*,#7371,.T.);
#7405=CARTESIAN_POINT('',(23.61,5.995690733,-0.3));
#7406=DIRECTION('',(0.,-0.,-1.));
#7407=VECTOR('',#7406,0.7);
#7408=LINE('',#7405,#7407);
#7409=EDGE_CURVE('',#7358,#2621,#7408,.T.);
#7410=ORIENTED_EDGE('',*,*,#7409,.T.);
#7411=ORIENTED_EDGE('',*,*,#2627,.T.);
#7412=EDGE_LOOP('',(#7403,#7404,#7410,#7411));
#7413=FACE_BOUND('',#7412,.T.);
#7414=ADVANCED_FACE('',(#7413),#7402,.F.);
#7415=CARTESIAN_POINT('',(23.605,6.325652852,-1.8));
#7416=DIRECTION('',(0.,-0.,-1.));
#7417=DIRECTION('',(0.,-1.,0.));
#7418=AXIS2_PLACEMENT_3D('',#7415,#7416,#7417);
#7419=CYLINDRICAL_SURFACE('',#7418,0.33);
#7420=ORIENTED_EDGE('',*,*,#2636,.T.);
#7421=ORIENTED_EDGE('',*,*,#7409,.F.);
#7422=ORIENTED_EDGE('',*,*,#7364,.T.);
#7423=CARTESIAN_POINT('',(23.935,6.325652852,-0.3));
#7424=DIRECTION('',(-0.,-0.,-1.));
#7425=VECTOR('',#7424,0.7);
#7426=LINE('',#7423,#7425);
#7427=EDGE_CURVE('',#7350,#2630,#7426,.T.);
#7428=ORIENTED_EDGE('',*,*,#7427,.T.);
#7429=EDGE_LOOP('',(#7420,#7421,#7422,#7428));
#7430=FACE_BOUND('',#7429,.T.);
#7431=ADVANCED_FACE('',(#7430),#7419,.F.);
#7432=CARTESIAN_POINT('',(23.935,6.7,-1.8));
#7433=DIRECTION('',(-1.,-0.,0.));
#7434=DIRECTION('',(-0.,1.,-0.));
#7435=AXIS2_PLACEMENT_3D('',#7432,#7433,#7434);
#7436=PLANE('',#7435);
#7437=ORIENTED_EDGE('',*,*,#7355,.T.);
#7438=CARTESIAN_POINT('',(23.935,6.7,-1.));
#7439=DIRECTION('',(0.,0.,1.));
#7440=VECTOR('',#7439,0.7);
#7441=LINE('',#7438,#7440);
#7442=EDGE_CURVE('',#2639,#7342,#7441,.T.);
#7443=ORIENTED_EDGE('',*,*,#7442,.F.);
#7444=ORIENTED_EDGE('',*,*,#2644,.T.);
#7445=ORIENTED_EDGE('',*,*,#7427,.F.);
#7446=EDGE_LOOP('',(#7437,#7443,#7444,#7445));
#7447=FACE_BOUND('',#7446,.T.);
#7448=ADVANCED_FACE('',(#7447),#7436,.T.);
#7449=CARTESIAN_POINT('',(24.01,6.4,-0.3));
#7450=DIRECTION('',(1.,0.,-0.));
#7451=DIRECTION('',(0.,-1.,0.));
#7452=AXIS2_PLACEMENT_3D('',#7449,#7450,#7451);
#7453=PLANE('',#7452);
#7454=ORIENTED_EDGE('',*,*,#1293,.F.);
#7455=CARTESIAN_POINT('',(24.01,6.7,-0.3));
#7456=DIRECTION('',(0.,0.,1.));
#7457=VECTOR('',#7456,0.1);
#7458=LINE('',#7455,#7457);
#7459=EDGE_CURVE('NONE',#7334,#1280,#7458,.T.);
#7460=ORIENTED_EDGE('',*,*,#7459,.F.);
#7461=ORIENTED_EDGE('',*,*,#7339,.T.);
#7462=CARTESIAN_POINT('',(24.01,6.09,-0.2));
#7463=DIRECTION('',(-0.,-0.,-1.));
#7464=VECTOR('',#7463,0.1);
#7465=LINE('',#7462,#7464);
#7466=EDGE_CURVE('',#1288,#7325,#7465,.T.);
#7467=ORIENTED_EDGE('',*,*,#7466,.F.);
#7468=EDGE_LOOP('',(#7454,#7460,#7461,#7467));
#7469=FACE_BOUND('',#7468,.T.);
#7470=ADVANCED_FACE('NONE',(#7469),#7453,.F.);
#7471=CARTESIAN_POINT('',(23.62,6.09,-0.3));
#7472=DIRECTION('',(0.,0.,1.));
#7473=DIRECTION('',(-0.,1.,-0.));
#7474=AXIS2_PLACEMENT_3D('',#7471,#7472,#7473);
#7475=CYLINDRICAL_SURFACE('',#7474,0.39);
#7476=ORIENTED_EDGE('',*,*,#7331,.T.);
#7477=CARTESIAN_POINT('',(23.62,5.7,-0.3));
#7478=DIRECTION('',(0.,0.,1.));
#7479=VECTOR('',#7478,0.1);
#7480=LINE('',#7477,#7479);
#7481=EDGE_CURVE('',#7317,#1296,#7480,.T.);
#7482=ORIENTED_EDGE('',*,*,#7481,.T.);
#7483=ORIENTED_EDGE('',*,*,#1302,.T.);
#7484=ORIENTED_EDGE('',*,*,#7466,.T.);
#7485=EDGE_LOOP('',(#7476,#7482,#7483,#7484));
#7486=FACE_BOUND('',#7485,.T.);
#7487=ADVANCED_FACE('',(#7486),#7475,.F.);
#7488=CARTESIAN_POINT('',(16.71,5.7,-0.3));
#7489=DIRECTION('',(-0.,1.,-0.));
#7490=DIRECTION('',(1.,0.,-0.));
#7491=AXIS2_PLACEMENT_3D('',#7488,#7489,#7490);
#7492=PLANE('',#7491);
#7493=ORIENTED_EDGE('',*,*,#7322,.F.);
#7494=CARTESIAN_POINT('',(23.6,5.7,-0.2));
#7495=DIRECTION('',(-0.,-0.,-1.));
#7496=VECTOR('',#7495,0.1);
#7497=LINE('',#7494,#7496);
#7498=EDGE_CURVE('',#1305,#7308,#7497,.T.);
#7499=ORIENTED_EDGE('',*,*,#7498,.F.);
#7500=ORIENTED_EDGE('',*,*,#1310,.T.);
#7501=ORIENTED_EDGE('',*,*,#7481,.F.);
#7502=EDGE_LOOP('',(#7493,#7499,#7500,#7501));
#7503=FACE_BOUND('',#7502,.T.);
#7504=ADVANCED_FACE('',(#7503),#7492,.T.);
#7505=CARTESIAN_POINT('',(23.6,6.09,-0.3));
#7506=DIRECTION('',(0.,0.,1.));
#7507=DIRECTION('',(-0.,1.,-0.));
#7508=AXIS2_PLACEMENT_3D('',#7505,#7506,#7507);
#7509=CYLINDRICAL_SURFACE('',#7508,0.39);
#7510=ORIENTED_EDGE('',*,*,#7314,.T.);
#7511=CARTESIAN_POINT('',(23.21,6.09,-0.3));
#7512=DIRECTION('',(0.,0.,1.));
#7513=VECTOR('',#7512,0.1);
#7514=LINE('',#7511,#7513);
#7515=EDGE_CURVE('',#7300,#1313,#7514,.T.);
#7516=ORIENTED_EDGE('',*,*,#7515,.T.);
#7517=ORIENTED_EDGE('',*,*,#1319,.T.);
#7518=ORIENTED_EDGE('',*,*,#7498,.T.);
#7519=EDGE_LOOP('',(#7510,#7516,#7517,#7518));
#7520=FACE_BOUND('',#7519,.T.);
#7521=ADVANCED_FACE('',(#7520),#7509,.F.);
#7522=CARTESIAN_POINT('',(23.21,6.4,-0.3));
#7523=DIRECTION('',(-1.,-0.,0.));
#7524=DIRECTION('',(-0.,1.,-0.));
#7525=AXIS2_PLACEMENT_3D('',#7522,#7523,#7524);
#7526=PLANE('',#7525);
#7527=ORIENTED_EDGE('',*,*,#7305,.T.);
#7528=CARTESIAN_POINT('',(23.21,6.7,-0.3));
#7529=DIRECTION('',(0.,0.,1.));
#7530=VECTOR('',#7529,0.1);
#7531=LINE('',#7528,#7530);
#7532=EDGE_CURVE('NONE',#7292,#1322,#7531,.T.);
#7533=ORIENTED_EDGE('',*,*,#7532,.T.);
#7534=ORIENTED_EDGE('',*,*,#1327,.F.);
#7535=ORIENTED_EDGE('',*,*,#7515,.F.);
#7536=EDGE_LOOP('',(#7527,#7533,#7534,#7535));
#7537=FACE_BOUND('',#7536,.T.);
#7538=ADVANCED_FACE('NONE',(#7537),#7526,.F.);
#7539=CARTESIAN_POINT('',(-0.79,6.7,-1.));
#7540=DIRECTION('',(-0.,1.,-0.));
#7541=DIRECTION('',(1.,0.,-0.));
#7542=AXIS2_PLACEMENT_3D('',#7539,#7540,#7541);
#7543=PLANE('',#7542);
#7544=ORIENTED_EDGE('',*,*,#2652,.F.);
#7545=ORIENTED_EDGE('',*,*,#7442,.T.);
#7546=ORIENTED_EDGE('',*,*,#7347,.T.);
#7547=ORIENTED_EDGE('',*,*,#7459,.T.);
#7548=ORIENTED_EDGE('',*,*,#1285,.T.);
#7549=CARTESIAN_POINT('',(24.71,6.7,-0.3));
#7550=VERTEX_POINT('',#7549);
#7551=CARTESIAN_POINT('',(24.71,6.7,-0.3));
#7552=DIRECTION('',(0.,0.,1.));
#7553=VECTOR('',#7552,0.1);
#7554=LINE('',#7551,#7553);
#7555=EDGE_CURVE('NONE',#7550,#1272,#7554,.T.);
#7556=ORIENTED_EDGE('',*,*,#7555,.F.);
#7557=CARTESIAN_POINT('',(24.785,6.7,-0.3));
#7558=VERTEX_POINT('',#7557);
#7559=CARTESIAN_POINT('',(24.71,6.7,-0.3));
#7560=DIRECTION('',(1.,0.,-0.));
#7561=VECTOR('',#7560,0.075);
#7562=LINE('',#7559,#7561);
#7563=EDGE_CURVE('NONE',#7550,#7558,#7562,.T.);
#7564=ORIENTED_EDGE('',*,*,#7563,.T.);
#7565=CARTESIAN_POINT('',(24.785,6.7,-1.));
#7566=DIRECTION('',(0.,0.,1.));
#7567=VECTOR('',#7566,0.7);
#7568=LINE('',#7565,#7567);
#7569=EDGE_CURVE('',#2647,#7558,#7568,.T.);
#7570=ORIENTED_EDGE('',*,*,#7569,.F.);
#7571=EDGE_LOOP('',(#7544,#7545,#7546,#7547,#7548,#7556,#7564,#7570));
#7572=FACE_BOUND('',#7571,.T.);
#7573=ADVANCED_FACE('',(#7572),#7543,.T.);
#7574=OVER_RIDING_STYLED_ITEM('',(#1986),#7573,#89);
#7575=CARTESIAN_POINT('',(-0.79,6.7,-1.));
#7576=DIRECTION('',(-0.,1.,-0.));
#7577=DIRECTION('',(1.,0.,-0.));
#7578=AXIS2_PLACEMENT_3D('',#7575,#7576,#7577);
#7579=PLANE('',#7578);
#7580=ORIENTED_EDGE('',*,*,#7386,.F.);
#7581=ORIENTED_EDGE('',*,*,#2610,.F.);
#7582=CARTESIAN_POINT('',(22.435,6.7,-0.3));
#7583=VERTEX_POINT('',#7582);
#7584=CARTESIAN_POINT('',(22.435,6.7,-1.));
#7585=DIRECTION('',(0.,0.,1.));
#7586=VECTOR('',#7585,0.7);
#7587=LINE('',#7584,#7586);
#7588=EDGE_CURVE('',#2597,#7583,#7587,.T.);
#7589=ORIENTED_EDGE('',*,*,#7588,.T.);
#7590=CARTESIAN_POINT('',(22.51,6.7,-0.3));
#7591=VERTEX_POINT('',#7590);
#7592=CARTESIAN_POINT('',(22.435,6.7,-0.3));
#7593=DIRECTION('',(1.,0.,-0.));
#7594=VECTOR('',#7593,0.075);
#7595=LINE('',#7592,#7594);
#7596=EDGE_CURVE('',#7583,#7591,#7595,.T.);
#7597=ORIENTED_EDGE('',*,*,#7596,.T.);
#7598=CARTESIAN_POINT('',(22.51,6.7,-0.3));
#7599=DIRECTION('',(0.,0.,1.));
#7600=VECTOR('',#7599,0.1);
#7601=LINE('',#7598,#7600);
#7602=EDGE_CURVE('NONE',#7591,#1330,#7601,.T.);
#7603=ORIENTED_EDGE('',*,*,#7602,.T.);
#7604=ORIENTED_EDGE('',*,*,#1335,.T.);
#7605=ORIENTED_EDGE('',*,*,#7532,.F.);
#7606=ORIENTED_EDGE('',*,*,#7297,.T.);
#7607=EDGE_LOOP('',(#7580,#7581,#7589,#7597,#7603,#7604,#7605,#7606));
#7608=FACE_BOUND('',#7607,.T.);
#7609=ADVANCED_FACE('',(#7608),#7579,.T.);
#7610=OVER_RIDING_STYLED_ITEM('',(#1986),#7609,#89);
#7611=CARTESIAN_POINT('',(7.11,-6.3,-0.3));
#7612=DIRECTION('',(0.,0.,1.));
#7613=DIRECTION('',(0.,-1.,0.));
#7614=AXIS2_PLACEMENT_3D('',#7611,#7612,#7613);
#7615=PLANE('',#7614);
#7616=CARTESIAN_POINT('',(6.785,-6.3,-0.3));
#7617=VERTEX_POINT('',#7616);
#7618=CARTESIAN_POINT('',(6.785,-5.925652852,-0.3));
#7619=VERTEX_POINT('',#7618);
#7620=CARTESIAN_POINT('',(6.785,-6.3,-0.3));
#7621=DIRECTION('',(0.,1.,-0.));
#7622=VECTOR('',#7621,0.374347148);
#7623=LINE('',#7620,#7622);
#7624=EDGE_CURVE('',#7617,#7619,#7623,.T.);
#7625=ORIENTED_EDGE('',*,*,#7624,.T.);
#7626=CARTESIAN_POINT('',(7.11,-5.595690733,-0.3));
#7627=VERTEX_POINT('',#7626);
#7628=CARTESIAN_POINT('',(7.115,-5.925652852,-0.3));
#7629=DIRECTION('',(-0.,-0.,-1.));
#7630=DIRECTION('',(0.,-1.,0.));
#7631=AXIS2_PLACEMENT_3D('',#7628,#7629,#7630);
#7632=CIRCLE('',#7631,0.33);
#7633=EDGE_CURVE('',#7619,#7627,#7632,.T.);
#7634=ORIENTED_EDGE('',*,*,#7633,.T.);
#7635=CARTESIAN_POINT('',(7.435,-5.925652852,-0.3));
#7636=VERTEX_POINT('',#7635);
#7637=CARTESIAN_POINT('',(7.105,-5.925652852,-0.3));
#7638=DIRECTION('',(-0.,-0.,-1.));
#7639=DIRECTION('',(0.,-1.,0.));
#7640=AXIS2_PLACEMENT_3D('',#7637,#7638,#7639);
#7641=CIRCLE('',#7640,0.33);
#7642=EDGE_CURVE('',#7627,#7636,#7641,.T.);
#7643=ORIENTED_EDGE('',*,*,#7642,.T.);
#7644=CARTESIAN_POINT('',(7.435,-6.3,-0.3));
#7645=VERTEX_POINT('',#7644);
#7646=CARTESIAN_POINT('',(7.435,-5.925652852,-0.3));
#7647=DIRECTION('',(-0.,-1.,0.));
#7648=VECTOR('',#7647,0.374347148);
#7649=LINE('',#7646,#7648);
#7650=EDGE_CURVE('',#7636,#7645,#7649,.T.);
#7651=ORIENTED_EDGE('',*,*,#7650,.T.);
#7652=CARTESIAN_POINT('',(7.51,-6.3,-0.3));
#7653=VERTEX_POINT('',#7652);
#7654=CARTESIAN_POINT('',(7.435,-6.3,-0.3));
#7655=DIRECTION('',(1.,0.,-0.));
#7656=VECTOR('',#7655,0.075);
#7657=LINE('',#7654,#7656);
#7658=EDGE_CURVE('',#7645,#7653,#7657,.T.);
#7659=ORIENTED_EDGE('',*,*,#7658,.T.);
#7660=CARTESIAN_POINT('',(7.51,-5.69,-0.3));
#7661=VERTEX_POINT('',#7660);
#7662=CARTESIAN_POINT('',(7.51,-6.3,-0.3));
#7663=DIRECTION('',(-0.,1.,-0.));
#7664=VECTOR('',#7663,0.61);
#7665=LINE('',#7662,#7664);
#7666=EDGE_CURVE('NONE',#7653,#7661,#7665,.T.);
#7667=ORIENTED_EDGE('',*,*,#7666,.T.);
#7668=CARTESIAN_POINT('',(7.12,-5.3,-0.3));
#7669=VERTEX_POINT('',#7668);
#7670=CARTESIAN_POINT('',(7.12,-5.69,-0.3));
#7671=DIRECTION('',(0.,0.,1.));
#7672=DIRECTION('',(0.,-1.,0.));
#7673=AXIS2_PLACEMENT_3D('',#7670,#7671,#7672);
#7674=CIRCLE('',#7673,0.39);
#7675=EDGE_CURVE('',#7661,#7669,#7674,.T.);
#7676=ORIENTED_EDGE('',*,*,#7675,.T.);
#7677=CARTESIAN_POINT('',(7.1,-5.3,-0.3));
#7678=VERTEX_POINT('',#7677);
#7679=CARTESIAN_POINT('',(7.1,-5.3,-0.3));
#7680=DIRECTION('',(1.,-0.,0.));
#7681=VECTOR('',#7680,0.02);
#7682=LINE('',#7679,#7681);
#7683=EDGE_CURVE('',#7678,#7669,#7682,.T.);
#7684=ORIENTED_EDGE('',*,*,#7683,.F.);
#7685=CARTESIAN_POINT('',(6.71,-5.69,-0.3));
#7686=VERTEX_POINT('',#7685);
#7687=CARTESIAN_POINT('',(7.1,-5.69,-0.3));
#7688=DIRECTION('',(0.,0.,1.));
#7689=DIRECTION('',(0.,-1.,0.));
#7690=AXIS2_PLACEMENT_3D('',#7687,#7688,#7689);
#7691=CIRCLE('',#7690,0.39);
#7692=EDGE_CURVE('',#7678,#7686,#7691,.T.);
#7693=ORIENTED_EDGE('',*,*,#7692,.T.);
#7694=CARTESIAN_POINT('',(6.71,-6.3,-0.3));
#7695=VERTEX_POINT('',#7694);
#7696=CARTESIAN_POINT('',(6.71,-5.69,-0.3));
#7697=DIRECTION('',(0.,-1.,0.));
#7698=VECTOR('',#7697,0.61);
#7699=LINE('',#7696,#7698);
#7700=EDGE_CURVE('',#7686,#7695,#7699,.T.);
#7701=ORIENTED_EDGE('',*,*,#7700,.T.);
#7702=CARTESIAN_POINT('',(6.71,-6.3,-0.3));
#7703=DIRECTION('',(1.,0.,-0.));
#7704=VECTOR('',#7703,0.075);
#7705=LINE('',#7702,#7704);
#7706=EDGE_CURVE('NONE',#7695,#7617,#7705,.T.);
#7707=ORIENTED_EDGE('',*,*,#7706,.T.);
#7708=EDGE_LOOP('',(#7625,#7634,#7643,#7651,#7659,#7667,#7676,#7684,#7693,#7701,#7707));
#7709=FACE_BOUND('',#7708,.T.);
#7710=ADVANCED_FACE('',(#7709),#7615,.T.);
#7711=CARTESIAN_POINT('',(6.785,-6.3,-1.8));
#7712=DIRECTION('',(1.,-0.,0.));
#7713=DIRECTION('',(0.,1.,0.));
#7714=AXIS2_PLACEMENT_3D('',#7711,#7712,#7713);
#7715=PLANE('',#7714);
#7716=ORIENTED_EDGE('',*,*,#3352,.F.);
#7717=CARTESIAN_POINT('',(6.785,-5.925652852,-1.));
#7718=DIRECTION('',(0.,0.,1.));
#7719=VECTOR('',#7718,0.7);
#7720=LINE('',#7717,#7719);
#7721=EDGE_CURVE('',#3338,#7619,#7720,.T.);
#7722=ORIENTED_EDGE('',*,*,#7721,.T.);
#7723=ORIENTED_EDGE('',*,*,#7624,.F.);
#7724=CARTESIAN_POINT('',(6.785,-6.3,-1.));
#7725=DIRECTION('',(0.,0.,1.));
#7726=VECTOR('',#7725,0.7);
#7727=LINE('',#7724,#7726);
#7728=EDGE_CURVE('',#3347,#7617,#7727,.T.);
#7729=ORIENTED_EDGE('',*,*,#7728,.F.);
#7730=EDGE_LOOP('',(#7716,#7722,#7723,#7729));
#7731=FACE_BOUND('',#7730,.T.);
#7732=ADVANCED_FACE('',(#7731),#7715,.T.);
#7733=CARTESIAN_POINT('',(7.115,-5.925652852,-1.8));
#7734=DIRECTION('',(0.,-0.,-1.));
#7735=DIRECTION('',(0.,1.,-0.));
#7736=AXIS2_PLACEMENT_3D('',#7733,#7734,#7735);
#7737=CYLINDRICAL_SURFACE('',#7736,0.33);
#7738=ORIENTED_EDGE('',*,*,#7721,.F.);
#7739=ORIENTED_EDGE('',*,*,#3344,.F.);
#7740=CARTESIAN_POINT('',(7.11,-5.595690733,-0.3));
#7741=DIRECTION('',(0.,-0.,-1.));
#7742=VECTOR('',#7741,0.7);
#7743=LINE('',#7740,#7742);
#7744=EDGE_CURVE('',#7627,#3329,#7743,.T.);
#7745=ORIENTED_EDGE('',*,*,#7744,.F.);
#7746=ORIENTED_EDGE('',*,*,#7633,.F.);
#7747=EDGE_LOOP('',(#7738,#7739,#7745,#7746));
#7748=FACE_BOUND('',#7747,.T.);
#7749=ADVANCED_FACE('',(#7748),#7737,.F.);
#7750=CARTESIAN_POINT('',(7.105,-5.925652852,-1.8));
#7751=DIRECTION('',(-0.,-0.,-1.));
#7752=DIRECTION('',(0.,1.,-0.));
#7753=AXIS2_PLACEMENT_3D('',#7750,#7751,#7752);
#7754=CYLINDRICAL_SURFACE('',#7753,0.33);
#7755=ORIENTED_EDGE('',*,*,#3335,.F.);
#7756=CARTESIAN_POINT('',(7.435,-5.925652852,-0.3));
#7757=DIRECTION('',(-0.,-0.,-1.));
#7758=VECTOR('',#7757,0.7);
#7759=LINE('',#7756,#7758);
#7760=EDGE_CURVE('',#7636,#3321,#7759,.T.);
#7761=ORIENTED_EDGE('',*,*,#7760,.F.);
#7762=ORIENTED_EDGE('',*,*,#7642,.F.);
#7763=ORIENTED_EDGE('',*,*,#7744,.T.);
#7764=EDGE_LOOP('',(#7755,#7761,#7762,#7763));
#7765=FACE_BOUND('',#7764,.T.);
#7766=ADVANCED_FACE('',(#7765),#7754,.F.);
#7767=CARTESIAN_POINT('',(7.435,-6.3,-1.8));
#7768=DIRECTION('',(-1.,0.,-0.));
#7769=DIRECTION('',(-0.,-1.,0.));
#7770=AXIS2_PLACEMENT_3D('',#7767,#7768,#7769);
#7771=PLANE('',#7770);
#7772=ORIENTED_EDGE('',*,*,#7650,.F.);
#7773=ORIENTED_EDGE('',*,*,#7760,.T.);
#7774=ORIENTED_EDGE('',*,*,#3326,.F.);
#7775=CARTESIAN_POINT('',(7.435,-6.3,-1.));
#7776=DIRECTION('',(0.,0.,1.));
#7777=VECTOR('',#7776,0.7);
#7778=LINE('',#7775,#7777);
#7779=EDGE_CURVE('',#3313,#7645,#7778,.T.);
#7780=ORIENTED_EDGE('',*,*,#7779,.T.);
#7781=EDGE_LOOP('',(#7772,#7773,#7774,#7780));
#7782=FACE_BOUND('',#7781,.T.);
#7783=ADVANCED_FACE('',(#7782),#7771,.T.);
#7784=CARTESIAN_POINT('',(7.51,-6.,-0.3));
#7785=DIRECTION('',(1.,0.,-0.));
#7786=DIRECTION('',(-0.,1.,-0.));
#7787=AXIS2_PLACEMENT_3D('',#7784,#7785,#7786);
#7788=PLANE('',#7787);
#7789=ORIENTED_EDGE('',*,*,#195,.T.);
#7790=CARTESIAN_POINT('',(7.51,-5.69,-0.2));
#7791=DIRECTION('',(-0.,-0.,-1.));
#7792=VECTOR('',#7791,0.1);
#7793=LINE('',#7790,#7792);
#7794=EDGE_CURVE('',#181,#7661,#7793,.T.);
#7795=ORIENTED_EDGE('',*,*,#7794,.T.);
#7796=ORIENTED_EDGE('',*,*,#7666,.F.);
#7797=CARTESIAN_POINT('',(7.51,-6.3,-0.3));
#7798=DIRECTION('',(0.,0.,1.));
#7799=VECTOR('',#7798,0.1);
#7800=LINE('',#7797,#7799);
#7801=EDGE_CURVE('NONE',#7653,#190,#7800,.T.);
#7802=ORIENTED_EDGE('',*,*,#7801,.T.);
#7803=EDGE_LOOP('',(#7789,#7795,#7796,#7802));
#7804=FACE_BOUND('',#7803,.T.);
#7805=ADVANCED_FACE('NONE',(#7804),#7788,.F.);
#7806=CARTESIAN_POINT('',(7.12,-5.69,-0.3));
#7807=DIRECTION('',(0.,0.,1.));
#7808=DIRECTION('',(0.,-1.,0.));
#7809=AXIS2_PLACEMENT_3D('',#7806,#7807,#7808);
#7810=CYLINDRICAL_SURFACE('',#7809,0.39);
#7811=ORIENTED_EDGE('',*,*,#7675,.F.);
#7812=ORIENTED_EDGE('',*,*,#7794,.F.);
#7813=ORIENTED_EDGE('',*,*,#187,.F.);
#7814=CARTESIAN_POINT('',(7.12,-5.3,-0.3));
#7815=DIRECTION('',(0.,0.,1.));
#7816=VECTOR('',#7815,0.1);
#7817=LINE('',#7814,#7816);
#7818=EDGE_CURVE('',#7669,#173,#7817,.T.);
#7819=ORIENTED_EDGE('',*,*,#7818,.F.);
#7820=EDGE_LOOP('',(#7811,#7812,#7813,#7819));
#7821=FACE_BOUND('',#7820,.T.);
#7822=ADVANCED_FACE('',(#7821),#7810,.F.);
#7823=CARTESIAN_POINT('',(0.21,-5.3,-0.3));
#7824=DIRECTION('',(-0.,-1.,0.));
#7825=DIRECTION('',(1.,-0.,0.));
#7826=AXIS2_PLACEMENT_3D('',#7823,#7824,#7825);
#7827=PLANE('',#7826);
#7828=ORIENTED_EDGE('',*,*,#7683,.T.);
#7829=ORIENTED_EDGE('',*,*,#7818,.T.);
#7830=ORIENTED_EDGE('',*,*,#178,.F.);
#7831=CARTESIAN_POINT('',(7.1,-5.3,-0.2));
#7832=DIRECTION('',(-0.,-0.,-1.));
#7833=VECTOR('',#7832,0.1);
#7834=LINE('',#7831,#7833);
#7835=EDGE_CURVE('',#164,#7678,#7834,.T.);
#7836=ORIENTED_EDGE('',*,*,#7835,.T.);
#7837=EDGE_LOOP('',(#7828,#7829,#7830,#7836));
#7838=FACE_BOUND('',#7837,.T.);
#7839=ADVANCED_FACE('',(#7838),#7827,.T.);
#7840=CARTESIAN_POINT('',(7.1,-5.69,-0.3));
#7841=DIRECTION('',(0.,0.,1.));
#7842=DIRECTION('',(0.,-1.,0.));
#7843=AXIS2_PLACEMENT_3D('',#7840,#7841,#7842);
#7844=CYLINDRICAL_SURFACE('',#7843,0.39);
#7845=ORIENTED_EDGE('',*,*,#7692,.F.);
#7846=ORIENTED_EDGE('',*,*,#7835,.F.);
#7847=ORIENTED_EDGE('',*,*,#170,.F.);
#7848=CARTESIAN_POINT('',(6.71,-5.69,-0.3));
#7849=DIRECTION('',(0.,0.,1.));
#7850=VECTOR('',#7849,0.1);
#7851=LINE('',#7848,#7850);
#7852=EDGE_CURVE('',#7686,#156,#7851,.T.);
#7853=ORIENTED_EDGE('',*,*,#7852,.F.);
#7854=EDGE_LOOP('',(#7845,#7846,#7847,#7853));
#7855=FACE_BOUND('',#7854,.T.);
#7856=ADVANCED_FACE('',(#7855),#7844,.F.);
#7857=CARTESIAN_POINT('',(6.71,-6.,-0.3));
#7858=DIRECTION('',(-1.,0.,0.));
#7859=DIRECTION('',(0.,-1.,0.));
#7860=AXIS2_PLACEMENT_3D('',#7857,#7858,#7859);
#7861=PLANE('',#7860);
#7862=ORIENTED_EDGE('',*,*,#7700,.F.);
#7863=ORIENTED_EDGE('',*,*,#7852,.T.);
#7864=ORIENTED_EDGE('',*,*,#161,.T.);
#7865=CARTESIAN_POINT('',(6.71,-6.3,-0.3));
#7866=DIRECTION('',(0.,0.,1.));
#7867=VECTOR('',#7866,0.1);
#7868=LINE('',#7865,#7867);
#7869=EDGE_CURVE('NONE',#7695,#148,#7868,.T.);
#7870=ORIENTED_EDGE('',*,*,#7869,.F.);
#7871=EDGE_LOOP('',(#7862,#7863,#7864,#7870));
#7872=FACE_BOUND('',#7871,.T.);
#7873=ADVANCED_FACE('NONE',(#7872),#7861,.F.);
#7874=CARTESIAN_POINT('',(-17.29,-6.3,-1.));
#7875=DIRECTION('',(0.,-1.,0.));
#7876=DIRECTION('',(1.,0.,0.));
#7877=AXIS2_PLACEMENT_3D('',#7874,#7875,#7876);
#7878=PLANE('',#7877);
#7879=ORIENTED_EDGE('',*,*,#3318,.T.);
#7880=CARTESIAN_POINT('',(8.285,-6.3,-0.3));
#7881=VERTEX_POINT('',#7880);
#7882=CARTESIAN_POINT('',(8.285,-6.3,-1.));
#7883=DIRECTION('',(0.,0.,1.));
#7884=VECTOR('',#7883,0.7);
#7885=LINE('',#7882,#7884);
#7886=EDGE_CURVE('',#3305,#7881,#7885,.T.);
#7887=ORIENTED_EDGE('',*,*,#7886,.T.);
#7888=CARTESIAN_POINT('',(8.21,-6.3,-0.3));
#7889=VERTEX_POINT('',#7888);
#7890=CARTESIAN_POINT('',(8.21,-6.3,-0.3));
#7891=DIRECTION('',(1.,0.,-0.));
#7892=VECTOR('',#7891,0.075);
#7893=LINE('',#7890,#7892);
#7894=EDGE_CURVE('NONE',#7889,#7881,#7893,.T.);
#7895=ORIENTED_EDGE('',*,*,#7894,.F.);
#7896=CARTESIAN_POINT('',(8.21,-6.3,-0.3));
#7897=DIRECTION('',(0.,0.,1.));
#7898=VECTOR('',#7897,0.1);
#7899=LINE('',#7896,#7898);
#7900=EDGE_CURVE('NONE',#7889,#198,#7899,.T.);
#7901=ORIENTED_EDGE('',*,*,#7900,.T.);
#7902=ORIENTED_EDGE('',*,*,#203,.F.);
#7903=ORIENTED_EDGE('',*,*,#7801,.F.);
#7904=ORIENTED_EDGE('',*,*,#7658,.F.);
#7905=ORIENTED_EDGE('',*,*,#7779,.F.);
#7906=EDGE_LOOP('',(#7879,#7887,#7895,#7901,#7902,#7903,#7904,#7905));
#7907=FACE_BOUND('',#7906,.T.);
#7908=ADVANCED_FACE('',(#7907),#7878,.T.);
#7909=OVER_RIDING_STYLED_ITEM('',(#1986),#7908,#89);
#7910=CARTESIAN_POINT('',(-17.29,-6.3,-1.));
#7911=DIRECTION('',(0.,-1.,0.));
#7912=DIRECTION('',(1.,0.,0.));
#7913=AXIS2_PLACEMENT_3D('',#7910,#7911,#7912);
#7914=PLANE('',#7913);
#7915=ORIENTED_EDGE('',*,*,#153,.F.);
#7916=CARTESIAN_POINT('',(-0.040026948,-6.3,-0.2));
#7917=DIRECTION('',(-0.,-0.,-1.));
#7918=VECTOR('',#7917,0.8);
#7919=LINE('',#7916,#7918);
#7920=EDGE_CURVE('',#140,#2058,#7919,.T.);
#7921=ORIENTED_EDGE('',*,*,#7920,.T.);
#7922=ORIENTED_EDGE('',*,*,#3358,.T.);
#7923=ORIENTED_EDGE('',*,*,#7728,.T.);
#7924=ORIENTED_EDGE('',*,*,#7706,.F.);
#7925=ORIENTED_EDGE('',*,*,#7869,.T.);
#7926=EDGE_LOOP('',(#7915,#7921,#7922,#7923,#7924,#7925));
#7927=FACE_BOUND('',#7926,.T.);
#7928=ADVANCED_FACE('',(#7927),#7914,.T.);
#7929=OVER_RIDING_STYLED_ITEM('',(#1986),#7928,#89);
#7930=CARTESIAN_POINT('',(20.61,6.7,-0.3));
#7931=DIRECTION('',(0.,0.,1.));
#7932=DIRECTION('',(-0.,1.,-0.));
#7933=AXIS2_PLACEMENT_3D('',#7930,#7931,#7932);
#7934=PLANE('',#7933);
#7935=CARTESIAN_POINT('',(20.285,6.7,-0.3));
#7936=VERTEX_POINT('',#7935);
#7937=CARTESIAN_POINT('',(20.285,6.325652852,-0.3));
#7938=VERTEX_POINT('',#7937);
#7939=CARTESIAN_POINT('',(20.285,6.7,-0.3));
#7940=DIRECTION('',(0.,-1.,0.));
#7941=VECTOR('',#7940,0.374347148);
#7942=LINE('',#7939,#7941);
#7943=EDGE_CURVE('',#7936,#7938,#7942,.T.);
#7944=ORIENTED_EDGE('',*,*,#7943,.F.);
#7945=CARTESIAN_POINT('',(20.21,6.7,-0.3));
#7946=VERTEX_POINT('',#7945);
#7947=CARTESIAN_POINT('',(20.21,6.7,-0.3));
#7948=DIRECTION('',(1.,0.,-0.));
#7949=VECTOR('',#7948,0.075);
#7950=LINE('',#7947,#7949);
#7951=EDGE_CURVE('NONE',#7946,#7936,#7950,.T.);
#7952=ORIENTED_EDGE('',*,*,#7951,.F.);
#7953=CARTESIAN_POINT('',(20.21,6.09,-0.3));
#7954=VERTEX_POINT('',#7953);
#7955=CARTESIAN_POINT('',(20.21,6.09,-0.3));
#7956=DIRECTION('',(-0.,1.,-0.));
#7957=VECTOR('',#7956,0.61);
#7958=LINE('',#7955,#7957);
#7959=EDGE_CURVE('',#7954,#7946,#7958,.T.);
#7960=ORIENTED_EDGE('',*,*,#7959,.F.);
#7961=CARTESIAN_POINT('',(20.6,5.7,-0.3));
#7962=VERTEX_POINT('',#7961);
#7963=CARTESIAN_POINT('',(20.6,6.09,-0.3));
#7964=DIRECTION('',(0.,-0.,-1.));
#7965=DIRECTION('',(-0.,1.,-0.));
#7966=AXIS2_PLACEMENT_3D('',#7963,#7964,#7965);
#7967=CIRCLE('',#7966,0.39);
#7968=EDGE_CURVE('',#7962,#7954,#7967,.T.);
#7969=ORIENTED_EDGE('',*,*,#7968,.F.);
#7970=CARTESIAN_POINT('',(20.62,5.7,-0.3));
#7971=VERTEX_POINT('',#7970);
#7972=CARTESIAN_POINT('',(20.6,5.7,-0.3));
#7973=DIRECTION('',(1.,0.,-0.));
#7974=VECTOR('',#7973,0.02);
#7975=LINE('',#7972,#7974);
#7976=EDGE_CURVE('',#7962,#7971,#7975,.T.);
#7977=ORIENTED_EDGE('',*,*,#7976,.T.);
#7978=CARTESIAN_POINT('',(21.01,6.09,-0.3));
#7979=VERTEX_POINT('',#7978);
#7980=CARTESIAN_POINT('',(20.62,6.09,-0.3));
#7981=DIRECTION('',(0.,-0.,-1.));
#7982=DIRECTION('',(-0.,1.,-0.));
#7983=AXIS2_PLACEMENT_3D('',#7980,#7981,#7982);
#7984=CIRCLE('',#7983,0.39);
#7985=EDGE_CURVE('',#7979,#7971,#7984,.T.);
#7986=ORIENTED_EDGE('',*,*,#7985,.F.);
#7987=CARTESIAN_POINT('',(21.01,6.7,-0.3));
#7988=DIRECTION('',(0.,-1.,0.));
#7989=VECTOR('',#7988,0.61);
#7990=LINE('',#7987,#7989);
#7991=EDGE_CURVE('NONE',#2035,#7979,#7990,.T.);
#7992=ORIENTED_EDGE('',*,*,#7991,.F.);
#7993=ORIENTED_EDGE('',*,*,#2040,.F.);
#7994=CARTESIAN_POINT('',(20.935,6.325652852,-0.3));
#7995=VERTEX_POINT('',#7994);
#7996=CARTESIAN_POINT('',(20.935,6.325652852,-0.3));
#7997=DIRECTION('',(-0.,1.,-0.));
#7998=VECTOR('',#7997,0.374347148);
#7999=LINE('',#7996,#7998);
#8000=EDGE_CURVE('',#7995,#2027,#7999,.T.);
#8001=ORIENTED_EDGE('',*,*,#8000,.F.);
#8002=CARTESIAN_POINT('',(20.61,5.995690733,-0.3));
#8003=VERTEX_POINT('',#8002);
#8004=CARTESIAN_POINT('',(20.605,6.325652852,-0.3));
#8005=DIRECTION('',(-0.,0.,1.));
#8006=DIRECTION('',(-0.,1.,-0.));
#8007=AXIS2_PLACEMENT_3D('',#8004,#8005,#8006);
#8008=CIRCLE('',#8007,0.33);
#8009=EDGE_CURVE('',#8003,#7995,#8008,.T.);
#8010=ORIENTED_EDGE('',*,*,#8009,.F.);
#8011=CARTESIAN_POINT('',(20.615,6.325652852,-0.3));
#8012=DIRECTION('',(-0.,0.,1.));
#8013=DIRECTION('',(-0.,1.,-0.));
#8014=AXIS2_PLACEMENT_3D('',#8011,#8012,#8013);
#8015=CIRCLE('',#8014,0.33);
#8016=EDGE_CURVE('',#7938,#8003,#8015,.T.);
#8017=ORIENTED_EDGE('',*,*,#8016,.F.);
#8018=EDGE_LOOP('',(#7944,#7952,#7960,#7969,#7977,#7986,#7992,#7993,#8001,#8010,#8017));
#8019=FACE_BOUND('',#8018,.T.);
#8020=ADVANCED_FACE('',(#8019),#7934,.T.);
#8021=CARTESIAN_POINT('',(20.285,6.7,-1.8));
#8022=DIRECTION('',(1.,0.,-0.));
#8023=DIRECTION('',(0.,-1.,0.));
#8024=AXIS2_PLACEMENT_3D('',#8021,#8022,#8023);
#8025=PLANE('',#8024);
#8026=ORIENTED_EDGE('',*,*,#2543,.T.);
#8027=CARTESIAN_POINT('',(20.285,6.7,-1.));
#8028=DIRECTION('',(0.,0.,1.));
#8029=VECTOR('',#8028,0.7);
#8030=LINE('',#8027,#8029);
#8031=EDGE_CURVE('',#2530,#7936,#8030,.T.);
#8032=ORIENTED_EDGE('',*,*,#8031,.T.);
#8033=ORIENTED_EDGE('',*,*,#7943,.T.);
#8034=CARTESIAN_POINT('',(20.285,6.325652852,-1.));
#8035=DIRECTION('',(0.,0.,1.));
#8036=VECTOR('',#8035,0.7);
#8037=LINE('',#8034,#8036);
#8038=EDGE_CURVE('',#2538,#7938,#8037,.T.);
#8039=ORIENTED_EDGE('',*,*,#8038,.F.);
#8040=EDGE_LOOP('',(#8026,#8032,#8033,#8039));
#8041=FACE_BOUND('',#8040,.T.);
#8042=ADVANCED_FACE('',(#8041),#8025,.T.);
#8043=CARTESIAN_POINT('',(20.615,6.325652852,-1.8));
#8044=DIRECTION('',(0.,-0.,-1.));
#8045=DIRECTION('',(0.,-1.,0.));
#8046=AXIS2_PLACEMENT_3D('',#8043,#8044,#8045);
#8047=CYLINDRICAL_SURFACE('',#8046,0.33);
#8048=ORIENTED_EDGE('',*,*,#8038,.T.);
#8049=ORIENTED_EDGE('',*,*,#8016,.T.);
#8050=CARTESIAN_POINT('',(20.61,5.995690733,-0.3));
#8051=DIRECTION('',(0.,-0.,-1.));
#8052=VECTOR('',#8051,0.7);
#8053=LINE('',#8050,#8052);
#8054=EDGE_CURVE('',#8003,#2546,#8053,.T.);
#8055=ORIENTED_EDGE('',*,*,#8054,.T.);
#8056=ORIENTED_EDGE('',*,*,#2552,.T.);
#8057=EDGE_LOOP('',(#8048,#8049,#8055,#8056));
#8058=FACE_BOUND('',#8057,.T.);
#8059=ADVANCED_FACE('',(#8058),#8047,.F.);
#8060=CARTESIAN_POINT('',(20.605,6.325652852,-1.8));
#8061=DIRECTION('',(0.,-0.,-1.));
#8062=DIRECTION('',(0.,-1.,0.));
#8063=AXIS2_PLACEMENT_3D('',#8060,#8061,#8062);
#8064=CYLINDRICAL_SURFACE('',#8063,0.33);
#8065=ORIENTED_EDGE('',*,*,#2561,.T.);
#8066=ORIENTED_EDGE('',*,*,#8054,.F.);
#8067=ORIENTED_EDGE('',*,*,#8009,.T.);
#8068=CARTESIAN_POINT('',(20.935,6.325652852,-0.3));
#8069=DIRECTION('',(-0.,-0.,-1.));
#8070=VECTOR('',#8069,0.7);
#8071=LINE('',#8068,#8070);
#8072=EDGE_CURVE('',#7995,#2555,#8071,.T.);
#8073=ORIENTED_EDGE('',*,*,#8072,.T.);
#8074=EDGE_LOOP('',(#8065,#8066,#8067,#8073));
#8075=FACE_BOUND('',#8074,.T.);
#8076=ADVANCED_FACE('',(#8075),#8064,.F.);
#8077=CARTESIAN_POINT('',(20.935,6.7,-1.8));
#8078=DIRECTION('',(-1.,-0.,0.));
#8079=DIRECTION('',(-0.,1.,-0.));
#8080=AXIS2_PLACEMENT_3D('',#8077,#8078,#8079);
#8081=PLANE('',#8080);
#8082=ORIENTED_EDGE('',*,*,#8000,.T.);
#8083=ORIENTED_EDGE('',*,*,#2032,.F.);
#8084=ORIENTED_EDGE('',*,*,#2567,.T.);
#8085=ORIENTED_EDGE('',*,*,#8072,.F.);
#8086=EDGE_LOOP('',(#8082,#8083,#8084,#8085));
#8087=FACE_BOUND('',#8086,.T.);
#8088=ADVANCED_FACE('',(#8087),#8081,.T.);
#8089=CARTESIAN_POINT('',(21.01,6.4,-0.3));
#8090=DIRECTION('',(1.,0.,-0.));
#8091=DIRECTION('',(0.,-1.,0.));
#8092=AXIS2_PLACEMENT_3D('',#8089,#8090,#8091);
#8093=PLANE('',#8092);
#8094=ORIENTED_EDGE('',*,*,#1393,.F.);
#8095=ORIENTED_EDGE('',*,*,#2046,.F.);
#8096=ORIENTED_EDGE('',*,*,#7991,.T.);
#8097=CARTESIAN_POINT('',(21.01,6.09,-0.2));
#8098=DIRECTION('',(-0.,-0.,-1.));
#8099=VECTOR('',#8098,0.1);
#8100=LINE('',#8097,#8099);
#8101=EDGE_CURVE('',#1388,#7979,#8100,.T.);
#8102=ORIENTED_EDGE('',*,*,#8101,.F.);
#8103=EDGE_LOOP('',(#8094,#8095,#8096,#8102));
#8104=FACE_BOUND('',#8103,.T.);
#8105=ADVANCED_FACE('NONE',(#8104),#8093,.F.);
#8106=CARTESIAN_POINT('',(20.62,6.09,-0.3));
#8107=DIRECTION('',(0.,0.,1.));
#8108=DIRECTION('',(-0.,1.,-0.));
#8109=AXIS2_PLACEMENT_3D('',#8106,#8107,#8108);
#8110=CYLINDRICAL_SURFACE('',#8109,0.39);
#8111=ORIENTED_EDGE('',*,*,#7985,.T.);
#8112=CARTESIAN_POINT('',(20.62,5.7,-0.3));
#8113=DIRECTION('',(0.,0.,1.));
#8114=VECTOR('',#8113,0.1);
#8115=LINE('',#8112,#8114);
#8116=EDGE_CURVE('',#7971,#1396,#8115,.T.);
#8117=ORIENTED_EDGE('',*,*,#8116,.T.);
#8118=ORIENTED_EDGE('',*,*,#1402,.T.);
#8119=ORIENTED_EDGE('',*,*,#8101,.T.);
#8120=EDGE_LOOP('',(#8111,#8117,#8118,#8119));
#8121=FACE_BOUND('',#8120,.T.);
#8122=ADVANCED_FACE('',(#8121),#8110,.F.);
#8123=CARTESIAN_POINT('',(13.71,5.7,-0.3));
#8124=DIRECTION('',(-0.,1.,-0.));
#8125=DIRECTION('',(1.,0.,-0.));
#8126=AXIS2_PLACEMENT_3D('',#8123,#8124,#8125);
#8127=PLANE('',#8126);
#8128=ORIENTED_EDGE('',*,*,#7976,.F.);
#8129=CARTESIAN_POINT('',(20.6,5.7,-0.2));
#8130=DIRECTION('',(-0.,-0.,-1.));
#8131=VECTOR('',#8130,0.1);
#8132=LINE('',#8129,#8131);
#8133=EDGE_CURVE('',#1405,#7962,#8132,.T.);
#8134=ORIENTED_EDGE('',*,*,#8133,.F.);
#8135=ORIENTED_EDGE('',*,*,#1410,.T.);
#8136=ORIENTED_EDGE('',*,*,#8116,.F.);
#8137=EDGE_LOOP('',(#8128,#8134,#8135,#8136));
#8138=FACE_BOUND('',#8137,.T.);
#8139=ADVANCED_FACE('',(#8138),#8127,.T.);
#8140=CARTESIAN_POINT('',(20.6,6.09,-0.3));
#8141=DIRECTION('',(0.,0.,1.));
#8142=DIRECTION('',(-0.,1.,-0.));
#8143=AXIS2_PLACEMENT_3D('',#8140,#8141,#8142);
#8144=CYLINDRICAL_SURFACE('',#8143,0.39);
#8145=ORIENTED_EDGE('',*,*,#7968,.T.);
#8146=CARTESIAN_POINT('',(20.21,6.09,-0.3));
#8147=DIRECTION('',(0.,0.,1.));
#8148=VECTOR('',#8147,0.1);
#8149=LINE('',#8146,#8148);
#8150=EDGE_CURVE('',#7954,#1413,#8149,.T.);
#8151=ORIENTED_EDGE('',*,*,#8150,.T.);
#8152=ORIENTED_EDGE('',*,*,#1419,.T.);
#8153=ORIENTED_EDGE('',*,*,#8133,.T.);
#8154=EDGE_LOOP('',(#8145,#8151,#8152,#8153));
#8155=FACE_BOUND('',#8154,.T.);
#8156=ADVANCED_FACE('',(#8155),#8144,.F.);
#8157=CARTESIAN_POINT('',(20.21,6.4,-0.3));
#8158=DIRECTION('',(-1.,-0.,0.));
#8159=DIRECTION('',(-0.,1.,-0.));
#8160=AXIS2_PLACEMENT_3D('',#8157,#8158,#8159);
#8161=PLANE('',#8160);
#8162=ORIENTED_EDGE('',*,*,#7959,.T.);
#8163=CARTESIAN_POINT('',(20.21,6.7,-0.3));
#8164=DIRECTION('',(0.,0.,1.));
#8165=VECTOR('',#8164,0.1);
#8166=LINE('',#8163,#8165);
#8167=EDGE_CURVE('NONE',#7946,#1422,#8166,.T.);
#8168=ORIENTED_EDGE('',*,*,#8167,.T.);
#8169=ORIENTED_EDGE('',*,*,#1427,.F.);
#8170=ORIENTED_EDGE('',*,*,#8150,.F.);
#8171=EDGE_LOOP('',(#8162,#8168,#8169,#8170));
#8172=FACE_BOUND('',#8171,.T.);
#8173=ADVANCED_FACE('NONE',(#8172),#8161,.F.);
#8174=CARTESIAN_POINT('',(-3.79,6.7,-1.));
#8175=DIRECTION('',(-0.,1.,-0.));
#8176=DIRECTION('',(1.,0.,-0.));
#8177=AXIS2_PLACEMENT_3D('',#8174,#8175,#8176);
#8178=PLANE('',#8177);
#8179=ORIENTED_EDGE('',*,*,#8031,.F.);
#8180=ORIENTED_EDGE('',*,*,#2535,.F.);
#8181=CARTESIAN_POINT('',(19.435,6.7,-0.3));
#8182=VERTEX_POINT('',#8181);
#8183=CARTESIAN_POINT('',(19.435,6.7,-1.));
#8184=DIRECTION('',(0.,0.,1.));
#8185=VECTOR('',#8184,0.7);
#8186=LINE('',#8183,#8185);
#8187=EDGE_CURVE('',#2522,#8182,#8186,.T.);
#8188=ORIENTED_EDGE('',*,*,#8187,.T.);
#8189=CARTESIAN_POINT('',(19.51,6.7,-0.3));
#8190=VERTEX_POINT('',#8189);
#8191=CARTESIAN_POINT('',(19.435,6.7,-0.3));
#8192=DIRECTION('',(1.,0.,-0.));
#8193=VECTOR('',#8192,0.075);
#8194=LINE('',#8191,#8193);
#8195=EDGE_CURVE('',#8182,#8190,#8194,.T.);
#8196=ORIENTED_EDGE('',*,*,#8195,.T.);
#8197=CARTESIAN_POINT('',(19.51,6.7,-0.3));
#8198=DIRECTION('',(0.,0.,1.));
#8199=VECTOR('',#8198,0.1);
#8200=LINE('',#8197,#8199);
#8201=EDGE_CURVE('NONE',#8190,#1430,#8200,.T.);
#8202=ORIENTED_EDGE('',*,*,#8201,.T.);
#8203=ORIENTED_EDGE('',*,*,#1435,.T.);
#8204=ORIENTED_EDGE('',*,*,#8167,.F.);
#8205=ORIENTED_EDGE('',*,*,#7951,.T.);
#8206=EDGE_LOOP('',(#8179,#8180,#8188,#8196,#8202,#8203,#8204,#8205));
#8207=FACE_BOUND('',#8206,.T.);
#8208=ADVANCED_FACE('',(#8207),#8178,.T.);
#8209=OVER_RIDING_STYLED_ITEM('',(#1986),#8208,#89);
#8210=CARTESIAN_POINT('',(19.11,6.7,-0.3));
#8211=DIRECTION('',(0.,0.,1.));
#8212=DIRECTION('',(-0.,1.,-0.));
#8213=AXIS2_PLACEMENT_3D('',#8210,#8211,#8212);
#8214=PLANE('',#8213);
#8215=CARTESIAN_POINT('',(18.785,6.7,-0.3));
#8216=VERTEX_POINT('',#8215);
#8217=CARTESIAN_POINT('',(18.785,6.325652852,-0.3));
#8218=VERTEX_POINT('',#8217);
#8219=CARTESIAN_POINT('',(18.785,6.7,-0.3));
#8220=DIRECTION('',(0.,-1.,0.));
#8221=VECTOR('',#8220,0.374347148);
#8222=LINE('',#8219,#8221);
#8223=EDGE_CURVE('',#8216,#8218,#8222,.T.);
#8224=ORIENTED_EDGE('',*,*,#8223,.F.);
#8225=CARTESIAN_POINT('',(18.71,6.7,-0.3));
#8226=VERTEX_POINT('',#8225);
#8227=CARTESIAN_POINT('',(18.71,6.7,-0.3));
#8228=DIRECTION('',(1.,0.,-0.));
#8229=VECTOR('',#8228,0.075);
#8230=LINE('',#8227,#8229);
#8231=EDGE_CURVE('NONE',#8226,#8216,#8230,.T.);
#8232=ORIENTED_EDGE('',*,*,#8231,.F.);
#8233=CARTESIAN_POINT('',(18.71,6.09,-0.3));
#8234=VERTEX_POINT('',#8233);
#8235=CARTESIAN_POINT('',(18.71,6.09,-0.3));
#8236=DIRECTION('',(-0.,1.,-0.));
#8237=VECTOR('',#8236,0.61);
#8238=LINE('',#8235,#8237);
#8239=EDGE_CURVE('',#8234,#8226,#8238,.T.);
#8240=ORIENTED_EDGE('',*,*,#8239,.F.);
#8241=CARTESIAN_POINT('',(19.1,5.7,-0.3));
#8242=VERTEX_POINT('',#8241);
#8243=CARTESIAN_POINT('',(19.1,6.09,-0.3));
#8244=DIRECTION('',(0.,-0.,-1.));
#8245=DIRECTION('',(-0.,1.,-0.));
#8246=AXIS2_PLACEMENT_3D('',#8243,#8244,#8245);
#8247=CIRCLE('',#8246,0.39);
#8248=EDGE_CURVE('',#8242,#8234,#8247,.T.);
#8249=ORIENTED_EDGE('',*,*,#8248,.F.);
#8250=CARTESIAN_POINT('',(19.12,5.7,-0.3));
#8251=VERTEX_POINT('',#8250);
#8252=CARTESIAN_POINT('',(19.1,5.7,-0.3));
#8253=DIRECTION('',(1.,0.,-0.));
#8254=VECTOR('',#8253,0.02);
#8255=LINE('',#8252,#8254);
#8256=EDGE_CURVE('',#8242,#8251,#8255,.T.);
#8257=ORIENTED_EDGE('',*,*,#8256,.T.);
#8258=CARTESIAN_POINT('',(19.51,6.09,-0.3));
#8259=VERTEX_POINT('',#8258);
#8260=CARTESIAN_POINT('',(19.12,6.09,-0.3));
#8261=DIRECTION('',(0.,-0.,-1.));
#8262=DIRECTION('',(-0.,1.,-0.));
#8263=AXIS2_PLACEMENT_3D('',#8260,#8261,#8262);
#8264=CIRCLE('',#8263,0.39);
#8265=EDGE_CURVE('',#8259,#8251,#8264,.T.);
#8266=ORIENTED_EDGE('',*,*,#8265,.F.);
#8267=CARTESIAN_POINT('',(19.51,6.7,-0.3));
#8268=DIRECTION('',(0.,-1.,0.));
#8269=VECTOR('',#8268,0.61);
#8270=LINE('',#8267,#8269);
#8271=EDGE_CURVE('NONE',#8190,#8259,#8270,.T.);
#8272=ORIENTED_EDGE('',*,*,#8271,.F.);
#8273=ORIENTED_EDGE('',*,*,#8195,.F.);
#8274=CARTESIAN_POINT('',(19.435,6.325652852,-0.3));
#8275=VERTEX_POINT('',#8274);
#8276=CARTESIAN_POINT('',(19.435,6.325652852,-0.3));
#8277=DIRECTION('',(-0.,1.,-0.));
#8278=VECTOR('',#8277,0.374347148);
#8279=LINE('',#8276,#8278);
#8280=EDGE_CURVE('',#8275,#8182,#8279,.T.);
#8281=ORIENTED_EDGE('',*,*,#8280,.F.);
#8282=CARTESIAN_POINT('',(19.11,5.995690733,-0.3));
#8283=VERTEX_POINT('',#8282);
#8284=CARTESIAN_POINT('',(19.105,6.325652852,-0.3));
#8285=DIRECTION('',(-0.,0.,1.));
#8286=DIRECTION('',(-0.,1.,-0.));
#8287=AXIS2_PLACEMENT_3D('',#8284,#8285,#8286);
#8288=CIRCLE('',#8287,0.33);
#8289=EDGE_CURVE('',#8283,#8275,#8288,.T.);
#8290=ORIENTED_EDGE('',*,*,#8289,.F.);
#8291=CARTESIAN_POINT('',(19.115,6.325652852,-0.3));
#8292=DIRECTION('',(-0.,0.,1.));
#8293=DIRECTION('',(-0.,1.,-0.));
#8294=AXIS2_PLACEMENT_3D('',#8291,#8292,#8293);
#8295=CIRCLE('',#8294,0.33);
#8296=EDGE_CURVE('',#8218,#8283,#8295,.T.);
#8297=ORIENTED_EDGE('',*,*,#8296,.F.);
#8298=EDGE_LOOP('',(#8224,#8232,#8240,#8249,#8257,#8266,#8272,#8273,#8281,#8290,#8297));
#8299=FACE_BOUND('',#8298,.T.);
#8300=ADVANCED_FACE('',(#8299),#8214,.T.);
#8301=CARTESIAN_POINT('',(18.785,6.7,-1.8));
#8302=DIRECTION('',(1.,0.,-0.));
#8303=DIRECTION('',(0.,-1.,0.));
#8304=AXIS2_PLACEMENT_3D('',#8301,#8302,#8303);
#8305=PLANE('',#8304);
#8306=ORIENTED_EDGE('',*,*,#2501,.T.);
#8307=CARTESIAN_POINT('',(18.785,6.7,-1.));
#8308=DIRECTION('',(0.,0.,1.));
#8309=VECTOR('',#8308,0.7);
#8310=LINE('',#8307,#8309);
#8311=EDGE_CURVE('',#2488,#8216,#8310,.T.);
#8312=ORIENTED_EDGE('',*,*,#8311,.T.);
#8313=ORIENTED_EDGE('',*,*,#8223,.T.);
#8314=CARTESIAN_POINT('',(18.785,6.325652852,-1.));
#8315=DIRECTION('',(0.,0.,1.));
#8316=VECTOR('',#8315,0.7);
#8317=LINE('',#8314,#8316);
#8318=EDGE_CURVE('',#2496,#8218,#8317,.T.);
#8319=ORIENTED_EDGE('',*,*,#8318,.F.);
#8320=EDGE_LOOP('',(#8306,#8312,#8313,#8319));
#8321=FACE_BOUND('',#8320,.T.);
#8322=ADVANCED_FACE('',(#8321),#8305,.T.);
#8323=CARTESIAN_POINT('',(19.115,6.325652852,-1.8));
#8324=DIRECTION('',(0.,-0.,-1.));
#8325=DIRECTION('',(0.,-1.,0.));
#8326=AXIS2_PLACEMENT_3D('',#8323,#8324,#8325);
#8327=CYLINDRICAL_SURFACE('',#8326,0.33);
#8328=ORIENTED_EDGE('',*,*,#8318,.T.);
#8329=ORIENTED_EDGE('',*,*,#8296,.T.);
#8330=CARTESIAN_POINT('',(19.11,5.995690733,-0.3));
#8331=DIRECTION('',(0.,-0.,-1.));
#8332=VECTOR('',#8331,0.7);
#8333=LINE('',#8330,#8332);
#8334=EDGE_CURVE('',#8283,#2504,#8333,.T.);
#8335=ORIENTED_EDGE('',*,*,#8334,.T.);
#8336=ORIENTED_EDGE('',*,*,#2510,.T.);
#8337=EDGE_LOOP('',(#8328,#8329,#8335,#8336));
#8338=FACE_BOUND('',#8337,.T.);
#8339=ADVANCED_FACE('',(#8338),#8327,.F.);
#8340=CARTESIAN_POINT('',(19.105,6.325652852,-1.8));
#8341=DIRECTION('',(0.,-0.,-1.));
#8342=DIRECTION('',(0.,-1.,0.));
#8343=AXIS2_PLACEMENT_3D('',#8340,#8341,#8342);
#8344=CYLINDRICAL_SURFACE('',#8343,0.33);
#8345=ORIENTED_EDGE('',*,*,#2519,.T.);
#8346=ORIENTED_EDGE('',*,*,#8334,.F.);
#8347=ORIENTED_EDGE('',*,*,#8289,.T.);
#8348=CARTESIAN_POINT('',(19.435,6.325652852,-0.3));
#8349=DIRECTION('',(-0.,-0.,-1.));
#8350=VECTOR('',#8349,0.7);
#8351=LINE('',#8348,#8350);
#8352=EDGE_CURVE('',#8275,#2513,#8351,.T.);
#8353=ORIENTED_EDGE('',*,*,#8352,.T.);
#8354=EDGE_LOOP('',(#8345,#8346,#8347,#8353));
#8355=FACE_BOUND('',#8354,.T.);
#8356=ADVANCED_FACE('',(#8355),#8344,.F.);
#8357=CARTESIAN_POINT('',(19.435,6.7,-1.8));
#8358=DIRECTION('',(-1.,-0.,0.));
#8359=DIRECTION('',(-0.,1.,-0.));
#8360=AXIS2_PLACEMENT_3D('',#8357,#8358,#8359);
#8361=PLANE('',#8360);
#8362=ORIENTED_EDGE('',*,*,#8280,.T.);
#8363=ORIENTED_EDGE('',*,*,#8187,.F.);
#8364=ORIENTED_EDGE('',*,*,#2527,.T.);
#8365=ORIENTED_EDGE('',*,*,#8352,.F.);
#8366=EDGE_LOOP('',(#8362,#8363,#8364,#8365));
#8367=FACE_BOUND('',#8366,.T.);
#8368=ADVANCED_FACE('',(#8367),#8361,.T.);
#8369=CARTESIAN_POINT('',(19.51,6.4,-0.3));
#8370=DIRECTION('',(1.,0.,-0.));
#8371=DIRECTION('',(0.,-1.,0.));
#8372=AXIS2_PLACEMENT_3D('',#8369,#8370,#8371);
#8373=PLANE('',#8372);
#8374=ORIENTED_EDGE('',*,*,#1443,.F.);
#8375=ORIENTED_EDGE('',*,*,#8201,.F.);
#8376=ORIENTED_EDGE('',*,*,#8271,.T.);
#8377=CARTESIAN_POINT('',(19.51,6.09,-0.2));
#8378=DIRECTION('',(-0.,-0.,-1.));
#8379=VECTOR('',#8378,0.1);
#8380=LINE('',#8377,#8379);
#8381=EDGE_CURVE('',#1438,#8259,#8380,.T.);
#8382=ORIENTED_EDGE('',*,*,#8381,.F.);
#8383=EDGE_LOOP('',(#8374,#8375,#8376,#8382));
#8384=FACE_BOUND('',#8383,.T.);
#8385=ADVANCED_FACE('NONE',(#8384),#8373,.F.);
#8386=CARTESIAN_POINT('',(19.12,6.09,-0.3));
#8387=DIRECTION('',(0.,0.,1.));
#8388=DIRECTION('',(-0.,1.,-0.));
#8389=AXIS2_PLACEMENT_3D('',#8386,#8387,#8388);
#8390=CYLINDRICAL_SURFACE('',#8389,0.39);
#8391=ORIENTED_EDGE('',*,*,#8265,.T.);
#8392=CARTESIAN_POINT('',(19.12,5.7,-0.3));
#8393=DIRECTION('',(0.,0.,1.));
#8394=VECTOR('',#8393,0.1);
#8395=LINE('',#8392,#8394);
#8396=EDGE_CURVE('',#8251,#1446,#8395,.T.);
#8397=ORIENTED_EDGE('',*,*,#8396,.T.);
#8398=ORIENTED_EDGE('',*,*,#1452,.T.);
#8399=ORIENTED_EDGE('',*,*,#8381,.T.);
#8400=EDGE_LOOP('',(#8391,#8397,#8398,#8399));
#8401=FACE_BOUND('',#8400,.T.);
#8402=ADVANCED_FACE('',(#8401),#8390,.F.);
#8403=CARTESIAN_POINT('',(12.21,5.7,-0.3));
#8404=DIRECTION('',(-0.,1.,-0.));
#8405=DIRECTION('',(1.,0.,-0.));
#8406=AXIS2_PLACEMENT_3D('',#8403,#8404,#8405);
#8407=PLANE('',#8406);
#8408=ORIENTED_EDGE('',*,*,#8256,.F.);
#8409=CARTESIAN_POINT('',(19.1,5.7,-0.2));
#8410=DIRECTION('',(-0.,-0.,-1.));
#8411=VECTOR('',#8410,0.1);
#8412=LINE('',#8409,#8411);
#8413=EDGE_CURVE('',#1455,#8242,#8412,.T.);
#8414=ORIENTED_EDGE('',*,*,#8413,.F.);
#8415=ORIENTED_EDGE('',*,*,#1460,.T.);
#8416=ORIENTED_EDGE('',*,*,#8396,.F.);
#8417=EDGE_LOOP('',(#8408,#8414,#8415,#8416));
#8418=FACE_BOUND('',#8417,.T.);
#8419=ADVANCED_FACE('',(#8418),#8407,.T.);
#8420=CARTESIAN_POINT('',(19.1,6.09,-0.3));
#8421=DIRECTION('',(0.,0.,1.));
#8422=DIRECTION('',(-0.,1.,-0.));
#8423=AXIS2_PLACEMENT_3D('',#8420,#8421,#8422);
#8424=CYLINDRICAL_SURFACE('',#8423,0.39);
#8425=ORIENTED_EDGE('',*,*,#8248,.T.);
#8426=CARTESIAN_POINT('',(18.71,6.09,-0.3));
#8427=DIRECTION('',(0.,0.,1.));
#8428=VECTOR('',#8427,0.1);
#8429=LINE('',#8426,#8428);
#8430=EDGE_CURVE('',#8234,#1463,#8429,.T.);
#8431=ORIENTED_EDGE('',*,*,#8430,.T.);
#8432=ORIENTED_EDGE('',*,*,#1469,.T.);
#8433=ORIENTED_EDGE('',*,*,#8413,.T.);
#8434=EDGE_LOOP('',(#8425,#8431,#8432,#8433));
#8435=FACE_BOUND('',#8434,.T.);
#8436=ADVANCED_FACE('',(#8435),#8424,.F.);
#8437=CARTESIAN_POINT('',(18.71,6.4,-0.3));
#8438=DIRECTION('',(-1.,-0.,0.));
#8439=DIRECTION('',(-0.,1.,-0.));
#8440=AXIS2_PLACEMENT_3D('',#8437,#8438,#8439);
#8441=PLANE('',#8440);
#8442=ORIENTED_EDGE('',*,*,#8239,.T.);
#8443=CARTESIAN_POINT('',(18.71,6.7,-0.3));
#8444=DIRECTION('',(0.,0.,1.));
#8445=VECTOR('',#8444,0.1);
#8446=LINE('',#8443,#8445);
#8447=EDGE_CURVE('NONE',#8226,#1472,#8446,.T.);
#8448=ORIENTED_EDGE('',*,*,#8447,.T.);
#8449=ORIENTED_EDGE('',*,*,#1477,.F.);
#8450=ORIENTED_EDGE('',*,*,#8430,.F.);
#8451=EDGE_LOOP('',(#8442,#8448,#8449,#8450));
#8452=FACE_BOUND('',#8451,.T.);
#8453=ADVANCED_FACE('NONE',(#8452),#8441,.F.);
#8454=CARTESIAN_POINT('',(-5.29,6.7,-1.));
#8455=DIRECTION('',(-0.,1.,-0.));
#8456=DIRECTION('',(1.,0.,-0.));
#8457=AXIS2_PLACEMENT_3D('',#8454,#8455,#8456);
#8458=PLANE('',#8457);
#8459=ORIENTED_EDGE('',*,*,#8311,.F.);
#8460=ORIENTED_EDGE('',*,*,#2493,.F.);
#8461=CARTESIAN_POINT('',(17.935,6.7,-0.3));
#8462=VERTEX_POINT('',#8461);
#8463=CARTESIAN_POINT('',(17.935,6.7,-1.));
#8464=DIRECTION('',(0.,0.,1.));
#8465=VECTOR('',#8464,0.7);
#8466=LINE('',#8463,#8465);
#8467=EDGE_CURVE('',#2480,#8462,#8466,.T.);
#8468=ORIENTED_EDGE('',*,*,#8467,.T.);
#8469=CARTESIAN_POINT('',(18.01,6.7,-0.3));
#8470=VERTEX_POINT('',#8469);
#8471=CARTESIAN_POINT('',(17.935,6.7,-0.3));
#8472=DIRECTION('',(1.,0.,-0.));
#8473=VECTOR('',#8472,0.075);
#8474=LINE('',#8471,#8473);
#8475=EDGE_CURVE('',#8462,#8470,#8474,.T.);
#8476=ORIENTED_EDGE('',*,*,#8475,.T.);
#8477=CARTESIAN_POINT('',(18.01,6.7,-0.3));
#8478=DIRECTION('',(0.,0.,1.));
#8479=VECTOR('',#8478,0.1);
#8480=LINE('',#8477,#8479);
#8481=EDGE_CURVE('NONE',#8470,#1480,#8480,.T.);
#8482=ORIENTED_EDGE('',*,*,#8481,.T.);
#8483=ORIENTED_EDGE('',*,*,#1485,.T.);
#8484=ORIENTED_EDGE('',*,*,#8447,.F.);
#8485=ORIENTED_EDGE('',*,*,#8231,.T.);
#8486=EDGE_LOOP('',(#8459,#8460,#8468,#8476,#8482,#8483,#8484,#8485));
#8487=FACE_BOUND('',#8486,.T.);
#8488=ADVANCED_FACE('',(#8487),#8458,.T.);
#8489=OVER_RIDING_STYLED_ITEM('',(#1986),#8488,#89);
#8490=CARTESIAN_POINT('',(4.11,6.7,-0.3));
#8491=DIRECTION('',(0.,0.,1.));
#8492=DIRECTION('',(-0.,1.,-0.));
#8493=AXIS2_PLACEMENT_3D('',#8490,#8491,#8492);
#8494=PLANE('',#8493);
#8495=CARTESIAN_POINT('',(3.785,6.7,-0.3));
#8496=VERTEX_POINT('',#8495);
#8497=CARTESIAN_POINT('',(3.785,6.325652852,-0.3));
#8498=VERTEX_POINT('',#8497);
#8499=CARTESIAN_POINT('',(3.785,6.7,-0.3));
#8500=DIRECTION('',(0.,-1.,0.));
#8501=VECTOR('',#8500,0.374347148);
#8502=LINE('',#8499,#8501);
#8503=EDGE_CURVE('',#8496,#8498,#8502,.T.);
#8504=ORIENTED_EDGE('',*,*,#8503,.F.);
#8505=CARTESIAN_POINT('',(3.71,6.7,-0.3));
#8506=VERTEX_POINT('',#8505);
#8507=CARTESIAN_POINT('',(3.71,6.7,-0.3));
#8508=DIRECTION('',(1.,0.,-0.));
#8509=VECTOR('',#8508,0.075);
#8510=LINE('',#8507,#8509);
#8511=EDGE_CURVE('NONE',#8506,#8496,#8510,.T.);
#8512=ORIENTED_EDGE('',*,*,#8511,.F.);
#8513=CARTESIAN_POINT('',(3.71,6.09,-0.3));
#8514=VERTEX_POINT('',#8513);
#8515=CARTESIAN_POINT('',(3.71,6.09,-0.3));
#8516=DIRECTION('',(-0.,1.,-0.));
#8517=VECTOR('',#8516,0.61);
#8518=LINE('',#8515,#8517);
#8519=EDGE_CURVE('',#8514,#8506,#8518,.T.);
#8520=ORIENTED_EDGE('',*,*,#8519,.F.);
#8521=CARTESIAN_POINT('',(4.1,5.7,-0.3));
#8522=VERTEX_POINT('',#8521);
#8523=CARTESIAN_POINT('',(4.1,6.09,-0.3));
#8524=DIRECTION('',(0.,-0.,-1.));
#8525=DIRECTION('',(-0.,1.,-0.));
#8526=AXIS2_PLACEMENT_3D('',#8523,#8524,#8525);
#8527=CIRCLE('',#8526,0.39);
#8528=EDGE_CURVE('',#8522,#8514,#8527,.T.);
#8529=ORIENTED_EDGE('',*,*,#8528,.F.);
#8530=CARTESIAN_POINT('',(4.12,5.7,-0.3));
#8531=VERTEX_POINT('',#8530);
#8532=CARTESIAN_POINT('',(4.1,5.7,-0.3));
#8533=DIRECTION('',(1.,0.,-0.));
#8534=VECTOR('',#8533,0.02);
#8535=LINE('',#8532,#8534);
#8536=EDGE_CURVE('',#8522,#8531,#8535,.T.);
#8537=ORIENTED_EDGE('',*,*,#8536,.T.);
#8538=CARTESIAN_POINT('',(4.51,6.09,-0.3));
#8539=VERTEX_POINT('',#8538);
#8540=CARTESIAN_POINT('',(4.12,6.09,-0.3));
#8541=DIRECTION('',(0.,-0.,-1.));
#8542=DIRECTION('',(-0.,1.,-0.));
#8543=AXIS2_PLACEMENT_3D('',#8540,#8541,#8542);
#8544=CIRCLE('',#8543,0.39);
#8545=EDGE_CURVE('',#8539,#8531,#8544,.T.);
#8546=ORIENTED_EDGE('',*,*,#8545,.F.);
#8547=CARTESIAN_POINT('',(4.51,6.7,-0.3));
#8548=VERTEX_POINT('',#8547);
#8549=CARTESIAN_POINT('',(4.51,6.7,-0.3));
#8550=DIRECTION('',(0.,-1.,0.));
#8551=VECTOR('',#8550,0.61);
#8552=LINE('',#8549,#8551);
#8553=EDGE_CURVE('NONE',#8548,#8539,#8552,.T.);
#8554=ORIENTED_EDGE('',*,*,#8553,.F.);
#8555=CARTESIAN_POINT('',(4.435,6.7,-0.3));
#8556=VERTEX_POINT('',#8555);
#8557=CARTESIAN_POINT('',(4.435,6.7,-0.3));
#8558=DIRECTION('',(1.,0.,-0.));
#8559=VECTOR('',#8558,0.075);
#8560=LINE('',#8557,#8559);
#8561=EDGE_CURVE('',#8556,#8548,#8560,.T.);
#8562=ORIENTED_EDGE('',*,*,#8561,.F.);
#8563=CARTESIAN_POINT('',(4.435,6.325652852,-0.3));
#8564=VERTEX_POINT('',#8563);
#8565=CARTESIAN_POINT('',(4.435,6.325652852,-0.3));
#8566=DIRECTION('',(-0.,1.,-0.));
#8567=VECTOR('',#8566,0.374347148);
#8568=LINE('',#8565,#8567);
#8569=EDGE_CURVE('',#8564,#8556,#8568,.T.);
#8570=ORIENTED_EDGE('',*,*,#8569,.F.);
#8571=CARTESIAN_POINT('',(4.11,5.995690733,-0.3));
#8572=VERTEX_POINT('',#8571);
#8573=CARTESIAN_POINT('',(4.105,6.325652852,-0.3));
#8574=DIRECTION('',(-0.,0.,1.));
#8575=DIRECTION('',(-0.,1.,-0.));
#8576=AXIS2_PLACEMENT_3D('',#8573,#8574,#8575);
#8577=CIRCLE('',#8576,0.33);
#8578=EDGE_CURVE('',#8572,#8564,#8577,.T.);
#8579=ORIENTED_EDGE('',*,*,#8578,.F.);
#8580=CARTESIAN_POINT('',(4.115,6.325652852,-0.3));
#8581=DIRECTION('',(-0.,0.,1.));
#8582=DIRECTION('',(-0.,1.,-0.));
#8583=AXIS2_PLACEMENT_3D('',#8580,#8581,#8582);
#8584=CIRCLE('',#8583,0.33);
#8585=EDGE_CURVE('',#8498,#8572,#8584,.T.);
#8586=ORIENTED_EDGE('',*,*,#8585,.F.);
#8587=EDGE_LOOP('',(#8504,#8512,#8520,#8529,#8537,#8546,#8554,#8562,#8570,#8579,#8586));
#8588=FACE_BOUND('',#8587,.T.);
#8589=ADVANCED_FACE('',(#8588),#8494,.T.);
#8590=CARTESIAN_POINT('',(3.785,6.7,-1.8));
#8591=DIRECTION('',(1.,0.,-0.));
#8592=DIRECTION('',(0.,-1.,0.));
#8593=AXIS2_PLACEMENT_3D('',#8590,#8591,#8592);
#8594=PLANE('',#8593);
#8595=ORIENTED_EDGE('',*,*,#2081,.T.);
#8596=CARTESIAN_POINT('',(3.785,6.7,-1.));
#8597=DIRECTION('',(0.,0.,1.));
#8598=VECTOR('',#8597,0.7);
#8599=LINE('',#8596,#8598);
#8600=EDGE_CURVE('',#2068,#8496,#8599,.T.);
#8601=ORIENTED_EDGE('',*,*,#8600,.T.);
#8602=ORIENTED_EDGE('',*,*,#8503,.T.);
#8603=CARTESIAN_POINT('',(3.785,6.325652852,-1.));
#8604=DIRECTION('',(0.,0.,1.));
#8605=VECTOR('',#8604,0.7);
#8606=LINE('',#8603,#8605);
#8607=EDGE_CURVE('',#2076,#8498,#8606,.T.);
#8608=ORIENTED_EDGE('',*,*,#8607,.F.);
#8609=EDGE_LOOP('',(#8595,#8601,#8602,#8608));
#8610=FACE_BOUND('',#8609,.T.);
#8611=ADVANCED_FACE('',(#8610),#8594,.T.);
#8612=CARTESIAN_POINT('',(4.115,6.325652852,-1.8));
#8613=DIRECTION('',(0.,-0.,-1.));
#8614=DIRECTION('',(0.,-1.,0.));
#8615=AXIS2_PLACEMENT_3D('',#8612,#8613,#8614);
#8616=CYLINDRICAL_SURFACE('',#8615,0.33);
#8617=ORIENTED_EDGE('',*,*,#8607,.T.);
#8618=ORIENTED_EDGE('',*,*,#8585,.T.);
#8619=CARTESIAN_POINT('',(4.11,5.995690733,-0.3));
#8620=DIRECTION('',(0.,-0.,-1.));
#8621=VECTOR('',#8620,0.7);
#8622=LINE('',#8619,#8621);
#8623=EDGE_CURVE('',#8572,#2084,#8622,.T.);
#8624=ORIENTED_EDGE('',*,*,#8623,.T.);
#8625=ORIENTED_EDGE('',*,*,#2090,.T.);
#8626=EDGE_LOOP('',(#8617,#8618,#8624,#8625));
#8627=FACE_BOUND('',#8626,.T.);
#8628=ADVANCED_FACE('',(#8627),#8616,.F.);
#8629=CARTESIAN_POINT('',(4.105,6.325652852,-1.8));
#8630=DIRECTION('',(0.,-0.,-1.));
#8631=DIRECTION('',(0.,-1.,0.));
#8632=AXIS2_PLACEMENT_3D('',#8629,#8630,#8631);
#8633=CYLINDRICAL_SURFACE('',#8632,0.33);
#8634=ORIENTED_EDGE('',*,*,#2099,.T.);
#8635=ORIENTED_EDGE('',*,*,#8623,.F.);
#8636=ORIENTED_EDGE('',*,*,#8578,.T.);
#8637=CARTESIAN_POINT('',(4.435,6.325652852,-0.3));
#8638=DIRECTION('',(-0.,-0.,-1.));
#8639=VECTOR('',#8638,0.7);
#8640=LINE('',#8637,#8639);
#8641=EDGE_CURVE('',#8564,#2093,#8640,.T.);
#8642=ORIENTED_EDGE('',*,*,#8641,.T.);
#8643=EDGE_LOOP('',(#8634,#8635,#8636,#8642));
#8644=FACE_BOUND('',#8643,.T.);
#8645=ADVANCED_FACE('',(#8644),#8633,.F.);
#8646=CARTESIAN_POINT('',(4.435,6.7,-1.8));
#8647=DIRECTION('',(-1.,-0.,0.));
#8648=DIRECTION('',(-0.,1.,-0.));
#8649=AXIS2_PLACEMENT_3D('',#8646,#8647,#8648);
#8650=PLANE('',#8649);
#8651=ORIENTED_EDGE('',*,*,#8569,.T.);
#8652=CARTESIAN_POINT('',(4.435,6.7,-1.));
#8653=DIRECTION('',(0.,0.,1.));
#8654=VECTOR('',#8653,0.7);
#8655=LINE('',#8652,#8654);
#8656=EDGE_CURVE('',#2102,#8556,#8655,.T.);
#8657=ORIENTED_EDGE('',*,*,#8656,.F.);
#8658=ORIENTED_EDGE('',*,*,#2107,.T.);
#8659=ORIENTED_EDGE('',*,*,#8641,.F.);
#8660=EDGE_LOOP('',(#8651,#8657,#8658,#8659));
#8661=FACE_BOUND('',#8660,.T.);
#8662=ADVANCED_FACE('',(#8661),#8650,.T.);
#8663=CARTESIAN_POINT('',(4.51,6.4,-0.3));
#8664=DIRECTION('',(1.,0.,-0.));
#8665=DIRECTION('',(0.,-1.,0.));
#8666=AXIS2_PLACEMENT_3D('',#8663,#8664,#8665);
#8667=PLANE('',#8666);
#8668=ORIENTED_EDGE('',*,*,#1943,.F.);
#8669=CARTESIAN_POINT('',(4.51,6.7,-0.3));
#8670=DIRECTION('',(0.,0.,1.));
#8671=VECTOR('',#8670,0.1);
#8672=LINE('',#8669,#8671);
#8673=EDGE_CURVE('NONE',#8548,#1930,#8672,.T.);
#8674=ORIENTED_EDGE('',*,*,#8673,.F.);
#8675=ORIENTED_EDGE('',*,*,#8553,.T.);
#8676=CARTESIAN_POINT('',(4.51,6.09,-0.2));
#8677=DIRECTION('',(-0.,-0.,-1.));
#8678=VECTOR('',#8677,0.1);
#8679=LINE('',#8676,#8678);
#8680=EDGE_CURVE('',#1938,#8539,#8679,.T.);
#8681=ORIENTED_EDGE('',*,*,#8680,.F.);
#8682=EDGE_LOOP('',(#8668,#8674,#8675,#8681));
#8683=FACE_BOUND('',#8682,.T.);
#8684=ADVANCED_FACE('NONE',(#8683),#8667,.F.);
#8685=CARTESIAN_POINT('',(4.12,6.09,-0.3));
#8686=DIRECTION('',(0.,0.,1.));
#8687=DIRECTION('',(-0.,1.,-0.));
#8688=AXIS2_PLACEMENT_3D('',#8685,#8686,#8687);
#8689=CYLINDRICAL_SURFACE('',#8688,0.39);
#8690=ORIENTED_EDGE('',*,*,#8545,.T.);
#8691=CARTESIAN_POINT('',(4.12,5.7,-0.3));
#8692=DIRECTION('',(0.,0.,1.));
#8693=VECTOR('',#8692,0.1);
#8694=LINE('',#8691,#8693);
#8695=EDGE_CURVE('',#8531,#1946,#8694,.T.);
#8696=ORIENTED_EDGE('',*,*,#8695,.T.);
#8697=ORIENTED_EDGE('',*,*,#1952,.T.);
#8698=ORIENTED_EDGE('',*,*,#8680,.T.);
#8699=EDGE_LOOP('',(#8690,#8696,#8697,#8698));
#8700=FACE_BOUND('',#8699,.T.);
#8701=ADVANCED_FACE('',(#8700),#8689,.F.);
#8702=CARTESIAN_POINT('',(-2.79,5.7,-0.3));
#8703=DIRECTION('',(-0.,1.,-0.));
#8704=DIRECTION('',(1.,0.,-0.));
#8705=AXIS2_PLACEMENT_3D('',#8702,#8703,#8704);
#8706=PLANE('',#8705);
#8707=ORIENTED_EDGE('',*,*,#8536,.F.);
#8708=CARTESIAN_POINT('',(4.1,5.7,-0.2));
#8709=DIRECTION('',(-0.,-0.,-1.));
#8710=VECTOR('',#8709,0.1);
#8711=LINE('',#8708,#8710);
#8712=EDGE_CURVE('',#1955,#8522,#8711,.T.);
#8713=ORIENTED_EDGE('',*,*,#8712,.F.);
#8714=ORIENTED_EDGE('',*,*,#1960,.T.);
#8715=ORIENTED_EDGE('',*,*,#8695,.F.);
#8716=EDGE_LOOP('',(#8707,#8713,#8714,#8715));
#8717=FACE_BOUND('',#8716,.T.);
#8718=ADVANCED_FACE('',(#8717),#8706,.T.);
#8719=CARTESIAN_POINT('',(4.1,6.09,-0.3));
#8720=DIRECTION('',(0.,0.,1.));
#8721=DIRECTION('',(-0.,1.,-0.));
#8722=AXIS2_PLACEMENT_3D('',#8719,#8720,#8721);
#8723=CYLINDRICAL_SURFACE('',#8722,0.39);
#8724=ORIENTED_EDGE('',*,*,#8528,.T.);
#8725=CARTESIAN_POINT('',(3.71,6.09,-0.3));
#8726=DIRECTION('',(0.,0.,1.));
#8727=VECTOR('',#8726,0.1);
#8728=LINE('',#8725,#8727);
#8729=EDGE_CURVE('',#8514,#1963,#8728,.T.);
#8730=ORIENTED_EDGE('',*,*,#8729,.T.);
#8731=ORIENTED_EDGE('',*,*,#1969,.T.);
#8732=ORIENTED_EDGE('',*,*,#8712,.T.);
#8733=EDGE_LOOP('',(#8724,#8730,#8731,#8732));
#8734=FACE_BOUND('',#8733,.T.);
#8735=ADVANCED_FACE('',(#8734),#8723,.F.);
#8736=CARTESIAN_POINT('',(3.71,6.4,-0.3));
#8737=DIRECTION('',(-1.,-0.,0.));
#8738=DIRECTION('',(-0.,1.,-0.));
#8739=AXIS2_PLACEMENT_3D('',#8736,#8737,#8738);
#8740=PLANE('',#8739);
#8741=ORIENTED_EDGE('',*,*,#8519,.T.);
#8742=CARTESIAN_POINT('',(3.71,6.7,-0.3));
#8743=DIRECTION('',(0.,0.,1.));
#8744=VECTOR('',#8743,0.1);
#8745=LINE('',#8742,#8744);
#8746=EDGE_CURVE('NONE',#8506,#132,#8745,.T.);
#8747=ORIENTED_EDGE('',*,*,#8746,.T.);
#8748=ORIENTED_EDGE('',*,*,#1975,.F.);
#8749=ORIENTED_EDGE('',*,*,#8729,.F.);
#8750=EDGE_LOOP('',(#8741,#8747,#8748,#8749));
#8751=FACE_BOUND('',#8750,.T.);
#8752=ADVANCED_FACE('NONE',(#8751),#8740,.F.);
#8753=CARTESIAN_POINT('',(-20.29,6.7,-1.));
#8754=DIRECTION('',(-0.,1.,-0.));
#8755=DIRECTION('',(1.,0.,-0.));
#8756=AXIS2_PLACEMENT_3D('',#8753,#8754,#8755);
#8757=PLANE('',#8756);
#8758=ORIENTED_EDGE('',*,*,#2115,.F.);
#8759=ORIENTED_EDGE('',*,*,#8656,.T.);
#8760=ORIENTED_EDGE('',*,*,#8561,.T.);
#8761=ORIENTED_EDGE('',*,*,#8673,.T.);
#8762=ORIENTED_EDGE('',*,*,#1935,.T.);
#8763=CARTESIAN_POINT('',(5.21,6.7,-0.3));
#8764=VERTEX_POINT('',#8763);
#8765=CARTESIAN_POINT('',(5.21,6.7,-0.3));
#8766=DIRECTION('',(0.,0.,1.));
#8767=VECTOR('',#8766,0.1);
#8768=LINE('',#8765,#8767);
#8769=EDGE_CURVE('NONE',#8764,#1922,#8768,.T.);
#8770=ORIENTED_EDGE('',*,*,#8769,.F.);
#8771=CARTESIAN_POINT('',(5.285,6.7,-0.3));
#8772=VERTEX_POINT('',#8771);
#8773=CARTESIAN_POINT('',(5.21,6.7,-0.3));
#8774=DIRECTION('',(1.,0.,-0.));
#8775=VECTOR('',#8774,0.075);
#8776=LINE('',#8773,#8775);
#8777=EDGE_CURVE('NONE',#8764,#8772,#8776,.T.);
#8778=ORIENTED_EDGE('',*,*,#8777,.T.);
#8779=CARTESIAN_POINT('',(5.285,6.7,-1.));
#8780=DIRECTION('',(0.,0.,1.));
#8781=VECTOR('',#8780,0.7);
#8782=LINE('',#8779,#8781);
#8783=EDGE_CURVE('',#2110,#8772,#8782,.T.);
#8784=ORIENTED_EDGE('',*,*,#8783,.F.);
#8785=EDGE_LOOP('',(#8758,#8759,#8760,#8761,#8762,#8770,#8778,#8784));
#8786=FACE_BOUND('',#8785,.T.);
#8787=ADVANCED_FACE('',(#8786),#8757,.T.);
#8788=OVER_RIDING_STYLED_ITEM('',(#1986),#8787,#89);
#8789=CARTESIAN_POINT('',(-20.29,6.7,-1.));
#8790=DIRECTION('',(-0.,1.,-0.));
#8791=DIRECTION('',(1.,0.,-0.));
#8792=AXIS2_PLACEMENT_3D('',#8789,#8790,#8791);
#8793=PLANE('',#8792);
#8794=CARTESIAN_POINT('',(-0.039973052,6.7,-0.2));
#8795=DIRECTION('',(0.,-0.,-1.));
#8796=VECTOR('',#8795,0.8);
#8797=LINE('',#8794,#8796);
#8798=EDGE_CURVE('',#130,#2060,#8797,.T.);
#8799=ORIENTED_EDGE('',*,*,#8798,.F.);
#8800=ORIENTED_EDGE('',*,*,#137,.T.);
#8801=ORIENTED_EDGE('',*,*,#8746,.F.);
#8802=ORIENTED_EDGE('',*,*,#8511,.T.);
#8803=ORIENTED_EDGE('',*,*,#8600,.F.);
#8804=ORIENTED_EDGE('',*,*,#2073,.F.);
#8805=EDGE_LOOP('',(#8799,#8800,#8801,#8802,#8803,#8804));
#8806=FACE_BOUND('',#8805,.T.);
#8807=ADVANCED_FACE('',(#8806),#8793,.T.);
#8808=OVER_RIDING_STYLED_ITEM('',(#1986),#8807,#89);
#8809=CARTESIAN_POINT('',(5.61,6.7,-0.3));
#8810=DIRECTION('',(0.,0.,1.));
#8811=DIRECTION('',(-0.,1.,-0.));
#8812=AXIS2_PLACEMENT_3D('',#8809,#8810,#8811);
#8813=PLANE('',#8812);
#8814=CARTESIAN_POINT('',(5.285,6.325652852,-0.3));
#8815=VERTEX_POINT('',#8814);
#8816=CARTESIAN_POINT('',(5.285,6.7,-0.3));
#8817=DIRECTION('',(0.,-1.,0.));
#8818=VECTOR('',#8817,0.374347148);
#8819=LINE('',#8816,#8818);
#8820=EDGE_CURVE('',#8772,#8815,#8819,.T.);
#8821=ORIENTED_EDGE('',*,*,#8820,.F.);
#8822=ORIENTED_EDGE('',*,*,#8777,.F.);
#8823=CARTESIAN_POINT('',(5.21,6.09,-0.3));
#8824=VERTEX_POINT('',#8823);
#8825=CARTESIAN_POINT('',(5.21,6.09,-0.3));
#8826=DIRECTION('',(-0.,1.,-0.));
#8827=VECTOR('',#8826,0.61);
#8828=LINE('',#8825,#8827);
#8829=EDGE_CURVE('',#8824,#8764,#8828,.T.);
#8830=ORIENTED_EDGE('',*,*,#8829,.F.);
#8831=CARTESIAN_POINT('',(5.6,5.7,-0.3));
#8832=VERTEX_POINT('',#8831);
#8833=CARTESIAN_POINT('',(5.6,6.09,-0.3));
#8834=DIRECTION('',(0.,-0.,-1.));
#8835=DIRECTION('',(-0.,1.,-0.));
#8836=AXIS2_PLACEMENT_3D('',#8833,#8834,#8835);
#8837=CIRCLE('',#8836,0.39);
#8838=EDGE_CURVE('',#8832,#8824,#8837,.T.);
#8839=ORIENTED_EDGE('',*,*,#8838,.F.);
#8840=CARTESIAN_POINT('',(5.62,5.7,-0.3));
#8841=VERTEX_POINT('',#8840);
#8842=CARTESIAN_POINT('',(5.6,5.7,-0.3));
#8843=DIRECTION('',(1.,0.,-0.));
#8844=VECTOR('',#8843,0.02);
#8845=LINE('',#8842,#8844);
#8846=EDGE_CURVE('',#8832,#8841,#8845,.T.);
#8847=ORIENTED_EDGE('',*,*,#8846,.T.);
#8848=CARTESIAN_POINT('',(6.01,6.09,-0.3));
#8849=VERTEX_POINT('',#8848);
#8850=CARTESIAN_POINT('',(5.62,6.09,-0.3));
#8851=DIRECTION('',(0.,-0.,-1.));
#8852=DIRECTION('',(-0.,1.,-0.));
#8853=AXIS2_PLACEMENT_3D('',#8850,#8851,#8852);
#8854=CIRCLE('',#8853,0.39);
#8855=EDGE_CURVE('',#8849,#8841,#8854,.T.);
#8856=ORIENTED_EDGE('',*,*,#8855,.F.);
#8857=CARTESIAN_POINT('',(6.01,6.7,-0.3));
#8858=VERTEX_POINT('',#8857);
#8859=CARTESIAN_POINT('',(6.01,6.7,-0.3));
#8860=DIRECTION('',(0.,-1.,0.));
#8861=VECTOR('',#8860,0.61);
#8862=LINE('',#8859,#8861);
#8863=EDGE_CURVE('NONE',#8858,#8849,#8862,.T.);
#8864=ORIENTED_EDGE('',*,*,#8863,.F.);
#8865=CARTESIAN_POINT('',(5.935,6.7,-0.3));
#8866=VERTEX_POINT('',#8865);
#8867=CARTESIAN_POINT('',(5.935,6.7,-0.3));
#8868=DIRECTION('',(1.,0.,-0.));
#8869=VECTOR('',#8868,0.075);
#8870=LINE('',#8867,#8869);
#8871=EDGE_CURVE('',#8866,#8858,#8870,.T.);
#8872=ORIENTED_EDGE('',*,*,#8871,.F.);
#8873=CARTESIAN_POINT('',(5.935,6.325652852,-0.3));
#8874=VERTEX_POINT('',#8873);
#8875=CARTESIAN_POINT('',(5.935,6.325652852,-0.3));
#8876=DIRECTION('',(-0.,1.,-0.));
#8877=VECTOR('',#8876,0.374347148);
#8878=LINE('',#8875,#8877);
#8879=EDGE_CURVE('',#8874,#8866,#8878,.T.);
#8880=ORIENTED_EDGE('',*,*,#8879,.F.);
#8881=CARTESIAN_POINT('',(5.61,5.995690733,-0.3));
#8882=VERTEX_POINT('',#8881);
#8883=CARTESIAN_POINT('',(5.605,6.325652852,-0.3));
#8884=DIRECTION('',(-0.,0.,1.));
#8885=DIRECTION('',(-0.,1.,-0.));
#8886=AXIS2_PLACEMENT_3D('',#8883,#8884,#8885);
#8887=CIRCLE('',#8886,0.33);
#8888=EDGE_CURVE('',#8882,#8874,#8887,.T.);
#8889=ORIENTED_EDGE('',*,*,#8888,.F.);
#8890=CARTESIAN_POINT('',(5.615,6.325652852,-0.3));
#8891=DIRECTION('',(-0.,0.,1.));
#8892=DIRECTION('',(-0.,1.,-0.));
#8893=AXIS2_PLACEMENT_3D('',#8890,#8891,#8892);
#8894=CIRCLE('',#8893,0.33);
#8895=EDGE_CURVE('',#8815,#8882,#8894,.T.);
#8896=ORIENTED_EDGE('',*,*,#8895,.F.);
#8897=EDGE_LOOP('',(#8821,#8822,#8830,#8839,#8847,#8856,#8864,#8872,#8880,#8889,#8896));
#8898=FACE_BOUND('',#8897,.T.);
#8899=ADVANCED_FACE('',(#8898),#8813,.T.);
#8900=CARTESIAN_POINT('',(5.285,6.7,-1.8));
#8901=DIRECTION('',(1.,0.,-0.));
#8902=DIRECTION('',(0.,-1.,0.));
#8903=AXIS2_PLACEMENT_3D('',#8900,#8901,#8902);
#8904=PLANE('',#8903);
#8905=ORIENTED_EDGE('',*,*,#2123,.T.);
#8906=ORIENTED_EDGE('',*,*,#8783,.T.);
#8907=ORIENTED_EDGE('',*,*,#8820,.T.);
#8908=CARTESIAN_POINT('',(5.285,6.325652852,-1.));
#8909=DIRECTION('',(0.,0.,1.));
#8910=VECTOR('',#8909,0.7);
#8911=LINE('',#8908,#8910);
#8912=EDGE_CURVE('',#2118,#8815,#8911,.T.);
#8913=ORIENTED_EDGE('',*,*,#8912,.F.);
#8914=EDGE_LOOP('',(#8905,#8906,#8907,#8913));
#8915=FACE_BOUND('',#8914,.T.);
#8916=ADVANCED_FACE('',(#8915),#8904,.T.);
#8917=CARTESIAN_POINT('',(5.615,6.325652852,-1.8));
#8918=DIRECTION('',(0.,-0.,-1.));
#8919=DIRECTION('',(0.,-1.,0.));
#8920=AXIS2_PLACEMENT_3D('',#8917,#8918,#8919);
#8921=CYLINDRICAL_SURFACE('',#8920,0.33);
#8922=ORIENTED_EDGE('',*,*,#8912,.T.);
#8923=ORIENTED_EDGE('',*,*,#8895,.T.);
#8924=CARTESIAN_POINT('',(5.61,5.995690733,-0.3));
#8925=DIRECTION('',(0.,-0.,-1.));
#8926=VECTOR('',#8925,0.7);
#8927=LINE('',#8924,#8926);
#8928=EDGE_CURVE('',#8882,#2126,#8927,.T.);
#8929=ORIENTED_EDGE('',*,*,#8928,.T.);
#8930=ORIENTED_EDGE('',*,*,#2132,.T.);
#8931=EDGE_LOOP('',(#8922,#8923,#8929,#8930));
#8932=FACE_BOUND('',#8931,.T.);
#8933=ADVANCED_FACE('',(#8932),#8921,.F.);
#8934=CARTESIAN_POINT('',(5.605,6.325652852,-1.8));
#8935=DIRECTION('',(0.,-0.,-1.));
#8936=DIRECTION('',(0.,-1.,0.));
#8937=AXIS2_PLACEMENT_3D('',#8934,#8935,#8936);
#8938=CYLINDRICAL_SURFACE('',#8937,0.33);
#8939=ORIENTED_EDGE('',*,*,#2141,.T.);
#8940=ORIENTED_EDGE('',*,*,#8928,.F.);
#8941=ORIENTED_EDGE('',*,*,#8888,.T.);
#8942=CARTESIAN_POINT('',(5.935,6.325652852,-0.3));
#8943=DIRECTION('',(-0.,-0.,-1.));
#8944=VECTOR('',#8943,0.7);
#8945=LINE('',#8942,#8944);
#8946=EDGE_CURVE('',#8874,#2135,#8945,.T.);
#8947=ORIENTED_EDGE('',*,*,#8946,.T.);
#8948=EDGE_LOOP('',(#8939,#8940,#8941,#8947));
#8949=FACE_BOUND('',#8948,.T.);
#8950=ADVANCED_FACE('',(#8949),#8938,.F.);
#8951=CARTESIAN_POINT('',(5.935,6.7,-1.8));
#8952=DIRECTION('',(-1.,-0.,0.));
#8953=DIRECTION('',(-0.,1.,-0.));
#8954=AXIS2_PLACEMENT_3D('',#8951,#8952,#8953);
#8955=PLANE('',#8954);
#8956=ORIENTED_EDGE('',*,*,#8879,.T.);
#8957=CARTESIAN_POINT('',(5.935,6.7,-1.));
#8958=DIRECTION('',(0.,0.,1.));
#8959=VECTOR('',#8958,0.7);
#8960=LINE('',#8957,#8959);
#8961=EDGE_CURVE('',#2144,#8866,#8960,.T.);
#8962=ORIENTED_EDGE('',*,*,#8961,.F.);
#8963=ORIENTED_EDGE('',*,*,#2149,.T.);
#8964=ORIENTED_EDGE('',*,*,#8946,.F.);
#8965=EDGE_LOOP('',(#8956,#8962,#8963,#8964));
#8966=FACE_BOUND('',#8965,.T.);
#8967=ADVANCED_FACE('',(#8966),#8955,.T.);
#8968=CARTESIAN_POINT('',(6.01,6.4,-0.3));
#8969=DIRECTION('',(1.,0.,-0.));
#8970=DIRECTION('',(0.,-1.,0.));
#8971=AXIS2_PLACEMENT_3D('',#8968,#8969,#8970);
#8972=PLANE('',#8971);
#8973=ORIENTED_EDGE('',*,*,#1893,.F.);
#8974=CARTESIAN_POINT('',(6.01,6.7,-0.3));
#8975=DIRECTION('',(0.,0.,1.));
#8976=VECTOR('',#8975,0.1);
#8977=LINE('',#8974,#8976);
#8978=EDGE_CURVE('NONE',#8858,#1880,#8977,.T.);
#8979=ORIENTED_EDGE('',*,*,#8978,.F.);
#8980=ORIENTED_EDGE('',*,*,#8863,.T.);
#8981=CARTESIAN_POINT('',(6.01,6.09,-0.2));
#8982=DIRECTION('',(-0.,-0.,-1.));
#8983=VECTOR('',#8982,0.1);
#8984=LINE('',#8981,#8983);
#8985=EDGE_CURVE('',#1888,#8849,#8984,.T.);
#8986=ORIENTED_EDGE('',*,*,#8985,.F.);
#8987=EDGE_LOOP('',(#8973,#8979,#8980,#8986));
#8988=FACE_BOUND('',#8987,.T.);
#8989=ADVANCED_FACE('NONE',(#8988),#8972,.F.);
#8990=CARTESIAN_POINT('',(5.62,6.09,-0.3));
#8991=DIRECTION('',(0.,0.,1.));
#8992=DIRECTION('',(-0.,1.,-0.));
#8993=AXIS2_PLACEMENT_3D('',#8990,#8991,#8992);
#8994=CYLINDRICAL_SURFACE('',#8993,0.39);
#8995=ORIENTED_EDGE('',*,*,#8855,.T.);
#8996=CARTESIAN_POINT('',(5.62,5.7,-0.3));
#8997=DIRECTION('',(0.,0.,1.));
#8998=VECTOR('',#8997,0.1);
#8999=LINE('',#8996,#8998);
#9000=EDGE_CURVE('',#8841,#1896,#8999,.T.);
#9001=ORIENTED_EDGE('',*,*,#9000,.T.);
#9002=ORIENTED_EDGE('',*,*,#1902,.T.);
#9003=ORIENTED_EDGE('',*,*,#8985,.T.);
#9004=EDGE_LOOP('',(#8995,#9001,#9002,#9003));
#9005=FACE_BOUND('',#9004,.T.);
#9006=ADVANCED_FACE('',(#9005),#8994,.F.);
#9007=CARTESIAN_POINT('',(-1.29,5.7,-0.3));
#9008=DIRECTION('',(-0.,1.,-0.));
#9009=DIRECTION('',(1.,0.,-0.));
#9010=AXIS2_PLACEMENT_3D('',#9007,#9008,#9009);
#9011=PLANE('',#9010);
#9012=ORIENTED_EDGE('',*,*,#8846,.F.);
#9013=CARTESIAN_POINT('',(5.6,5.7,-0.2));
#9014=DIRECTION('',(-0.,-0.,-1.));
#9015=VECTOR('',#9014,0.1);
#9016=LINE('',#9013,#9015);
#9017=EDGE_CURVE('',#1905,#8832,#9016,.T.);
#9018=ORIENTED_EDGE('',*,*,#9017,.F.);
#9019=ORIENTED_EDGE('',*,*,#1910,.T.);
#9020=ORIENTED_EDGE('',*,*,#9000,.F.);
#9021=EDGE_LOOP('',(#9012,#9018,#9019,#9020));
#9022=FACE_BOUND('',#9021,.T.);
#9023=ADVANCED_FACE('',(#9022),#9011,.T.);
#9024=CARTESIAN_POINT('',(5.6,6.09,-0.3));
#9025=DIRECTION('',(0.,0.,1.));
#9026=DIRECTION('',(-0.,1.,-0.));
#9027=AXIS2_PLACEMENT_3D('',#9024,#9025,#9026);
#9028=CYLINDRICAL_SURFACE('',#9027,0.39);
#9029=ORIENTED_EDGE('',*,*,#8838,.T.);
#9030=CARTESIAN_POINT('',(5.21,6.09,-0.3));
#9031=DIRECTION('',(0.,0.,1.));
#9032=VECTOR('',#9031,0.1);
#9033=LINE('',#9030,#9032);
#9034=EDGE_CURVE('',#8824,#1913,#9033,.T.);
#9035=ORIENTED_EDGE('',*,*,#9034,.T.);
#9036=ORIENTED_EDGE('',*,*,#1919,.T.);
#9037=ORIENTED_EDGE('',*,*,#9017,.T.);
#9038=EDGE_LOOP('',(#9029,#9035,#9036,#9037));
#9039=FACE_BOUND('',#9038,.T.);
#9040=ADVANCED_FACE('',(#9039),#9028,.F.);
#9041=CARTESIAN_POINT('',(5.21,6.4,-0.3));
#9042=DIRECTION('',(-1.,-0.,0.));
#9043=DIRECTION('',(-0.,1.,-0.));
#9044=AXIS2_PLACEMENT_3D('',#9041,#9042,#9043);
#9045=PLANE('',#9044);
#9046=ORIENTED_EDGE('',*,*,#8829,.T.);
#9047=ORIENTED_EDGE('',*,*,#8769,.T.);
#9048=ORIENTED_EDGE('',*,*,#1927,.F.);
#9049=ORIENTED_EDGE('',*,*,#9034,.F.);
#9050=EDGE_LOOP('',(#9046,#9047,#9048,#9049));
#9051=FACE_BOUND('',#9050,.T.);
#9052=ADVANCED_FACE('NONE',(#9051),#9045,.F.);
#9053=CARTESIAN_POINT('',(-18.79,6.7,-1.));
#9054=DIRECTION('',(-0.,1.,-0.));
#9055=DIRECTION('',(1.,0.,-0.));
#9056=AXIS2_PLACEMENT_3D('',#9053,#9054,#9055);
#9057=PLANE('',#9056);
#9058=ORIENTED_EDGE('',*,*,#2157,.F.);
#9059=ORIENTED_EDGE('',*,*,#8961,.T.);
#9060=ORIENTED_EDGE('',*,*,#8871,.T.);
#9061=ORIENTED_EDGE('',*,*,#8978,.T.);
#9062=ORIENTED_EDGE('',*,*,#1885,.T.);
#9063=CARTESIAN_POINT('',(6.71,6.7,-0.3));
#9064=VERTEX_POINT('',#9063);
#9065=CARTESIAN_POINT('',(6.71,6.7,-0.3));
#9066=DIRECTION('',(0.,0.,1.));
#9067=VECTOR('',#9066,0.1);
#9068=LINE('',#9065,#9067);
#9069=EDGE_CURVE('NONE',#9064,#1872,#9068,.T.);
#9070=ORIENTED_EDGE('',*,*,#9069,.F.);
#9071=CARTESIAN_POINT('',(6.785,6.7,-0.3));
#9072=VERTEX_POINT('',#9071);
#9073=CARTESIAN_POINT('',(6.71,6.7,-0.3));
#9074=DIRECTION('',(1.,0.,-0.));
#9075=VECTOR('',#9074,0.075);
#9076=LINE('',#9073,#9075);
#9077=EDGE_CURVE('NONE',#9064,#9072,#9076,.T.);
#9078=ORIENTED_EDGE('',*,*,#9077,.T.);
#9079=CARTESIAN_POINT('',(6.785,6.7,-1.));
#9080=DIRECTION('',(0.,0.,1.));
#9081=VECTOR('',#9080,0.7);
#9082=LINE('',#9079,#9081);
#9083=EDGE_CURVE('',#2152,#9072,#9082,.T.);
#9084=ORIENTED_EDGE('',*,*,#9083,.F.);
#9085=EDGE_LOOP('',(#9058,#9059,#9060,#9061,#9062,#9070,#9078,#9084));
#9086=FACE_BOUND('',#9085,.T.);
#9087=ADVANCED_FACE('',(#9086),#9057,.T.);
#9088=OVER_RIDING_STYLED_ITEM('',(#1986),#9087,#89);
#9089=CARTESIAN_POINT('',(7.11,6.7,-0.3));
#9090=DIRECTION('',(0.,0.,1.));
#9091=DIRECTION('',(-0.,1.,-0.));
#9092=AXIS2_PLACEMENT_3D('',#9089,#9090,#9091);
#9093=PLANE('',#9092);
#9094=CARTESIAN_POINT('',(6.785,6.325652852,-0.3));
#9095=VERTEX_POINT('',#9094);
#9096=CARTESIAN_POINT('',(6.785,6.7,-0.3));
#9097=DIRECTION('',(0.,-1.,0.));
#9098=VECTOR('',#9097,0.374347148);
#9099=LINE('',#9096,#9098);
#9100=EDGE_CURVE('',#9072,#9095,#9099,.T.);
#9101=ORIENTED_EDGE('',*,*,#9100,.F.);
#9102=ORIENTED_EDGE('',*,*,#9077,.F.);
#9103=CARTESIAN_POINT('',(6.71,6.09,-0.3));
#9104=VERTEX_POINT('',#9103);
#9105=CARTESIAN_POINT('',(6.71,6.09,-0.3));
#9106=DIRECTION('',(-0.,1.,-0.));
#9107=VECTOR('',#9106,0.61);
#9108=LINE('',#9105,#9107);
#9109=EDGE_CURVE('',#9104,#9064,#9108,.T.);
#9110=ORIENTED_EDGE('',*,*,#9109,.F.);
#9111=CARTESIAN_POINT('',(7.1,5.7,-0.3));
#9112=VERTEX_POINT('',#9111);
#9113=CARTESIAN_POINT('',(7.1,6.09,-0.3));
#9114=DIRECTION('',(0.,-0.,-1.));
#9115=DIRECTION('',(-0.,1.,-0.));
#9116=AXIS2_PLACEMENT_3D('',#9113,#9114,#9115);
#9117=CIRCLE('',#9116,0.39);
#9118=EDGE_CURVE('',#9112,#9104,#9117,.T.);
#9119=ORIENTED_EDGE('',*,*,#9118,.F.);
#9120=CARTESIAN_POINT('',(7.12,5.7,-0.3));
#9121=VERTEX_POINT('',#9120);
#9122=CARTESIAN_POINT('',(7.1,5.7,-0.3));
#9123=DIRECTION('',(1.,0.,-0.));
#9124=VECTOR('',#9123,0.02);
#9125=LINE('',#9122,#9124);
#9126=EDGE_CURVE('',#9112,#9121,#9125,.T.);
#9127=ORIENTED_EDGE('',*,*,#9126,.T.);
#9128=CARTESIAN_POINT('',(7.51,6.09,-0.3));
#9129=VERTEX_POINT('',#9128);
#9130=CARTESIAN_POINT('',(7.12,6.09,-0.3));
#9131=DIRECTION('',(0.,-0.,-1.));
#9132=DIRECTION('',(-0.,1.,-0.));
#9133=AXIS2_PLACEMENT_3D('',#9130,#9131,#9132);
#9134=CIRCLE('',#9133,0.39);
#9135=EDGE_CURVE('',#9129,#9121,#9134,.T.);
#9136=ORIENTED_EDGE('',*,*,#9135,.F.);
#9137=CARTESIAN_POINT('',(7.51,6.7,-0.3));
#9138=DIRECTION('',(0.,-1.,0.));
#9139=VECTOR('',#9138,0.61);
#9140=LINE('',#9137,#9139);
#9141=EDGE_CURVE('NONE',#4033,#9129,#9140,.T.);
#9142=ORIENTED_EDGE('',*,*,#9141,.F.);
#9143=ORIENTED_EDGE('',*,*,#4038,.F.);
#9144=CARTESIAN_POINT('',(7.435,6.325652852,-0.3));
#9145=VERTEX_POINT('',#9144);
#9146=CARTESIAN_POINT('',(7.435,6.325652852,-0.3));
#9147=DIRECTION('',(-0.,1.,-0.));
#9148=VECTOR('',#9147,0.374347148);
#9149=LINE('',#9146,#9148);
#9150=EDGE_CURVE('',#9145,#4025,#9149,.T.);
#9151=ORIENTED_EDGE('',*,*,#9150,.F.);
#9152=CARTESIAN_POINT('',(7.11,5.995690733,-0.3));
#9153=VERTEX_POINT('',#9152);
#9154=CARTESIAN_POINT('',(7.105,6.325652852,-0.3));
#9155=DIRECTION('',(-0.,0.,1.));
#9156=DIRECTION('',(-0.,1.,-0.));
#9157=AXIS2_PLACEMENT_3D('',#9154,#9155,#9156);
#9158=CIRCLE('',#9157,0.33);
#9159=EDGE_CURVE('',#9153,#9145,#9158,.T.);
#9160=ORIENTED_EDGE('',*,*,#9159,.F.);
#9161=CARTESIAN_POINT('',(7.115,6.325652852,-0.3));
#9162=DIRECTION('',(-0.,0.,1.));
#9163=DIRECTION('',(-0.,1.,-0.));
#9164=AXIS2_PLACEMENT_3D('',#9161,#9162,#9163);
#9165=CIRCLE('',#9164,0.33);
#9166=EDGE_CURVE('',#9095,#9153,#9165,.T.);
#9167=ORIENTED_EDGE('',*,*,#9166,.F.);
#9168=EDGE_LOOP('',(#9101,#9102,#9110,#9119,#9127,#9136,#9142,#9143,#9151,#9160,#9167));
#9169=FACE_BOUND('',#9168,.T.);
#9170=ADVANCED_FACE('',(#9169),#9093,.T.);
#9171=CARTESIAN_POINT('',(6.785,6.7,-1.8));
#9172=DIRECTION('',(1.,0.,-0.));
#9173=DIRECTION('',(0.,-1.,0.));
#9174=AXIS2_PLACEMENT_3D('',#9171,#9172,#9173);
#9175=PLANE('',#9174);
#9176=ORIENTED_EDGE('',*,*,#2165,.T.);
#9177=ORIENTED_EDGE('',*,*,#9083,.T.);
#9178=ORIENTED_EDGE('',*,*,#9100,.T.);
#9179=CARTESIAN_POINT('',(6.785,6.325652852,-1.));
#9180=DIRECTION('',(0.,0.,1.));
#9181=VECTOR('',#9180,0.7);
#9182=LINE('',#9179,#9181);
#9183=EDGE_CURVE('',#2160,#9095,#9182,.T.);
#9184=ORIENTED_EDGE('',*,*,#9183,.F.);
#9185=EDGE_LOOP('',(#9176,#9177,#9178,#9184));
#9186=FACE_BOUND('',#9185,.T.);
#9187=ADVANCED_FACE('',(#9186),#9175,.T.);
#9188=CARTESIAN_POINT('',(7.115,6.325652852,-1.8));
#9189=DIRECTION('',(0.,-0.,-1.));
#9190=DIRECTION('',(0.,-1.,0.));
#9191=AXIS2_PLACEMENT_3D('',#9188,#9189,#9190);
#9192=CYLINDRICAL_SURFACE('',#9191,0.33);
#9193=ORIENTED_EDGE('',*,*,#9183,.T.);
#9194=ORIENTED_EDGE('',*,*,#9166,.T.);
#9195=CARTESIAN_POINT('',(7.11,5.995690733,-0.3));
#9196=DIRECTION('',(0.,-0.,-1.));
#9197=VECTOR('',#9196,0.7);
#9198=LINE('',#9195,#9197);
#9199=EDGE_CURVE('',#9153,#2168,#9198,.T.);
#9200=ORIENTED_EDGE('',*,*,#9199,.T.);
#9201=ORIENTED_EDGE('',*,*,#2174,.T.);
#9202=EDGE_LOOP('',(#9193,#9194,#9200,#9201));
#9203=FACE_BOUND('',#9202,.T.);
#9204=ADVANCED_FACE('',(#9203),#9192,.F.);
#9205=CARTESIAN_POINT('',(7.105,6.325652852,-1.8));
#9206=DIRECTION('',(0.,-0.,-1.));
#9207=DIRECTION('',(0.,-1.,0.));
#9208=AXIS2_PLACEMENT_3D('',#9205,#9206,#9207);
#9209=CYLINDRICAL_SURFACE('',#9208,0.33);
#9210=ORIENTED_EDGE('',*,*,#2183,.T.);
#9211=ORIENTED_EDGE('',*,*,#9199,.F.);
#9212=ORIENTED_EDGE('',*,*,#9159,.T.);
#9213=CARTESIAN_POINT('',(7.435,6.325652852,-0.3));
#9214=DIRECTION('',(-0.,-0.,-1.));
#9215=VECTOR('',#9214,0.7);
#9216=LINE('',#9213,#9215);
#9217=EDGE_CURVE('',#9145,#2177,#9216,.T.);
#9218=ORIENTED_EDGE('',*,*,#9217,.T.);
#9219=EDGE_LOOP('',(#9210,#9211,#9212,#9218));
#9220=FACE_BOUND('',#9219,.T.);
#9221=ADVANCED_FACE('',(#9220),#9209,.F.);
#9222=CARTESIAN_POINT('',(7.435,6.7,-1.8));
#9223=DIRECTION('',(-1.,-0.,0.));
#9224=DIRECTION('',(-0.,1.,-0.));
#9225=AXIS2_PLACEMENT_3D('',#9222,#9223,#9224);
#9226=PLANE('',#9225);
#9227=ORIENTED_EDGE('',*,*,#9150,.T.);
#9228=ORIENTED_EDGE('',*,*,#4030,.F.);
#9229=ORIENTED_EDGE('',*,*,#2191,.T.);
#9230=ORIENTED_EDGE('',*,*,#9217,.F.);
#9231=EDGE_LOOP('',(#9227,#9228,#9229,#9230));
#9232=FACE_BOUND('',#9231,.T.);
#9233=ADVANCED_FACE('',(#9232),#9226,.T.);
#9234=CARTESIAN_POINT('',(7.51,6.4,-0.3));
#9235=DIRECTION('',(1.,0.,-0.));
#9236=DIRECTION('',(0.,-1.,0.));
#9237=AXIS2_PLACEMENT_3D('',#9234,#9235,#9236);
#9238=PLANE('',#9237);
#9239=ORIENTED_EDGE('',*,*,#1843,.F.);
#9240=ORIENTED_EDGE('',*,*,#4044,.F.);
#9241=ORIENTED_EDGE('',*,*,#9141,.T.);
#9242=CARTESIAN_POINT('',(7.51,6.09,-0.2));
#9243=DIRECTION('',(-0.,-0.,-1.));
#9244=VECTOR('',#9243,0.1);
#9245=LINE('',#9242,#9244);
#9246=EDGE_CURVE('',#1838,#9129,#9245,.T.);
#9247=ORIENTED_EDGE('',*,*,#9246,.F.);
#9248=EDGE_LOOP('',(#9239,#9240,#9241,#9247));
#9249=FACE_BOUND('',#9248,.T.);
#9250=ADVANCED_FACE('NONE',(#9249),#9238,.F.);
#9251=CARTESIAN_POINT('',(7.12,6.09,-0.3));
#9252=DIRECTION('',(0.,0.,1.));
#9253=DIRECTION('',(-0.,1.,-0.));
#9254=AXIS2_PLACEMENT_3D('',#9251,#9252,#9253);
#9255=CYLINDRICAL_SURFACE('',#9254,0.39);
#9256=ORIENTED_EDGE('',*,*,#9135,.T.);
#9257=CARTESIAN_POINT('',(7.12,5.7,-0.3));
#9258=DIRECTION('',(0.,0.,1.));
#9259=VECTOR('',#9258,0.1);
#9260=LINE('',#9257,#9259);
#9261=EDGE_CURVE('',#9121,#1846,#9260,.T.);
#9262=ORIENTED_EDGE('',*,*,#9261,.T.);
#9263=ORIENTED_EDGE('',*,*,#1852,.T.);
#9264=ORIENTED_EDGE('',*,*,#9246,.T.);
#9265=EDGE_LOOP('',(#9256,#9262,#9263,#9264));
#9266=FACE_BOUND('',#9265,.T.);
#9267=ADVANCED_FACE('',(#9266),#9255,.F.);
#9268=CARTESIAN_POINT('',(0.21,5.7,-0.3));
#9269=DIRECTION('',(-0.,1.,-0.));
#9270=DIRECTION('',(1.,0.,-0.));
#9271=AXIS2_PLACEMENT_3D('',#9268,#9269,#9270);
#9272=PLANE('',#9271);
#9273=ORIENTED_EDGE('',*,*,#9126,.F.);
#9274=CARTESIAN_POINT('',(7.1,5.7,-0.2));
#9275=DIRECTION('',(-0.,-0.,-1.));
#9276=VECTOR('',#9275,0.1);
#9277=LINE('',#9274,#9276);
#9278=EDGE_CURVE('',#1855,#9112,#9277,.T.);
#9279=ORIENTED_EDGE('',*,*,#9278,.F.);
#9280=ORIENTED_EDGE('',*,*,#1860,.T.);
#9281=ORIENTED_EDGE('',*,*,#9261,.F.);
#9282=EDGE_LOOP('',(#9273,#9279,#9280,#9281));
#9283=FACE_BOUND('',#9282,.T.);
#9284=ADVANCED_FACE('',(#9283),#9272,.T.);
#9285=CARTESIAN_POINT('',(7.1,6.09,-0.3));
#9286=DIRECTION('',(0.,0.,1.));
#9287=DIRECTION('',(-0.,1.,-0.));
#9288=AXIS2_PLACEMENT_3D('',#9285,#9286,#9287);
#9289=CYLINDRICAL_SURFACE('',#9288,0.39);
#9290=ORIENTED_EDGE('',*,*,#9118,.T.);
#9291=CARTESIAN_POINT('',(6.71,6.09,-0.3));
#9292=DIRECTION('',(0.,0.,1.));
#9293=VECTOR('',#9292,0.1);
#9294=LINE('',#9291,#9293);
#9295=EDGE_CURVE('',#9104,#1863,#9294,.T.);
#9296=ORIENTED_EDGE('',*,*,#9295,.T.);
#9297=ORIENTED_EDGE('',*,*,#1869,.T.);
#9298=ORIENTED_EDGE('',*,*,#9278,.T.);
#9299=EDGE_LOOP('',(#9290,#9296,#9297,#9298));
#9300=FACE_BOUND('',#9299,.T.);
#9301=ADVANCED_FACE('',(#9300),#9289,.F.);
#9302=CARTESIAN_POINT('',(6.71,6.4,-0.3));
#9303=DIRECTION('',(-1.,-0.,0.));
#9304=DIRECTION('',(-0.,1.,-0.));
#9305=AXIS2_PLACEMENT_3D('',#9302,#9303,#9304);
#9306=PLANE('',#9305);
#9307=ORIENTED_EDGE('',*,*,#9109,.T.);
#9308=ORIENTED_EDGE('',*,*,#9069,.T.);
#9309=ORIENTED_EDGE('',*,*,#1877,.F.);
#9310=ORIENTED_EDGE('',*,*,#9295,.F.);
#9311=EDGE_LOOP('',(#9307,#9308,#9309,#9310));
#9312=FACE_BOUND('',#9311,.T.);
#9313=ADVANCED_FACE('NONE',(#9312),#9306,.F.);
#9314=CARTESIAN_POINT('',(10.11,6.7,-0.3));
#9315=DIRECTION('',(0.,0.,1.));
#9316=DIRECTION('',(-0.,1.,-0.));
#9317=AXIS2_PLACEMENT_3D('',#9314,#9315,#9316);
#9318=PLANE('',#9317);
#9319=CARTESIAN_POINT('',(9.785,6.325652852,-0.3));
#9320=VERTEX_POINT('',#9319);
#9321=CARTESIAN_POINT('',(9.785,6.7,-0.3));
#9322=DIRECTION('',(0.,-1.,0.));
#9323=VECTOR('',#9322,0.374347148);
#9324=LINE('',#9321,#9323);
#9325=EDGE_CURVE('',#4000,#9320,#9324,.T.);
#9326=ORIENTED_EDGE('',*,*,#9325,.F.);
#9327=ORIENTED_EDGE('',*,*,#4005,.F.);
#9328=CARTESIAN_POINT('',(9.71,6.09,-0.3));
#9329=VERTEX_POINT('',#9328);
#9330=CARTESIAN_POINT('',(9.71,6.09,-0.3));
#9331=DIRECTION('',(-0.,1.,-0.));
#9332=VECTOR('',#9331,0.61);
#9333=LINE('',#9330,#9332);
#9334=EDGE_CURVE('',#9329,#3992,#9333,.T.);
#9335=ORIENTED_EDGE('',*,*,#9334,.F.);
#9336=CARTESIAN_POINT('',(10.1,5.7,-0.3));
#9337=VERTEX_POINT('',#9336);
#9338=CARTESIAN_POINT('',(10.1,6.09,-0.3));
#9339=DIRECTION('',(0.,-0.,-1.));
#9340=DIRECTION('',(-0.,1.,-0.));
#9341=AXIS2_PLACEMENT_3D('',#9338,#9339,#9340);
#9342=CIRCLE('',#9341,0.39);
#9343=EDGE_CURVE('',#9337,#9329,#9342,.T.);
#9344=ORIENTED_EDGE('',*,*,#9343,.F.);
#9345=CARTESIAN_POINT('',(10.12,5.7,-0.3));
#9346=VERTEX_POINT('',#9345);
#9347=CARTESIAN_POINT('',(10.1,5.7,-0.3));
#9348=DIRECTION('',(1.,0.,-0.));
#9349=VECTOR('',#9348,0.02);
#9350=LINE('',#9347,#9349);
#9351=EDGE_CURVE('',#9337,#9346,#9350,.T.);
#9352=ORIENTED_EDGE('',*,*,#9351,.T.);
#9353=CARTESIAN_POINT('',(10.51,6.09,-0.3));
#9354=VERTEX_POINT('',#9353);
#9355=CARTESIAN_POINT('',(10.12,6.09,-0.3));
#9356=DIRECTION('',(0.,-0.,-1.));
#9357=DIRECTION('',(-0.,1.,-0.));
#9358=AXIS2_PLACEMENT_3D('',#9355,#9356,#9357);
#9359=CIRCLE('',#9358,0.39);
#9360=EDGE_CURVE('',#9354,#9346,#9359,.T.);
#9361=ORIENTED_EDGE('',*,*,#9360,.F.);
#9362=CARTESIAN_POINT('',(10.51,6.7,-0.3));
#9363=VERTEX_POINT('',#9362);
#9364=CARTESIAN_POINT('',(10.51,6.7,-0.3));
#9365=DIRECTION('',(0.,-1.,0.));
#9366=VECTOR('',#9365,0.61);
#9367=LINE('',#9364,#9366);
#9368=EDGE_CURVE('NONE',#9363,#9354,#9367,.T.);
#9369=ORIENTED_EDGE('',*,*,#9368,.F.);
#9370=CARTESIAN_POINT('',(10.435,6.7,-0.3));
#9371=VERTEX_POINT('',#9370);
#9372=CARTESIAN_POINT('',(10.435,6.7,-0.3));
#9373=DIRECTION('',(1.,0.,-0.));
#9374=VECTOR('',#9373,0.075);
#9375=LINE('',#9372,#9374);
#9376=EDGE_CURVE('',#9371,#9363,#9375,.T.);
#9377=ORIENTED_EDGE('',*,*,#9376,.F.);
#9378=CARTESIAN_POINT('',(10.435,6.325652852,-0.3));
#9379=VERTEX_POINT('',#9378);
#9380=CARTESIAN_POINT('',(10.435,6.325652852,-0.3));
#9381=DIRECTION('',(-0.,1.,-0.));
#9382=VECTOR('',#9381,0.374347148);
#9383=LINE('',#9380,#9382);
#9384=EDGE_CURVE('',#9379,#9371,#9383,.T.);
#9385=ORIENTED_EDGE('',*,*,#9384,.F.);
#9386=CARTESIAN_POINT('',(10.11,5.995690733,-0.3));
#9387=VERTEX_POINT('',#9386);
#9388=CARTESIAN_POINT('',(10.105,6.325652852,-0.3));
#9389=DIRECTION('',(-0.,0.,1.));
#9390=DIRECTION('',(-0.,1.,-0.));
#9391=AXIS2_PLACEMENT_3D('',#9388,#9389,#9390);
#9392=CIRCLE('',#9391,0.33);
#9393=EDGE_CURVE('',#9387,#9379,#9392,.T.);
#9394=ORIENTED_EDGE('',*,*,#9393,.F.);
#9395=CARTESIAN_POINT('',(10.115,6.325652852,-0.3));
#9396=DIRECTION('',(-0.,0.,1.));
#9397=DIRECTION('',(-0.,1.,-0.));
#9398=AXIS2_PLACEMENT_3D('',#9395,#9396,#9397);
#9399=CIRCLE('',#9398,0.33);
#9400=EDGE_CURVE('',#9320,#9387,#9399,.T.);
#9401=ORIENTED_EDGE('',*,*,#9400,.F.);
#9402=EDGE_LOOP('',(#9326,#9327,#9335,#9344,#9352,#9361,#9369,#9377,#9385,#9394,#9401));
#9403=FACE_BOUND('',#9402,.T.);
#9404=ADVANCED_FACE('',(#9403),#9318,.T.);
#9405=CARTESIAN_POINT('',(9.785,6.7,-1.8));
#9406=DIRECTION('',(1.,0.,-0.));
#9407=DIRECTION('',(0.,-1.,0.));
#9408=AXIS2_PLACEMENT_3D('',#9405,#9406,#9407);
#9409=PLANE('',#9408);
#9410=ORIENTED_EDGE('',*,*,#2249,.T.);
#9411=ORIENTED_EDGE('',*,*,#4011,.T.);
#9412=ORIENTED_EDGE('',*,*,#9325,.T.);
#9413=CARTESIAN_POINT('',(9.785,6.325652852,-1.));
#9414=DIRECTION('',(0.,0.,1.));
#9415=VECTOR('',#9414,0.7);
#9416=LINE('',#9413,#9415);
#9417=EDGE_CURVE('',#2244,#9320,#9416,.T.);
#9418=ORIENTED_EDGE('',*,*,#9417,.F.);
#9419=EDGE_LOOP('',(#9410,#9411,#9412,#9418));
#9420=FACE_BOUND('',#9419,.T.);
#9421=ADVANCED_FACE('',(#9420),#9409,.T.);
#9422=CARTESIAN_POINT('',(10.115,6.325652852,-1.8));
#9423=DIRECTION('',(0.,-0.,-1.));
#9424=DIRECTION('',(0.,-1.,0.));
#9425=AXIS2_PLACEMENT_3D('',#9422,#9423,#9424);
#9426=CYLINDRICAL_SURFACE('',#9425,0.33);
#9427=ORIENTED_EDGE('',*,*,#9417,.T.);
#9428=ORIENTED_EDGE('',*,*,#9400,.T.);
#9429=CARTESIAN_POINT('',(10.11,5.995690733,-0.3));
#9430=DIRECTION('',(0.,-0.,-1.));
#9431=VECTOR('',#9430,0.7);
#9432=LINE('',#9429,#9431);
#9433=EDGE_CURVE('',#9387,#2252,#9432,.T.);
#9434=ORIENTED_EDGE('',*,*,#9433,.T.);
#9435=ORIENTED_EDGE('',*,*,#2258,.T.);
#9436=EDGE_LOOP('',(#9427,#9428,#9434,#9435));
#9437=FACE_BOUND('',#9436,.T.);
#9438=ADVANCED_FACE('',(#9437),#9426,.F.);
#9439=CARTESIAN_POINT('',(10.105,6.325652852,-1.8));
#9440=DIRECTION('',(0.,-0.,-1.));
#9441=DIRECTION('',(0.,-1.,0.));
#9442=AXIS2_PLACEMENT_3D('',#9439,#9440,#9441);
#9443=CYLINDRICAL_SURFACE('',#9442,0.33);
#9444=ORIENTED_EDGE('',*,*,#2267,.T.);
#9445=ORIENTED_EDGE('',*,*,#9433,.F.);
#9446=ORIENTED_EDGE('',*,*,#9393,.T.);
#9447=CARTESIAN_POINT('',(10.435,6.325652852,-0.3));
#9448=DIRECTION('',(-0.,-0.,-1.));
#9449=VECTOR('',#9448,0.7);
#9450=LINE('',#9447,#9449);
#9451=EDGE_CURVE('',#9379,#2261,#9450,.T.);
#9452=ORIENTED_EDGE('',*,*,#9451,.T.);
#9453=EDGE_LOOP('',(#9444,#9445,#9446,#9452));
#9454=FACE_BOUND('',#9453,.T.);
#9455=ADVANCED_FACE('',(#9454),#9443,.F.);
#9456=CARTESIAN_POINT('',(10.435,6.7,-1.8));
#9457=DIRECTION('',(-1.,-0.,0.));
#9458=DIRECTION('',(-0.,1.,-0.));
#9459=AXIS2_PLACEMENT_3D('',#9456,#9457,#9458);
#9460=PLANE('',#9459);
#9461=ORIENTED_EDGE('',*,*,#9384,.T.);
#9462=CARTESIAN_POINT('',(10.435,6.7,-1.));
#9463=DIRECTION('',(0.,0.,1.));
#9464=VECTOR('',#9463,0.7);
#9465=LINE('',#9462,#9464);
#9466=EDGE_CURVE('',#2270,#9371,#9465,.T.);
#9467=ORIENTED_EDGE('',*,*,#9466,.F.);
#9468=ORIENTED_EDGE('',*,*,#2275,.T.);
#9469=ORIENTED_EDGE('',*,*,#9451,.F.);
#9470=EDGE_LOOP('',(#9461,#9467,#9468,#9469));
#9471=FACE_BOUND('',#9470,.T.);
#9472=ADVANCED_FACE('',(#9471),#9460,.T.);
#9473=CARTESIAN_POINT('',(10.51,6.4,-0.3));
#9474=DIRECTION('',(1.,0.,-0.));
#9475=DIRECTION('',(0.,-1.,0.));
#9476=AXIS2_PLACEMENT_3D('',#9473,#9474,#9475);
#9477=PLANE('',#9476);
#9478=ORIENTED_EDGE('',*,*,#1743,.F.);
#9479=CARTESIAN_POINT('',(10.51,6.7,-0.3));
#9480=DIRECTION('',(0.,0.,1.));
#9481=VECTOR('',#9480,0.1);
#9482=LINE('',#9479,#9481);
#9483=EDGE_CURVE('NONE',#9363,#1730,#9482,.T.);
#9484=ORIENTED_EDGE('',*,*,#9483,.F.);
#9485=ORIENTED_EDGE('',*,*,#9368,.T.);
#9486=CARTESIAN_POINT('',(10.51,6.09,-0.2));
#9487=DIRECTION('',(-0.,-0.,-1.));
#9488=VECTOR('',#9487,0.1);
#9489=LINE('',#9486,#9488);
#9490=EDGE_CURVE('',#1738,#9354,#9489,.T.);
#9491=ORIENTED_EDGE('',*,*,#9490,.F.);
#9492=EDGE_LOOP('',(#9478,#9484,#9485,#9491));
#9493=FACE_BOUND('',#9492,.T.);
#9494=ADVANCED_FACE('NONE',(#9493),#9477,.F.);
#9495=CARTESIAN_POINT('',(10.12,6.09,-0.3));
#9496=DIRECTION('',(0.,0.,1.));
#9497=DIRECTION('',(-0.,1.,-0.));
#9498=AXIS2_PLACEMENT_3D('',#9495,#9496,#9497);
#9499=CYLINDRICAL_SURFACE('',#9498,0.39);
#9500=ORIENTED_EDGE('',*,*,#9360,.T.);
#9501=CARTESIAN_POINT('',(10.12,5.7,-0.3));
#9502=DIRECTION('',(0.,0.,1.));
#9503=VECTOR('',#9502,0.1);
#9504=LINE('',#9501,#9503);
#9505=EDGE_CURVE('',#9346,#1746,#9504,.T.);
#9506=ORIENTED_EDGE('',*,*,#9505,.T.);
#9507=ORIENTED_EDGE('',*,*,#1752,.T.);
#9508=ORIENTED_EDGE('',*,*,#9490,.T.);
#9509=EDGE_LOOP('',(#9500,#9506,#9507,#9508));
#9510=FACE_BOUND('',#9509,.T.);
#9511=ADVANCED_FACE('',(#9510),#9499,.F.);
#9512=CARTESIAN_POINT('',(3.21,5.7,-0.3));
#9513=DIRECTION('',(-0.,1.,-0.));
#9514=DIRECTION('',(1.,0.,-0.));
#9515=AXIS2_PLACEMENT_3D('',#9512,#9513,#9514);
#9516=PLANE('',#9515);
#9517=ORIENTED_EDGE('',*,*,#9351,.F.);
#9518=CARTESIAN_POINT('',(10.1,5.7,-0.2));
#9519=DIRECTION('',(-0.,-0.,-1.));
#9520=VECTOR('',#9519,0.1);
#9521=LINE('',#9518,#9520);
#9522=EDGE_CURVE('',#1755,#9337,#9521,.T.);
#9523=ORIENTED_EDGE('',*,*,#9522,.F.);
#9524=ORIENTED_EDGE('',*,*,#1760,.T.);
#9525=ORIENTED_EDGE('',*,*,#9505,.F.);
#9526=EDGE_LOOP('',(#9517,#9523,#9524,#9525));
#9527=FACE_BOUND('',#9526,.T.);
#9528=ADVANCED_FACE('',(#9527),#9516,.T.);
#9529=CARTESIAN_POINT('',(10.1,6.09,-0.3));
#9530=DIRECTION('',(0.,0.,1.));
#9531=DIRECTION('',(-0.,1.,-0.));
#9532=AXIS2_PLACEMENT_3D('',#9529,#9530,#9531);
#9533=CYLINDRICAL_SURFACE('',#9532,0.39);
#9534=ORIENTED_EDGE('',*,*,#9343,.T.);
#9535=CARTESIAN_POINT('',(9.71,6.09,-0.3));
#9536=DIRECTION('',(0.,0.,1.));
#9537=VECTOR('',#9536,0.1);
#9538=LINE('',#9535,#9537);
#9539=EDGE_CURVE('',#9329,#1763,#9538,.T.);
#9540=ORIENTED_EDGE('',*,*,#9539,.T.);
#9541=ORIENTED_EDGE('',*,*,#1769,.T.);
#9542=ORIENTED_EDGE('',*,*,#9522,.T.);
#9543=EDGE_LOOP('',(#9534,#9540,#9541,#9542));
#9544=FACE_BOUND('',#9543,.T.);
#9545=ADVANCED_FACE('',(#9544),#9533,.F.);
#9546=CARTESIAN_POINT('',(9.71,6.4,-0.3));
#9547=DIRECTION('',(-1.,-0.,0.));
#9548=DIRECTION('',(-0.,1.,-0.));
#9549=AXIS2_PLACEMENT_3D('',#9546,#9547,#9548);
#9550=PLANE('',#9549);
#9551=ORIENTED_EDGE('',*,*,#9334,.T.);
#9552=ORIENTED_EDGE('',*,*,#3997,.T.);
#9553=ORIENTED_EDGE('',*,*,#1777,.F.);
#9554=ORIENTED_EDGE('',*,*,#9539,.F.);
#9555=EDGE_LOOP('',(#9551,#9552,#9553,#9554));
#9556=FACE_BOUND('',#9555,.T.);
#9557=ADVANCED_FACE('NONE',(#9556),#9550,.F.);
#9558=CARTESIAN_POINT('',(-14.29,6.7,-1.));
#9559=DIRECTION('',(-0.,1.,-0.));
#9560=DIRECTION('',(1.,0.,-0.));
#9561=AXIS2_PLACEMENT_3D('',#9558,#9559,#9560);
#9562=PLANE('',#9561);
#9563=ORIENTED_EDGE('',*,*,#2283,.F.);
#9564=ORIENTED_EDGE('',*,*,#9466,.T.);
#9565=ORIENTED_EDGE('',*,*,#9376,.T.);
#9566=ORIENTED_EDGE('',*,*,#9483,.T.);
#9567=ORIENTED_EDGE('',*,*,#1735,.T.);
#9568=CARTESIAN_POINT('',(11.21,6.7,-0.3));
#9569=VERTEX_POINT('',#9568);
#9570=CARTESIAN_POINT('',(11.21,6.7,-0.3));
#9571=DIRECTION('',(0.,0.,1.));
#9572=VECTOR('',#9571,0.1);
#9573=LINE('',#9570,#9572);
#9574=EDGE_CURVE('NONE',#9569,#1722,#9573,.T.);
#9575=ORIENTED_EDGE('',*,*,#9574,.F.);
#9576=CARTESIAN_POINT('',(11.285,6.7,-0.3));
#9577=VERTEX_POINT('',#9576);
#9578=CARTESIAN_POINT('',(11.21,6.7,-0.3));
#9579=DIRECTION('',(1.,0.,-0.));
#9580=VECTOR('',#9579,0.075);
#9581=LINE('',#9578,#9580);
#9582=EDGE_CURVE('NONE',#9569,#9577,#9581,.T.);
#9583=ORIENTED_EDGE('',*,*,#9582,.T.);
#9584=CARTESIAN_POINT('',(11.285,6.7,-1.));
#9585=DIRECTION('',(0.,0.,1.));
#9586=VECTOR('',#9585,0.7);
#9587=LINE('',#9584,#9586);
#9588=EDGE_CURVE('',#2278,#9577,#9587,.T.);
#9589=ORIENTED_EDGE('',*,*,#9588,.F.);
#9590=EDGE_LOOP('',(#9563,#9564,#9565,#9566,#9567,#9575,#9583,#9589));
#9591=FACE_BOUND('',#9590,.T.);
#9592=ADVANCED_FACE('',(#9591),#9562,.T.);
#9593=OVER_RIDING_STYLED_ITEM('',(#1986),#9592,#89);
#9594=CARTESIAN_POINT('',(11.61,6.7,-0.3));
#9595=DIRECTION('',(0.,0.,1.));
#9596=DIRECTION('',(-0.,1.,-0.));
#9597=AXIS2_PLACEMENT_3D('',#9594,#9595,#9596);
#9598=PLANE('',#9597);
#9599=CARTESIAN_POINT('',(11.285,6.325652852,-0.3));
#9600=VERTEX_POINT('',#9599);
#9601=CARTESIAN_POINT('',(11.285,6.7,-0.3));
#9602=DIRECTION('',(0.,-1.,0.));
#9603=VECTOR('',#9602,0.374347148);
#9604=LINE('',#9601,#9603);
#9605=EDGE_CURVE('',#9577,#9600,#9604,.T.);
#9606=ORIENTED_EDGE('',*,*,#9605,.F.);
#9607=ORIENTED_EDGE('',*,*,#9582,.F.);
#9608=CARTESIAN_POINT('',(11.21,6.09,-0.3));
#9609=VERTEX_POINT('',#9608);
#9610=CARTESIAN_POINT('',(11.21,6.09,-0.3));
#9611=DIRECTION('',(-0.,1.,-0.));
#9612=VECTOR('',#9611,0.61);
#9613=LINE('',#9610,#9612);
#9614=EDGE_CURVE('',#9609,#9569,#9613,.T.);
#9615=ORIENTED_EDGE('',*,*,#9614,.F.);
#9616=CARTESIAN_POINT('',(11.6,5.7,-0.3));
#9617=VERTEX_POINT('',#9616);
#9618=CARTESIAN_POINT('',(11.6,6.09,-0.3));
#9619=DIRECTION('',(0.,-0.,-1.));
#9620=DIRECTION('',(-0.,1.,-0.));
#9621=AXIS2_PLACEMENT_3D('',#9618,#9619,#9620);
#9622=CIRCLE('',#9621,0.39);
#9623=EDGE_CURVE('',#9617,#9609,#9622,.T.);
#9624=ORIENTED_EDGE('',*,*,#9623,.F.);
#9625=CARTESIAN_POINT('',(11.62,5.7,-0.3));
#9626=VERTEX_POINT('',#9625);
#9627=CARTESIAN_POINT('',(11.6,5.7,-0.3));
#9628=DIRECTION('',(1.,0.,-0.));
#9629=VECTOR('',#9628,0.02);
#9630=LINE('',#9627,#9629);
#9631=EDGE_CURVE('',#9617,#9626,#9630,.T.);
#9632=ORIENTED_EDGE('',*,*,#9631,.T.);
#9633=CARTESIAN_POINT('',(12.01,6.09,-0.3));
#9634=VERTEX_POINT('',#9633);
#9635=CARTESIAN_POINT('',(11.62,6.09,-0.3));
#9636=DIRECTION('',(0.,-0.,-1.));
#9637=DIRECTION('',(-0.,1.,-0.));
#9638=AXIS2_PLACEMENT_3D('',#9635,#9636,#9637);
#9639=CIRCLE('',#9638,0.39);
#9640=EDGE_CURVE('',#9634,#9626,#9639,.T.);
#9641=ORIENTED_EDGE('',*,*,#9640,.F.);
#9642=CARTESIAN_POINT('',(12.01,6.7,-0.3));
#9643=VERTEX_POINT('',#9642);
#9644=CARTESIAN_POINT('',(12.01,6.7,-0.3));
#9645=DIRECTION('',(0.,-1.,0.));
#9646=VECTOR('',#9645,0.61);
#9647=LINE('',#9644,#9646);
#9648=EDGE_CURVE('NONE',#9643,#9634,#9647,.T.);
#9649=ORIENTED_EDGE('',*,*,#9648,.F.);
#9650=CARTESIAN_POINT('',(11.935,6.7,-0.3));
#9651=VERTEX_POINT('',#9650);
#9652=CARTESIAN_POINT('',(11.935,6.7,-0.3));
#9653=DIRECTION('',(1.,0.,-0.));
#9654=VECTOR('',#9653,0.075);
#9655=LINE('',#9652,#9654);
#9656=EDGE_CURVE('',#9651,#9643,#9655,.T.);
#9657=ORIENTED_EDGE('',*,*,#9656,.F.);
#9658=CARTESIAN_POINT('',(11.935,6.325652852,-0.3));
#9659=VERTEX_POINT('',#9658);
#9660=CARTESIAN_POINT('',(11.935,6.325652852,-0.3));
#9661=DIRECTION('',(-0.,1.,-0.));
#9662=VECTOR('',#9661,0.374347148);
#9663=LINE('',#9660,#9662);
#9664=EDGE_CURVE('',#9659,#9651,#9663,.T.);
#9665=ORIENTED_EDGE('',*,*,#9664,.F.);
#9666=CARTESIAN_POINT('',(11.61,5.995690733,-0.3));
#9667=VERTEX_POINT('',#9666);
#9668=CARTESIAN_POINT('',(11.605,6.325652852,-0.3));
#9669=DIRECTION('',(-0.,0.,1.));
#9670=DIRECTION('',(-0.,1.,-0.));
#9671=AXIS2_PLACEMENT_3D('',#9668,#9669,#9670);
#9672=CIRCLE('',#9671,0.33);
#9673=EDGE_CURVE('',#9667,#9659,#9672,.T.);
#9674=ORIENTED_EDGE('',*,*,#9673,.F.);
#9675=CARTESIAN_POINT('',(11.615,6.325652852,-0.3));
#9676=DIRECTION('',(-0.,0.,1.));
#9677=DIRECTION('',(-0.,1.,-0.));
#9678=AXIS2_PLACEMENT_3D('',#9675,#9676,#9677);
#9679=CIRCLE('',#9678,0.33);
#9680=EDGE_CURVE('',#9600,#9667,#9679,.T.);
#9681=ORIENTED_EDGE('',*,*,#9680,.F.);
#9682=EDGE_LOOP('',(#9606,#9607,#9615,#9624,#9632,#9641,#9649,#9657,#9665,#9674,#9681));
#9683=FACE_BOUND('',#9682,.T.);
#9684=ADVANCED_FACE('',(#9683),#9598,.T.);
#9685=CARTESIAN_POINT('',(11.285,6.7,-1.8));
#9686=DIRECTION('',(1.,0.,-0.));
#9687=DIRECTION('',(0.,-1.,0.));
#9688=AXIS2_PLACEMENT_3D('',#9685,#9686,#9687);
#9689=PLANE('',#9688);
#9690=ORIENTED_EDGE('',*,*,#2291,.T.);
#9691=ORIENTED_EDGE('',*,*,#9588,.T.);
#9692=ORIENTED_EDGE('',*,*,#9605,.T.);
#9693=CARTESIAN_POINT('',(11.285,6.325652852,-1.));
#9694=DIRECTION('',(0.,0.,1.));
#9695=VECTOR('',#9694,0.7);
#9696=LINE('',#9693,#9695);
#9697=EDGE_CURVE('',#2286,#9600,#9696,.T.);
#9698=ORIENTED_EDGE('',*,*,#9697,.F.);
#9699=EDGE_LOOP('',(#9690,#9691,#9692,#9698));
#9700=FACE_BOUND('',#9699,.T.);
#9701=ADVANCED_FACE('',(#9700),#9689,.T.);
#9702=CARTESIAN_POINT('',(11.615,6.325652852,-1.8));
#9703=DIRECTION('',(0.,-0.,-1.));
#9704=DIRECTION('',(0.,-1.,0.));
#9705=AXIS2_PLACEMENT_3D('',#9702,#9703,#9704);
#9706=CYLINDRICAL_SURFACE('',#9705,0.33);
#9707=ORIENTED_EDGE('',*,*,#9697,.T.);
#9708=ORIENTED_EDGE('',*,*,#9680,.T.);
#9709=CARTESIAN_POINT('',(11.61,5.995690733,-0.3));
#9710=DIRECTION('',(0.,-0.,-1.));
#9711=VECTOR('',#9710,0.7);
#9712=LINE('',#9709,#9711);
#9713=EDGE_CURVE('',#9667,#2294,#9712,.T.);
#9714=ORIENTED_EDGE('',*,*,#9713,.T.);
#9715=ORIENTED_EDGE('',*,*,#2300,.T.);
#9716=EDGE_LOOP('',(#9707,#9708,#9714,#9715));
#9717=FACE_BOUND('',#9716,.T.);
#9718=ADVANCED_FACE('',(#9717),#9706,.F.);
#9719=CARTESIAN_POINT('',(11.605,6.325652852,-1.8));
#9720=DIRECTION('',(0.,-0.,-1.));
#9721=DIRECTION('',(0.,-1.,0.));
#9722=AXIS2_PLACEMENT_3D('',#9719,#9720,#9721);
#9723=CYLINDRICAL_SURFACE('',#9722,0.33);
#9724=ORIENTED_EDGE('',*,*,#2309,.T.);
#9725=ORIENTED_EDGE('',*,*,#9713,.F.);
#9726=ORIENTED_EDGE('',*,*,#9673,.T.);
#9727=CARTESIAN_POINT('',(11.935,6.325652852,-0.3));
#9728=DIRECTION('',(-0.,-0.,-1.));
#9729=VECTOR('',#9728,0.7);
#9730=LINE('',#9727,#9729);
#9731=EDGE_CURVE('',#9659,#2303,#9730,.T.);
#9732=ORIENTED_EDGE('',*,*,#9731,.T.);
#9733=EDGE_LOOP('',(#9724,#9725,#9726,#9732));
#9734=FACE_BOUND('',#9733,.T.);
#9735=ADVANCED_FACE('',(#9734),#9723,.F.);
#9736=CARTESIAN_POINT('',(11.935,6.7,-1.8));
#9737=DIRECTION('',(-1.,-0.,0.));
#9738=DIRECTION('',(-0.,1.,-0.));
#9739=AXIS2_PLACEMENT_3D('',#9736,#9737,#9738);
#9740=PLANE('',#9739);
#9741=ORIENTED_EDGE('',*,*,#9664,.T.);
#9742=CARTESIAN_POINT('',(11.935,6.7,-1.));
#9743=DIRECTION('',(0.,0.,1.));
#9744=VECTOR('',#9743,0.7);
#9745=LINE('',#9742,#9744);
#9746=EDGE_CURVE('',#2312,#9651,#9745,.T.);
#9747=ORIENTED_EDGE('',*,*,#9746,.F.);
#9748=ORIENTED_EDGE('',*,*,#2317,.T.);
#9749=ORIENTED_EDGE('',*,*,#9731,.F.);
#9750=EDGE_LOOP('',(#9741,#9747,#9748,#9749));
#9751=FACE_BOUND('',#9750,.T.);
#9752=ADVANCED_FACE('',(#9751),#9740,.T.);
#9753=CARTESIAN_POINT('',(12.01,6.4,-0.3));
#9754=DIRECTION('',(1.,0.,-0.));
#9755=DIRECTION('',(0.,-1.,0.));
#9756=AXIS2_PLACEMENT_3D('',#9753,#9754,#9755);
#9757=PLANE('',#9756);
#9758=ORIENTED_EDGE('',*,*,#1693,.F.);
#9759=CARTESIAN_POINT('',(12.01,6.7,-0.3));
#9760=DIRECTION('',(0.,0.,1.));
#9761=VECTOR('',#9760,0.1);
#9762=LINE('',#9759,#9761);
#9763=EDGE_CURVE('NONE',#9643,#1680,#9762,.T.);
#9764=ORIENTED_EDGE('',*,*,#9763,.F.);
#9765=ORIENTED_EDGE('',*,*,#9648,.T.);
#9766=CARTESIAN_POINT('',(12.01,6.09,-0.2));
#9767=DIRECTION('',(-0.,-0.,-1.));
#9768=VECTOR('',#9767,0.1);
#9769=LINE('',#9766,#9768);
#9770=EDGE_CURVE('',#1688,#9634,#9769,.T.);
#9771=ORIENTED_EDGE('',*,*,#9770,.F.);
#9772=EDGE_LOOP('',(#9758,#9764,#9765,#9771));
#9773=FACE_BOUND('',#9772,.T.);
#9774=ADVANCED_FACE('NONE',(#9773),#9757,.F.);
#9775=CARTESIAN_POINT('',(11.62,6.09,-0.3));
#9776=DIRECTION('',(0.,0.,1.));
#9777=DIRECTION('',(-0.,1.,-0.));
#9778=AXIS2_PLACEMENT_3D('',#9775,#9776,#9777);
#9779=CYLINDRICAL_SURFACE('',#9778,0.39);
#9780=ORIENTED_EDGE('',*,*,#9640,.T.);
#9781=CARTESIAN_POINT('',(11.62,5.7,-0.3));
#9782=DIRECTION('',(0.,0.,1.));
#9783=VECTOR('',#9782,0.1);
#9784=LINE('',#9781,#9783);
#9785=EDGE_CURVE('',#9626,#1696,#9784,.T.);
#9786=ORIENTED_EDGE('',*,*,#9785,.T.);
#9787=ORIENTED_EDGE('',*,*,#1702,.T.);
#9788=ORIENTED_EDGE('',*,*,#9770,.T.);
#9789=EDGE_LOOP('',(#9780,#9786,#9787,#9788));
#9790=FACE_BOUND('',#9789,.T.);
#9791=ADVANCED_FACE('',(#9790),#9779,.F.);
#9792=CARTESIAN_POINT('',(4.71,5.7,-0.3));
#9793=DIRECTION('',(-0.,1.,-0.));
#9794=DIRECTION('',(1.,0.,-0.));
#9795=AXIS2_PLACEMENT_3D('',#9792,#9793,#9794);
#9796=PLANE('',#9795);
#9797=ORIENTED_EDGE('',*,*,#9631,.F.);
#9798=CARTESIAN_POINT('',(11.6,5.7,-0.2));
#9799=DIRECTION('',(-0.,-0.,-1.));
#9800=VECTOR('',#9799,0.1);
#9801=LINE('',#9798,#9800);
#9802=EDGE_CURVE('',#1705,#9617,#9801,.T.);
#9803=ORIENTED_EDGE('',*,*,#9802,.F.);
#9804=ORIENTED_EDGE('',*,*,#1710,.T.);
#9805=ORIENTED_EDGE('',*,*,#9785,.F.);
#9806=EDGE_LOOP('',(#9797,#9803,#9804,#9805));
#9807=FACE_BOUND('',#9806,.T.);
#9808=ADVANCED_FACE('',(#9807),#9796,.T.);
#9809=CARTESIAN_POINT('',(11.6,6.09,-0.3));
#9810=DIRECTION('',(0.,0.,1.));
#9811=DIRECTION('',(-0.,1.,-0.));
#9812=AXIS2_PLACEMENT_3D('',#9809,#9810,#9811);
#9813=CYLINDRICAL_SURFACE('',#9812,0.39);
#9814=ORIENTED_EDGE('',*,*,#9623,.T.);
#9815=CARTESIAN_POINT('',(11.21,6.09,-0.3));
#9816=DIRECTION('',(0.,0.,1.));
#9817=VECTOR('',#9816,0.1);
#9818=LINE('',#9815,#9817);
#9819=EDGE_CURVE('',#9609,#1713,#9818,.T.);
#9820=ORIENTED_EDGE('',*,*,#9819,.T.);
#9821=ORIENTED_EDGE('',*,*,#1719,.T.);
#9822=ORIENTED_EDGE('',*,*,#9802,.T.);
#9823=EDGE_LOOP('',(#9814,#9820,#9821,#9822));
#9824=FACE_BOUND('',#9823,.T.);
#9825=ADVANCED_FACE('',(#9824),#9813,.F.);
#9826=CARTESIAN_POINT('',(11.21,6.4,-0.3));
#9827=DIRECTION('',(-1.,-0.,0.));
#9828=DIRECTION('',(-0.,1.,-0.));
#9829=AXIS2_PLACEMENT_3D('',#9826,#9827,#9828);
#9830=PLANE('',#9829);
#9831=ORIENTED_EDGE('',*,*,#9614,.T.);
#9832=ORIENTED_EDGE('',*,*,#9574,.T.);
#9833=ORIENTED_EDGE('',*,*,#1727,.F.);
#9834=ORIENTED_EDGE('',*,*,#9819,.F.);
#9835=EDGE_LOOP('',(#9831,#9832,#9833,#9834));
#9836=FACE_BOUND('',#9835,.T.);
#9837=ADVANCED_FACE('NONE',(#9836),#9830,.F.);
#9838=CARTESIAN_POINT('',(-12.79,6.7,-1.));
#9839=DIRECTION('',(-0.,1.,-0.));
#9840=DIRECTION('',(1.,0.,-0.));
#9841=AXIS2_PLACEMENT_3D('',#9838,#9839,#9840);
#9842=PLANE('',#9841);
#9843=ORIENTED_EDGE('',*,*,#2325,.F.);
#9844=ORIENTED_EDGE('',*,*,#9746,.T.);
#9845=ORIENTED_EDGE('',*,*,#9656,.T.);
#9846=ORIENTED_EDGE('',*,*,#9763,.T.);
#9847=ORIENTED_EDGE('',*,*,#1685,.T.);
#9848=CARTESIAN_POINT('',(12.71,6.7,-0.3));
#9849=VERTEX_POINT('',#9848);
#9850=CARTESIAN_POINT('',(12.71,6.7,-0.3));
#9851=DIRECTION('',(0.,0.,1.));
#9852=VECTOR('',#9851,0.1);
#9853=LINE('',#9850,#9852);
#9854=EDGE_CURVE('NONE',#9849,#1672,#9853,.T.);
#9855=ORIENTED_EDGE('',*,*,#9854,.F.);
#9856=CARTESIAN_POINT('',(12.785,6.7,-0.3));
#9857=VERTEX_POINT('',#9856);
#9858=CARTESIAN_POINT('',(12.71,6.7,-0.3));
#9859=DIRECTION('',(1.,0.,-0.));
#9860=VECTOR('',#9859,0.075);
#9861=LINE('',#9858,#9860);
#9862=EDGE_CURVE('NONE',#9849,#9857,#9861,.T.);
#9863=ORIENTED_EDGE('',*,*,#9862,.T.);
#9864=CARTESIAN_POINT('',(12.785,6.7,-1.));
#9865=DIRECTION('',(0.,0.,1.));
#9866=VECTOR('',#9865,0.7);
#9867=LINE('',#9864,#9866);
#9868=EDGE_CURVE('',#2320,#9857,#9867,.T.);
#9869=ORIENTED_EDGE('',*,*,#9868,.F.);
#9870=EDGE_LOOP('',(#9843,#9844,#9845,#9846,#9847,#9855,#9863,#9869));
#9871=FACE_BOUND('',#9870,.T.);
#9872=ADVANCED_FACE('',(#9871),#9842,.T.);
#9873=OVER_RIDING_STYLED_ITEM('',(#1986),#9872,#89);
#9874=CARTESIAN_POINT('',(13.11,6.7,-0.3));
#9875=DIRECTION('',(0.,0.,1.));
#9876=DIRECTION('',(-0.,1.,-0.));
#9877=AXIS2_PLACEMENT_3D('',#9874,#9875,#9876);
#9878=PLANE('',#9877);
#9879=CARTESIAN_POINT('',(12.785,6.325652852,-0.3));
#9880=VERTEX_POINT('',#9879);
#9881=CARTESIAN_POINT('',(12.785,6.7,-0.3));
#9882=DIRECTION('',(0.,-1.,0.));
#9883=VECTOR('',#9882,0.374347148);
#9884=LINE('',#9881,#9883);
#9885=EDGE_CURVE('',#9857,#9880,#9884,.T.);
#9886=ORIENTED_EDGE('',*,*,#9885,.F.);
#9887=ORIENTED_EDGE('',*,*,#9862,.F.);
#9888=CARTESIAN_POINT('',(12.71,6.09,-0.3));
#9889=VERTEX_POINT('',#9888);
#9890=CARTESIAN_POINT('',(12.71,6.09,-0.3));
#9891=DIRECTION('',(-0.,1.,-0.));
#9892=VECTOR('',#9891,0.61);
#9893=LINE('',#9890,#9892);
#9894=EDGE_CURVE('',#9889,#9849,#9893,.T.);
#9895=ORIENTED_EDGE('',*,*,#9894,.F.);
#9896=CARTESIAN_POINT('',(13.1,5.7,-0.3));
#9897=VERTEX_POINT('',#9896);
#9898=CARTESIAN_POINT('',(13.1,6.09,-0.3));
#9899=DIRECTION('',(0.,-0.,-1.));
#9900=DIRECTION('',(-0.,1.,-0.));
#9901=AXIS2_PLACEMENT_3D('',#9898,#9899,#9900);
#9902=CIRCLE('',#9901,0.39);
#9903=EDGE_CURVE('',#9897,#9889,#9902,.T.);
#9904=ORIENTED_EDGE('',*,*,#9903,.F.);
#9905=CARTESIAN_POINT('',(13.12,5.7,-0.3));
#9906=VERTEX_POINT('',#9905);
#9907=CARTESIAN_POINT('',(13.1,5.7,-0.3));
#9908=DIRECTION('',(1.,0.,-0.));
#9909=VECTOR('',#9908,0.02);
#9910=LINE('',#9907,#9909);
#9911=EDGE_CURVE('',#9897,#9906,#9910,.T.);
#9912=ORIENTED_EDGE('',*,*,#9911,.T.);
#9913=CARTESIAN_POINT('',(13.51,6.09,-0.3));
#9914=VERTEX_POINT('',#9913);
#9915=CARTESIAN_POINT('',(13.12,6.09,-0.3));
#9916=DIRECTION('',(0.,-0.,-1.));
#9917=DIRECTION('',(-0.,1.,-0.));
#9918=AXIS2_PLACEMENT_3D('',#9915,#9916,#9917);
#9919=CIRCLE('',#9918,0.39);
#9920=EDGE_CURVE('',#9914,#9906,#9919,.T.);
#9921=ORIENTED_EDGE('',*,*,#9920,.F.);
#9922=CARTESIAN_POINT('',(13.51,6.7,-0.3));
#9923=VERTEX_POINT('',#9922);
#9924=CARTESIAN_POINT('',(13.51,6.7,-0.3));
#9925=DIRECTION('',(0.,-1.,0.));
#9926=VECTOR('',#9925,0.61);
#9927=LINE('',#9924,#9926);
#9928=EDGE_CURVE('NONE',#9923,#9914,#9927,.T.);
#9929=ORIENTED_EDGE('',*,*,#9928,.F.);
#9930=CARTESIAN_POINT('',(13.435,6.7,-0.3));
#9931=VERTEX_POINT('',#9930);
#9932=CARTESIAN_POINT('',(13.435,6.7,-0.3));
#9933=DIRECTION('',(1.,0.,-0.));
#9934=VECTOR('',#9933,0.075);
#9935=LINE('',#9932,#9934);
#9936=EDGE_CURVE('',#9931,#9923,#9935,.T.);
#9937=ORIENTED_EDGE('',*,*,#9936,.F.);
#9938=CARTESIAN_POINT('',(13.435,6.325652852,-0.3));
#9939=VERTEX_POINT('',#9938);
#9940=CARTESIAN_POINT('',(13.435,6.325652852,-0.3));
#9941=DIRECTION('',(-0.,1.,-0.));
#9942=VECTOR('',#9941,0.374347148);
#9943=LINE('',#9940,#9942);
#9944=EDGE_CURVE('',#9939,#9931,#9943,.T.);
#9945=ORIENTED_EDGE('',*,*,#9944,.F.);
#9946=CARTESIAN_POINT('',(13.11,5.995690733,-0.3));
#9947=VERTEX_POINT('',#9946);
#9948=CARTESIAN_POINT('',(13.105,6.325652852,-0.3));
#9949=DIRECTION('',(-0.,0.,1.));
#9950=DIRECTION('',(-0.,1.,-0.));
#9951=AXIS2_PLACEMENT_3D('',#9948,#9949,#9950);
#9952=CIRCLE('',#9951,0.33);
#9953=EDGE_CURVE('',#9947,#9939,#9952,.T.);
#9954=ORIENTED_EDGE('',*,*,#9953,.F.);
#9955=CARTESIAN_POINT('',(13.115,6.325652852,-0.3));
#9956=DIRECTION('',(-0.,0.,1.));
#9957=DIRECTION('',(-0.,1.,-0.));
#9958=AXIS2_PLACEMENT_3D('',#9955,#9956,#9957);
#9959=CIRCLE('',#9958,0.33);
#9960=EDGE_CURVE('',#9880,#9947,#9959,.T.);
#9961=ORIENTED_EDGE('',*,*,#9960,.F.);
#9962=EDGE_LOOP('',(#9886,#9887,#9895,#9904,#9912,#9921,#9929,#9937,#9945,#9954,#9961));
#9963=FACE_BOUND('',#9962,.T.);
#9964=ADVANCED_FACE('',(#9963),#9878,.T.);
#9965=CARTESIAN_POINT('',(12.785,6.7,-1.8));
#9966=DIRECTION('',(1.,0.,-0.));
#9967=DIRECTION('',(0.,-1.,0.));
#9968=AXIS2_PLACEMENT_3D('',#9965,#9966,#9967);
#9969=PLANE('',#9968);
#9970=ORIENTED_EDGE('',*,*,#2333,.T.);
#9971=ORIENTED_EDGE('',*,*,#9868,.T.);
#9972=ORIENTED_EDGE('',*,*,#9885,.T.);
#9973=CARTESIAN_POINT('',(12.785,6.325652852,-1.));
#9974=DIRECTION('',(0.,0.,1.));
#9975=VECTOR('',#9974,0.7);
#9976=LINE('',#9973,#9975);
#9977=EDGE_CURVE('',#2328,#9880,#9976,.T.);
#9978=ORIENTED_EDGE('',*,*,#9977,.F.);
#9979=EDGE_LOOP('',(#9970,#9971,#9972,#9978));
#9980=FACE_BOUND('',#9979,.T.);
#9981=ADVANCED_FACE('',(#9980),#9969,.T.);
#9982=CARTESIAN_POINT('',(13.115,6.325652852,-1.8));
#9983=DIRECTION('',(0.,-0.,-1.));
#9984=DIRECTION('',(0.,-1.,0.));
#9985=AXIS2_PLACEMENT_3D('',#9982,#9983,#9984);
#9986=CYLINDRICAL_SURFACE('',#9985,0.33);
#9987=ORIENTED_EDGE('',*,*,#9977,.T.);
#9988=ORIENTED_EDGE('',*,*,#9960,.T.);
#9989=CARTESIAN_POINT('',(13.11,5.995690733,-0.3));
#9990=DIRECTION('',(0.,-0.,-1.));
#9991=VECTOR('',#9990,0.7);
#9992=LINE('',#9989,#9991);
#9993=EDGE_CURVE('',#9947,#2336,#9992,.T.);
#9994=ORIENTED_EDGE('',*,*,#9993,.T.);
#9995=ORIENTED_EDGE('',*,*,#2342,.T.);
#9996=EDGE_LOOP('',(#9987,#9988,#9994,#9995));
#9997=FACE_BOUND('',#9996,.T.);
#9998=ADVANCED_FACE('',(#9997),#9986,.F.);
#9999=CARTESIAN_POINT('',(13.105,6.325652852,-1.8));
#10000=DIRECTION('',(0.,-0.,-1.));
#10001=DIRECTION('',(0.,-1.,0.));
#10002=AXIS2_PLACEMENT_3D('',#9999,#10000,#10001);
#10003=CYLINDRICAL_SURFACE('',#10002,0.33);
#10004=ORIENTED_EDGE('',*,*,#2351,.T.);
#10005=ORIENTED_EDGE('',*,*,#9993,.F.);
#10006=ORIENTED_EDGE('',*,*,#9953,.T.);
#10007=CARTESIAN_POINT('',(13.435,6.325652852,-0.3));
#10008=DIRECTION('',(-0.,-0.,-1.));
#10009=VECTOR('',#10008,0.7);
#10010=LINE('',#10007,#10009);
#10011=EDGE_CURVE('',#9939,#2345,#10010,.T.);
#10012=ORIENTED_EDGE('',*,*,#10011,.T.);
#10013=EDGE_LOOP('',(#10004,#10005,#10006,#10012));
#10014=FACE_BOUND('',#10013,.T.);
#10015=ADVANCED_FACE('',(#10014),#10003,.F.);
#10016=CARTESIAN_POINT('',(13.435,6.7,-1.8));
#10017=DIRECTION('',(-1.,-0.,0.));
#10018=DIRECTION('',(-0.,1.,-0.));
#10019=AXIS2_PLACEMENT_3D('',#10016,#10017,#10018);
#10020=PLANE('',#10019);
#10021=ORIENTED_EDGE('',*,*,#9944,.T.);
#10022=CARTESIAN_POINT('',(13.435,6.7,-1.));
#10023=DIRECTION('',(0.,0.,1.));
#10024=VECTOR('',#10023,0.7);
#10025=LINE('',#10022,#10024);
#10026=EDGE_CURVE('',#2354,#9931,#10025,.T.);
#10027=ORIENTED_EDGE('',*,*,#10026,.F.);
#10028=ORIENTED_EDGE('',*,*,#2359,.T.);
#10029=ORIENTED_EDGE('',*,*,#10011,.F.);
#10030=EDGE_LOOP('',(#10021,#10027,#10028,#10029));
#10031=FACE_BOUND('',#10030,.T.);
#10032=ADVANCED_FACE('',(#10031),#10020,.T.);
#10033=CARTESIAN_POINT('',(13.51,6.4,-0.3));
#10034=DIRECTION('',(1.,0.,-0.));
#10035=DIRECTION('',(0.,-1.,0.));
#10036=AXIS2_PLACEMENT_3D('',#10033,#10034,#10035);
#10037=PLANE('',#10036);
#10038=ORIENTED_EDGE('',*,*,#1643,.F.);
#10039=CARTESIAN_POINT('',(13.51,6.7,-0.3));
#10040=DIRECTION('',(0.,0.,1.));
#10041=VECTOR('',#10040,0.1);
#10042=LINE('',#10039,#10041);
#10043=EDGE_CURVE('NONE',#9923,#1630,#10042,.T.);
#10044=ORIENTED_EDGE('',*,*,#10043,.F.);
#10045=ORIENTED_EDGE('',*,*,#9928,.T.);
#10046=CARTESIAN_POINT('',(13.51,6.09,-0.2));
#10047=DIRECTION('',(-0.,-0.,-1.));
#10048=VECTOR('',#10047,0.1);
#10049=LINE('',#10046,#10048);
#10050=EDGE_CURVE('',#1638,#9914,#10049,.T.);
#10051=ORIENTED_EDGE('',*,*,#10050,.F.);
#10052=EDGE_LOOP('',(#10038,#10044,#10045,#10051));
#10053=FACE_BOUND('',#10052,.T.);
#10054=ADVANCED_FACE('NONE',(#10053),#10037,.F.);
#10055=CARTESIAN_POINT('',(13.12,6.09,-0.3));
#10056=DIRECTION('',(0.,0.,1.));
#10057=DIRECTION('',(-0.,1.,-0.));
#10058=AXIS2_PLACEMENT_3D('',#10055,#10056,#10057);
#10059=CYLINDRICAL_SURFACE('',#10058,0.39);
#10060=ORIENTED_EDGE('',*,*,#9920,.T.);
#10061=CARTESIAN_POINT('',(13.12,5.7,-0.3));
#10062=DIRECTION('',(0.,0.,1.));
#10063=VECTOR('',#10062,0.1);
#10064=LINE('',#10061,#10063);
#10065=EDGE_CURVE('',#9906,#1646,#10064,.T.);
#10066=ORIENTED_EDGE('',*,*,#10065,.T.);
#10067=ORIENTED_EDGE('',*,*,#1652,.T.);
#10068=ORIENTED_EDGE('',*,*,#10050,.T.);
#10069=EDGE_LOOP('',(#10060,#10066,#10067,#10068));
#10070=FACE_BOUND('',#10069,.T.);
#10071=ADVANCED_FACE('',(#10070),#10059,.F.);
#10072=CARTESIAN_POINT('',(6.21,5.7,-0.3));
#10073=DIRECTION('',(-0.,1.,-0.));
#10074=DIRECTION('',(1.,0.,-0.));
#10075=AXIS2_PLACEMENT_3D('',#10072,#10073,#10074);
#10076=PLANE('',#10075);
#10077=ORIENTED_EDGE('',*,*,#9911,.F.);
#10078=CARTESIAN_POINT('',(13.1,5.7,-0.2));
#10079=DIRECTION('',(-0.,-0.,-1.));
#10080=VECTOR('',#10079,0.1);
#10081=LINE('',#10078,#10080);
#10082=EDGE_CURVE('',#1655,#9897,#10081,.T.);
#10083=ORIENTED_EDGE('',*,*,#10082,.F.);
#10084=ORIENTED_EDGE('',*,*,#1660,.T.);
#10085=ORIENTED_EDGE('',*,*,#10065,.F.);
#10086=EDGE_LOOP('',(#10077,#10083,#10084,#10085));
#10087=FACE_BOUND('',#10086,.T.);
#10088=ADVANCED_FACE('',(#10087),#10076,.T.);
#10089=CARTESIAN_POINT('',(13.1,6.09,-0.3));
#10090=DIRECTION('',(0.,0.,1.));
#10091=DIRECTION('',(-0.,1.,-0.));
#10092=AXIS2_PLACEMENT_3D('',#10089,#10090,#10091);
#10093=CYLINDRICAL_SURFACE('',#10092,0.39);
#10094=ORIENTED_EDGE('',*,*,#9903,.T.);
#10095=CARTESIAN_POINT('',(12.71,6.09,-0.3));
#10096=DIRECTION('',(0.,0.,1.));
#10097=VECTOR('',#10096,0.1);
#10098=LINE('',#10095,#10097);
#10099=EDGE_CURVE('',#9889,#1663,#10098,.T.);
#10100=ORIENTED_EDGE('',*,*,#10099,.T.);
#10101=ORIENTED_EDGE('',*,*,#1669,.T.);
#10102=ORIENTED_EDGE('',*,*,#10082,.T.);
#10103=EDGE_LOOP('',(#10094,#10100,#10101,#10102));
#10104=FACE_BOUND('',#10103,.T.);
#10105=ADVANCED_FACE('',(#10104),#10093,.F.);
#10106=CARTESIAN_POINT('',(12.71,6.4,-0.3));
#10107=DIRECTION('',(-1.,-0.,0.));
#10108=DIRECTION('',(-0.,1.,-0.));
#10109=AXIS2_PLACEMENT_3D('',#10106,#10107,#10108);
#10110=PLANE('',#10109);
#10111=ORIENTED_EDGE('',*,*,#9894,.T.);
#10112=ORIENTED_EDGE('',*,*,#9854,.T.);
#10113=ORIENTED_EDGE('',*,*,#1677,.F.);
#10114=ORIENTED_EDGE('',*,*,#10099,.F.);
#10115=EDGE_LOOP('',(#10111,#10112,#10113,#10114));
#10116=FACE_BOUND('',#10115,.T.);
#10117=ADVANCED_FACE('NONE',(#10116),#10110,.F.);
#10118=CARTESIAN_POINT('',(-11.29,6.7,-1.));
#10119=DIRECTION('',(-0.,1.,-0.));
#10120=DIRECTION('',(1.,0.,-0.));
#10121=AXIS2_PLACEMENT_3D('',#10118,#10119,#10120);
#10122=PLANE('',#10121);
#10123=ORIENTED_EDGE('',*,*,#2367,.F.);
#10124=ORIENTED_EDGE('',*,*,#10026,.T.);
#10125=ORIENTED_EDGE('',*,*,#9936,.T.);
#10126=ORIENTED_EDGE('',*,*,#10043,.T.);
#10127=ORIENTED_EDGE('',*,*,#1635,.T.);
#10128=CARTESIAN_POINT('',(14.21,6.7,-0.3));
#10129=VERTEX_POINT('',#10128);
#10130=CARTESIAN_POINT('',(14.21,6.7,-0.3));
#10131=DIRECTION('',(0.,0.,1.));
#10132=VECTOR('',#10131,0.1);
#10133=LINE('',#10130,#10132);
#10134=EDGE_CURVE('NONE',#10129,#1622,#10133,.T.);
#10135=ORIENTED_EDGE('',*,*,#10134,.F.);
#10136=CARTESIAN_POINT('',(14.285,6.7,-0.3));
#10137=VERTEX_POINT('',#10136);
#10138=CARTESIAN_POINT('',(14.21,6.7,-0.3));
#10139=DIRECTION('',(1.,0.,-0.));
#10140=VECTOR('',#10139,0.075);
#10141=LINE('',#10138,#10140);
#10142=EDGE_CURVE('NONE',#10129,#10137,#10141,.T.);
#10143=ORIENTED_EDGE('',*,*,#10142,.T.);
#10144=CARTESIAN_POINT('',(14.285,6.7,-1.));
#10145=DIRECTION('',(0.,0.,1.));
#10146=VECTOR('',#10145,0.7);
#10147=LINE('',#10144,#10146);
#10148=EDGE_CURVE('',#2362,#10137,#10147,.T.);
#10149=ORIENTED_EDGE('',*,*,#10148,.F.);
#10150=EDGE_LOOP('',(#10123,#10124,#10125,#10126,#10127,#10135,#10143,#10149));
#10151=FACE_BOUND('',#10150,.T.);
#10152=ADVANCED_FACE('',(#10151),#10122,.T.);
#10153=OVER_RIDING_STYLED_ITEM('',(#1986),#10152,#89);
#10154=CARTESIAN_POINT('',(14.61,6.7,-0.3));
#10155=DIRECTION('',(0.,0.,1.));
#10156=DIRECTION('',(-0.,1.,-0.));
#10157=AXIS2_PLACEMENT_3D('',#10154,#10155,#10156);
#10158=PLANE('',#10157);
#10159=CARTESIAN_POINT('',(14.285,6.325652852,-0.3));
#10160=VERTEX_POINT('',#10159);
#10161=CARTESIAN_POINT('',(14.285,6.7,-0.3));
#10162=DIRECTION('',(0.,-1.,0.));
#10163=VECTOR('',#10162,0.374347148);
#10164=LINE('',#10161,#10163);
#10165=EDGE_CURVE('',#10137,#10160,#10164,.T.);
#10166=ORIENTED_EDGE('',*,*,#10165,.F.);
#10167=ORIENTED_EDGE('',*,*,#10142,.F.);
#10168=CARTESIAN_POINT('',(14.21,6.09,-0.3));
#10169=VERTEX_POINT('',#10168);
#10170=CARTESIAN_POINT('',(14.21,6.09,-0.3));
#10171=DIRECTION('',(-0.,1.,-0.));
#10172=VECTOR('',#10171,0.61);
#10173=LINE('',#10170,#10172);
#10174=EDGE_CURVE('',#10169,#10129,#10173,.T.);
#10175=ORIENTED_EDGE('',*,*,#10174,.F.);
#10176=CARTESIAN_POINT('',(14.6,5.7,-0.3));
#10177=VERTEX_POINT('',#10176);
#10178=CARTESIAN_POINT('',(14.6,6.09,-0.3));
#10179=DIRECTION('',(0.,-0.,-1.));
#10180=DIRECTION('',(-0.,1.,-0.));
#10181=AXIS2_PLACEMENT_3D('',#10178,#10179,#10180);
#10182=CIRCLE('',#10181,0.39);
#10183=EDGE_CURVE('',#10177,#10169,#10182,.T.);
#10184=ORIENTED_EDGE('',*,*,#10183,.F.);
#10185=CARTESIAN_POINT('',(14.62,5.7,-0.3));
#10186=VERTEX_POINT('',#10185);
#10187=CARTESIAN_POINT('',(14.6,5.7,-0.3));
#10188=DIRECTION('',(1.,0.,-0.));
#10189=VECTOR('',#10188,0.02);
#10190=LINE('',#10187,#10189);
#10191=EDGE_CURVE('',#10177,#10186,#10190,.T.);
#10192=ORIENTED_EDGE('',*,*,#10191,.T.);
#10193=CARTESIAN_POINT('',(15.01,6.09,-0.3));
#10194=VERTEX_POINT('',#10193);
#10195=CARTESIAN_POINT('',(14.62,6.09,-0.3));
#10196=DIRECTION('',(0.,-0.,-1.));
#10197=DIRECTION('',(-0.,1.,-0.));
#10198=AXIS2_PLACEMENT_3D('',#10195,#10196,#10197);
#10199=CIRCLE('',#10198,0.39);
#10200=EDGE_CURVE('',#10194,#10186,#10199,.T.);
#10201=ORIENTED_EDGE('',*,*,#10200,.F.);
#10202=CARTESIAN_POINT('',(15.01,6.7,-0.3));
#10203=VERTEX_POINT('',#10202);
#10204=CARTESIAN_POINT('',(15.01,6.7,-0.3));
#10205=DIRECTION('',(0.,-1.,0.));
#10206=VECTOR('',#10205,0.61);
#10207=LINE('',#10204,#10206);
#10208=EDGE_CURVE('NONE',#10203,#10194,#10207,.T.);
#10209=ORIENTED_EDGE('',*,*,#10208,.F.);
#10210=CARTESIAN_POINT('',(14.935,6.7,-0.3));
#10211=VERTEX_POINT('',#10210);
#10212=CARTESIAN_POINT('',(14.935,6.7,-0.3));
#10213=DIRECTION('',(1.,0.,-0.));
#10214=VECTOR('',#10213,0.075);
#10215=LINE('',#10212,#10214);
#10216=EDGE_CURVE('',#10211,#10203,#10215,.T.);
#10217=ORIENTED_EDGE('',*,*,#10216,.F.);
#10218=CARTESIAN_POINT('',(14.935,6.325652852,-0.3));
#10219=VERTEX_POINT('',#10218);
#10220=CARTESIAN_POINT('',(14.935,6.325652852,-0.3));
#10221=DIRECTION('',(-0.,1.,-0.));
#10222=VECTOR('',#10221,0.374347148);
#10223=LINE('',#10220,#10222);
#10224=EDGE_CURVE('',#10219,#10211,#10223,.T.);
#10225=ORIENTED_EDGE('',*,*,#10224,.F.);
#10226=CARTESIAN_POINT('',(14.61,5.995690733,-0.3));
#10227=VERTEX_POINT('',#10226);
#10228=CARTESIAN_POINT('',(14.605,6.325652852,-0.3));
#10229=DIRECTION('',(-0.,0.,1.));
#10230=DIRECTION('',(-0.,1.,-0.));
#10231=AXIS2_PLACEMENT_3D('',#10228,#10229,#10230);
#10232=CIRCLE('',#10231,0.33);
#10233=EDGE_CURVE('',#10227,#10219,#10232,.T.);
#10234=ORIENTED_EDGE('',*,*,#10233,.F.);
#10235=CARTESIAN_POINT('',(14.615,6.325652852,-0.3));
#10236=DIRECTION('',(-0.,0.,1.));
#10237=DIRECTION('',(-0.,1.,-0.));
#10238=AXIS2_PLACEMENT_3D('',#10235,#10236,#10237);
#10239=CIRCLE('',#10238,0.33);
#10240=EDGE_CURVE('',#10160,#10227,#10239,.T.);
#10241=ORIENTED_EDGE('',*,*,#10240,.F.);
#10242=EDGE_LOOP('',(#10166,#10167,#10175,#10184,#10192,#10201,#10209,#10217,#10225,#10234,#10241));
#10243=FACE_BOUND('',#10242,.T.);
#10244=ADVANCED_FACE('',(#10243),#10158,.T.);
#10245=CARTESIAN_POINT('',(14.285,6.7,-1.8));
#10246=DIRECTION('',(1.,0.,-0.));
#10247=DIRECTION('',(0.,-1.,0.));
#10248=AXIS2_PLACEMENT_3D('',#10245,#10246,#10247);
#10249=PLANE('',#10248);
#10250=ORIENTED_EDGE('',*,*,#2375,.T.);
#10251=ORIENTED_EDGE('',*,*,#10148,.T.);
#10252=ORIENTED_EDGE('',*,*,#10165,.T.);
#10253=CARTESIAN_POINT('',(14.285,6.325652852,-1.));
#10254=DIRECTION('',(0.,0.,1.));
#10255=VECTOR('',#10254,0.7);
#10256=LINE('',#10253,#10255);
#10257=EDGE_CURVE('',#2370,#10160,#10256,.T.);
#10258=ORIENTED_EDGE('',*,*,#10257,.F.);
#10259=EDGE_LOOP('',(#10250,#10251,#10252,#10258));
#10260=FACE_BOUND('',#10259,.T.);
#10261=ADVANCED_FACE('',(#10260),#10249,.T.);
#10262=CARTESIAN_POINT('',(14.615,6.325652852,-1.8));
#10263=DIRECTION('',(0.,-0.,-1.));
#10264=DIRECTION('',(0.,-1.,0.));
#10265=AXIS2_PLACEMENT_3D('',#10262,#10263,#10264);
#10266=CYLINDRICAL_SURFACE('',#10265,0.33);
#10267=ORIENTED_EDGE('',*,*,#10257,.T.);
#10268=ORIENTED_EDGE('',*,*,#10240,.T.);
#10269=CARTESIAN_POINT('',(14.61,5.995690733,-0.3));
#10270=DIRECTION('',(0.,-0.,-1.));
#10271=VECTOR('',#10270,0.7);
#10272=LINE('',#10269,#10271);
#10273=EDGE_CURVE('',#10227,#2378,#10272,.T.);
#10274=ORIENTED_EDGE('',*,*,#10273,.T.);
#10275=ORIENTED_EDGE('',*,*,#2384,.T.);
#10276=EDGE_LOOP('',(#10267,#10268,#10274,#10275));
#10277=FACE_BOUND('',#10276,.T.);
#10278=ADVANCED_FACE('',(#10277),#10266,.F.);
#10279=CARTESIAN_POINT('',(14.605,6.325652852,-1.8));
#10280=DIRECTION('',(0.,-0.,-1.));
#10281=DIRECTION('',(0.,-1.,0.));
#10282=AXIS2_PLACEMENT_3D('',#10279,#10280,#10281);
#10283=CYLINDRICAL_SURFACE('',#10282,0.33);
#10284=ORIENTED_EDGE('',*,*,#2393,.T.);
#10285=ORIENTED_EDGE('',*,*,#10273,.F.);
#10286=ORIENTED_EDGE('',*,*,#10233,.T.);
#10287=CARTESIAN_POINT('',(14.935,6.325652852,-0.3));
#10288=DIRECTION('',(-0.,-0.,-1.));
#10289=VECTOR('',#10288,0.7);
#10290=LINE('',#10287,#10289);
#10291=EDGE_CURVE('',#10219,#2387,#10290,.T.);
#10292=ORIENTED_EDGE('',*,*,#10291,.T.);
#10293=EDGE_LOOP('',(#10284,#10285,#10286,#10292));
#10294=FACE_BOUND('',#10293,.T.);
#10295=ADVANCED_FACE('',(#10294),#10283,.F.);
#10296=CARTESIAN_POINT('',(14.935,6.7,-1.8));
#10297=DIRECTION('',(-1.,-0.,0.));
#10298=DIRECTION('',(-0.,1.,-0.));
#10299=AXIS2_PLACEMENT_3D('',#10296,#10297,#10298);
#10300=PLANE('',#10299);
#10301=ORIENTED_EDGE('',*,*,#10224,.T.);
#10302=CARTESIAN_POINT('',(14.935,6.7,-1.));
#10303=DIRECTION('',(0.,0.,1.));
#10304=VECTOR('',#10303,0.7);
#10305=LINE('',#10302,#10304);
#10306=EDGE_CURVE('',#2396,#10211,#10305,.T.);
#10307=ORIENTED_EDGE('',*,*,#10306,.F.);
#10308=ORIENTED_EDGE('',*,*,#2401,.T.);
#10309=ORIENTED_EDGE('',*,*,#10291,.F.);
#10310=EDGE_LOOP('',(#10301,#10307,#10308,#10309));
#10311=FACE_BOUND('',#10310,.T.);
#10312=ADVANCED_FACE('',(#10311),#10300,.T.);
#10313=CARTESIAN_POINT('',(15.01,6.4,-0.3));
#10314=DIRECTION('',(1.,0.,-0.));
#10315=DIRECTION('',(0.,-1.,0.));
#10316=AXIS2_PLACEMENT_3D('',#10313,#10314,#10315);
#10317=PLANE('',#10316);
#10318=ORIENTED_EDGE('',*,*,#1593,.F.);
#10319=CARTESIAN_POINT('',(15.01,6.7,-0.3));
#10320=DIRECTION('',(0.,0.,1.));
#10321=VECTOR('',#10320,0.1);
#10322=LINE('',#10319,#10321);
#10323=EDGE_CURVE('NONE',#10203,#1580,#10322,.T.);
#10324=ORIENTED_EDGE('',*,*,#10323,.F.);
#10325=ORIENTED_EDGE('',*,*,#10208,.T.);
#10326=CARTESIAN_POINT('',(15.01,6.09,-0.2));
#10327=DIRECTION('',(-0.,-0.,-1.));
#10328=VECTOR('',#10327,0.1);
#10329=LINE('',#10326,#10328);
#10330=EDGE_CURVE('',#1588,#10194,#10329,.T.);
#10331=ORIENTED_EDGE('',*,*,#10330,.F.);
#10332=EDGE_LOOP('',(#10318,#10324,#10325,#10331));
#10333=FACE_BOUND('',#10332,.T.);
#10334=ADVANCED_FACE('NONE',(#10333),#10317,.F.);
#10335=CARTESIAN_POINT('',(14.62,6.09,-0.3));
#10336=DIRECTION('',(0.,0.,1.));
#10337=DIRECTION('',(-0.,1.,-0.));
#10338=AXIS2_PLACEMENT_3D('',#10335,#10336,#10337);
#10339=CYLINDRICAL_SURFACE('',#10338,0.39);
#10340=ORIENTED_EDGE('',*,*,#10200,.T.);
#10341=CARTESIAN_POINT('',(14.62,5.7,-0.3));
#10342=DIRECTION('',(0.,0.,1.));
#10343=VECTOR('',#10342,0.1);
#10344=LINE('',#10341,#10343);
#10345=EDGE_CURVE('',#10186,#1596,#10344,.T.);
#10346=ORIENTED_EDGE('',*,*,#10345,.T.);
#10347=ORIENTED_EDGE('',*,*,#1602,.T.);
#10348=ORIENTED_EDGE('',*,*,#10330,.T.);
#10349=EDGE_LOOP('',(#10340,#10346,#10347,#10348));
#10350=FACE_BOUND('',#10349,.T.);
#10351=ADVANCED_FACE('',(#10350),#10339,.F.);
#10352=CARTESIAN_POINT('',(7.71,5.7,-0.3));
#10353=DIRECTION('',(-0.,1.,-0.));
#10354=DIRECTION('',(1.,0.,-0.));
#10355=AXIS2_PLACEMENT_3D('',#10352,#10353,#10354);
#10356=PLANE('',#10355);
#10357=ORIENTED_EDGE('',*,*,#10191,.F.);
#10358=CARTESIAN_POINT('',(14.6,5.7,-0.2));
#10359=DIRECTION('',(-0.,-0.,-1.));
#10360=VECTOR('',#10359,0.1);
#10361=LINE('',#10358,#10360);
#10362=EDGE_CURVE('',#1605,#10177,#10361,.T.);
#10363=ORIENTED_EDGE('',*,*,#10362,.F.);
#10364=ORIENTED_EDGE('',*,*,#1610,.T.);
#10365=ORIENTED_EDGE('',*,*,#10345,.F.);
#10366=EDGE_LOOP('',(#10357,#10363,#10364,#10365));
#10367=FACE_BOUND('',#10366,.T.);
#10368=ADVANCED_FACE('',(#10367),#10356,.T.);
#10369=CARTESIAN_POINT('',(14.6,6.09,-0.3));
#10370=DIRECTION('',(0.,0.,1.));
#10371=DIRECTION('',(-0.,1.,-0.));
#10372=AXIS2_PLACEMENT_3D('',#10369,#10370,#10371);
#10373=CYLINDRICAL_SURFACE('',#10372,0.39);
#10374=ORIENTED_EDGE('',*,*,#10183,.T.);
#10375=CARTESIAN_POINT('',(14.21,6.09,-0.3));
#10376=DIRECTION('',(0.,0.,1.));
#10377=VECTOR('',#10376,0.1);
#10378=LINE('',#10375,#10377);
#10379=EDGE_CURVE('',#10169,#1613,#10378,.T.);
#10380=ORIENTED_EDGE('',*,*,#10379,.T.);
#10381=ORIENTED_EDGE('',*,*,#1619,.T.);
#10382=ORIENTED_EDGE('',*,*,#10362,.T.);
#10383=EDGE_LOOP('',(#10374,#10380,#10381,#10382));
#10384=FACE_BOUND('',#10383,.T.);
#10385=ADVANCED_FACE('',(#10384),#10373,.F.);
#10386=CARTESIAN_POINT('',(14.21,6.4,-0.3));
#10387=DIRECTION('',(-1.,-0.,0.));
#10388=DIRECTION('',(-0.,1.,-0.));
#10389=AXIS2_PLACEMENT_3D('',#10386,#10387,#10388);
#10390=PLANE('',#10389);
#10391=ORIENTED_EDGE('',*,*,#10174,.T.);
#10392=ORIENTED_EDGE('',*,*,#10134,.T.);
#10393=ORIENTED_EDGE('',*,*,#1627,.F.);
#10394=ORIENTED_EDGE('',*,*,#10379,.F.);
#10395=EDGE_LOOP('',(#10391,#10392,#10393,#10394));
#10396=FACE_BOUND('',#10395,.T.);
#10397=ADVANCED_FACE('NONE',(#10396),#10390,.F.);
#10398=CARTESIAN_POINT('',(-9.79,6.7,-1.));
#10399=DIRECTION('',(-0.,1.,-0.));
#10400=DIRECTION('',(1.,0.,-0.));
#10401=AXIS2_PLACEMENT_3D('',#10398,#10399,#10400);
#10402=PLANE('',#10401);
#10403=ORIENTED_EDGE('',*,*,#2409,.F.);
#10404=ORIENTED_EDGE('',*,*,#10306,.T.);
#10405=ORIENTED_EDGE('',*,*,#10216,.T.);
#10406=ORIENTED_EDGE('',*,*,#10323,.T.);
#10407=ORIENTED_EDGE('',*,*,#1585,.T.);
#10408=CARTESIAN_POINT('',(15.71,6.7,-0.3));
#10409=VERTEX_POINT('',#10408);
#10410=CARTESIAN_POINT('',(15.71,6.7,-0.3));
#10411=DIRECTION('',(0.,0.,1.));
#10412=VECTOR('',#10411,0.1);
#10413=LINE('',#10410,#10412);
#10414=EDGE_CURVE('NONE',#10409,#1572,#10413,.T.);
#10415=ORIENTED_EDGE('',*,*,#10414,.F.);
#10416=CARTESIAN_POINT('',(15.785,6.7,-0.3));
#10417=VERTEX_POINT('',#10416);
#10418=CARTESIAN_POINT('',(15.71,6.7,-0.3));
#10419=DIRECTION('',(1.,0.,-0.));
#10420=VECTOR('',#10419,0.075);
#10421=LINE('',#10418,#10420);
#10422=EDGE_CURVE('NONE',#10409,#10417,#10421,.T.);
#10423=ORIENTED_EDGE('',*,*,#10422,.T.);
#10424=CARTESIAN_POINT('',(15.785,6.7,-1.));
#10425=DIRECTION('',(0.,0.,1.));
#10426=VECTOR('',#10425,0.7);
#10427=LINE('',#10424,#10426);
#10428=EDGE_CURVE('',#2404,#10417,#10427,.T.);
#10429=ORIENTED_EDGE('',*,*,#10428,.F.);
#10430=EDGE_LOOP('',(#10403,#10404,#10405,#10406,#10407,#10415,#10423,#10429));
#10431=FACE_BOUND('',#10430,.T.);
#10432=ADVANCED_FACE('',(#10431),#10402,.T.);
#10433=OVER_RIDING_STYLED_ITEM('',(#1986),#10432,#89);
#10434=CARTESIAN_POINT('',(16.11,6.7,-0.3));
#10435=DIRECTION('',(0.,0.,1.));
#10436=DIRECTION('',(-0.,1.,-0.));
#10437=AXIS2_PLACEMENT_3D('',#10434,#10435,#10436);
#10438=PLANE('',#10437);
#10439=CARTESIAN_POINT('',(15.785,6.325652852,-0.3));
#10440=VERTEX_POINT('',#10439);
#10441=CARTESIAN_POINT('',(15.785,6.7,-0.3));
#10442=DIRECTION('',(0.,-1.,0.));
#10443=VECTOR('',#10442,0.374347148);
#10444=LINE('',#10441,#10443);
#10445=EDGE_CURVE('',#10417,#10440,#10444,.T.);
#10446=ORIENTED_EDGE('',*,*,#10445,.F.);
#10447=ORIENTED_EDGE('',*,*,#10422,.F.);
#10448=CARTESIAN_POINT('',(15.71,6.09,-0.3));
#10449=VERTEX_POINT('',#10448);
#10450=CARTESIAN_POINT('',(15.71,6.09,-0.3));
#10451=DIRECTION('',(-0.,1.,-0.));
#10452=VECTOR('',#10451,0.61);
#10453=LINE('',#10450,#10452);
#10454=EDGE_CURVE('',#10449,#10409,#10453,.T.);
#10455=ORIENTED_EDGE('',*,*,#10454,.F.);
#10456=CARTESIAN_POINT('',(16.1,5.7,-0.3));
#10457=VERTEX_POINT('',#10456);
#10458=CARTESIAN_POINT('',(16.1,6.09,-0.3));
#10459=DIRECTION('',(0.,-0.,-1.));
#10460=DIRECTION('',(-0.,1.,-0.));
#10461=AXIS2_PLACEMENT_3D('',#10458,#10459,#10460);
#10462=CIRCLE('',#10461,0.39);
#10463=EDGE_CURVE('',#10457,#10449,#10462,.T.);
#10464=ORIENTED_EDGE('',*,*,#10463,.F.);
#10465=CARTESIAN_POINT('',(16.12,5.7,-0.3));
#10466=VERTEX_POINT('',#10465);
#10467=CARTESIAN_POINT('',(16.1,5.7,-0.3));
#10468=DIRECTION('',(1.,0.,-0.));
#10469=VECTOR('',#10468,0.02);
#10470=LINE('',#10467,#10469);
#10471=EDGE_CURVE('',#10457,#10466,#10470,.T.);
#10472=ORIENTED_EDGE('',*,*,#10471,.T.);
#10473=CARTESIAN_POINT('',(16.51,6.09,-0.3));
#10474=VERTEX_POINT('',#10473);
#10475=CARTESIAN_POINT('',(16.12,6.09,-0.3));
#10476=DIRECTION('',(0.,-0.,-1.));
#10477=DIRECTION('',(-0.,1.,-0.));
#10478=AXIS2_PLACEMENT_3D('',#10475,#10476,#10477);
#10479=CIRCLE('',#10478,0.39);
#10480=EDGE_CURVE('',#10474,#10466,#10479,.T.);
#10481=ORIENTED_EDGE('',*,*,#10480,.F.);
#10482=CARTESIAN_POINT('',(16.51,6.7,-0.3));
#10483=VERTEX_POINT('',#10482);
#10484=CARTESIAN_POINT('',(16.51,6.7,-0.3));
#10485=DIRECTION('',(0.,-1.,0.));
#10486=VECTOR('',#10485,0.61);
#10487=LINE('',#10484,#10486);
#10488=EDGE_CURVE('NONE',#10483,#10474,#10487,.T.);
#10489=ORIENTED_EDGE('',*,*,#10488,.F.);
#10490=CARTESIAN_POINT('',(16.435,6.7,-0.3));
#10491=VERTEX_POINT('',#10490);
#10492=CARTESIAN_POINT('',(16.435,6.7,-0.3));
#10493=DIRECTION('',(1.,0.,-0.));
#10494=VECTOR('',#10493,0.075);
#10495=LINE('',#10492,#10494);
#10496=EDGE_CURVE('',#10491,#10483,#10495,.T.);
#10497=ORIENTED_EDGE('',*,*,#10496,.F.);
#10498=CARTESIAN_POINT('',(16.435,6.325652852,-0.3));
#10499=VERTEX_POINT('',#10498);
#10500=CARTESIAN_POINT('',(16.435,6.325652852,-0.3));
#10501=DIRECTION('',(-0.,1.,-0.));
#10502=VECTOR('',#10501,0.374347148);
#10503=LINE('',#10500,#10502);
#10504=EDGE_CURVE('',#10499,#10491,#10503,.T.);
#10505=ORIENTED_EDGE('',*,*,#10504,.F.);
#10506=CARTESIAN_POINT('',(16.11,5.995690733,-0.3));
#10507=VERTEX_POINT('',#10506);
#10508=CARTESIAN_POINT('',(16.105,6.325652852,-0.3));
#10509=DIRECTION('',(-0.,0.,1.));
#10510=DIRECTION('',(-0.,1.,-0.));
#10511=AXIS2_PLACEMENT_3D('',#10508,#10509,#10510);
#10512=CIRCLE('',#10511,0.33);
#10513=EDGE_CURVE('',#10507,#10499,#10512,.T.);
#10514=ORIENTED_EDGE('',*,*,#10513,.F.);
#10515=CARTESIAN_POINT('',(16.115,6.325652852,-0.3));
#10516=DIRECTION('',(-0.,0.,1.));
#10517=DIRECTION('',(-0.,1.,-0.));
#10518=AXIS2_PLACEMENT_3D('',#10515,#10516,#10517);
#10519=CIRCLE('',#10518,0.33);
#10520=EDGE_CURVE('',#10440,#10507,#10519,.T.);
#10521=ORIENTED_EDGE('',*,*,#10520,.F.);
#10522=EDGE_LOOP('',(#10446,#10447,#10455,#10464,#10472,#10481,#10489,#10497,#10505,#10514,#10521));
#10523=FACE_BOUND('',#10522,.T.);
#10524=ADVANCED_FACE('',(#10523),#10438,.T.);
#10525=CARTESIAN_POINT('',(15.785,6.7,-1.8));
#10526=DIRECTION('',(1.,0.,-0.));
#10527=DIRECTION('',(0.,-1.,0.));
#10528=AXIS2_PLACEMENT_3D('',#10525,#10526,#10527);
#10529=PLANE('',#10528);
#10530=ORIENTED_EDGE('',*,*,#2417,.T.);
#10531=ORIENTED_EDGE('',*,*,#10428,.T.);
#10532=ORIENTED_EDGE('',*,*,#10445,.T.);
#10533=CARTESIAN_POINT('',(15.785,6.325652852,-1.));
#10534=DIRECTION('',(0.,0.,1.));
#10535=VECTOR('',#10534,0.7);
#10536=LINE('',#10533,#10535);
#10537=EDGE_CURVE('',#2412,#10440,#10536,.T.);
#10538=ORIENTED_EDGE('',*,*,#10537,.F.);
#10539=EDGE_LOOP('',(#10530,#10531,#10532,#10538));
#10540=FACE_BOUND('',#10539,.T.);
#10541=ADVANCED_FACE('',(#10540),#10529,.T.);
#10542=CARTESIAN_POINT('',(16.115,6.325652852,-1.8));
#10543=DIRECTION('',(0.,-0.,-1.));
#10544=DIRECTION('',(0.,-1.,0.));
#10545=AXIS2_PLACEMENT_3D('',#10542,#10543,#10544);
#10546=CYLINDRICAL_SURFACE('',#10545,0.33);
#10547=ORIENTED_EDGE('',*,*,#10537,.T.);
#10548=ORIENTED_EDGE('',*,*,#10520,.T.);
#10549=CARTESIAN_POINT('',(16.11,5.995690733,-0.3));
#10550=DIRECTION('',(0.,-0.,-1.));
#10551=VECTOR('',#10550,0.7);
#10552=LINE('',#10549,#10551);
#10553=EDGE_CURVE('',#10507,#2420,#10552,.T.);
#10554=ORIENTED_EDGE('',*,*,#10553,.T.);
#10555=ORIENTED_EDGE('',*,*,#2426,.T.);
#10556=EDGE_LOOP('',(#10547,#10548,#10554,#10555));
#10557=FACE_BOUND('',#10556,.T.);
#10558=ADVANCED_FACE('',(#10557),#10546,.F.);
#10559=CARTESIAN_POINT('',(16.105,6.325652852,-1.8));
#10560=DIRECTION('',(0.,-0.,-1.));
#10561=DIRECTION('',(0.,-1.,0.));
#10562=AXIS2_PLACEMENT_3D('',#10559,#10560,#10561);
#10563=CYLINDRICAL_SURFACE('',#10562,0.33);
#10564=ORIENTED_EDGE('',*,*,#2435,.T.);
#10565=ORIENTED_EDGE('',*,*,#10553,.F.);
#10566=ORIENTED_EDGE('',*,*,#10513,.T.);
#10567=CARTESIAN_POINT('',(16.435,6.325652852,-0.3));
#10568=DIRECTION('',(-0.,-0.,-1.));
#10569=VECTOR('',#10568,0.7);
#10570=LINE('',#10567,#10569);
#10571=EDGE_CURVE('',#10499,#2429,#10570,.T.);
#10572=ORIENTED_EDGE('',*,*,#10571,.T.);
#10573=EDGE_LOOP('',(#10564,#10565,#10566,#10572));
#10574=FACE_BOUND('',#10573,.T.);
#10575=ADVANCED_FACE('',(#10574),#10563,.F.);
#10576=CARTESIAN_POINT('',(16.435,6.7,-1.8));
#10577=DIRECTION('',(-1.,-0.,0.));
#10578=DIRECTION('',(-0.,1.,-0.));
#10579=AXIS2_PLACEMENT_3D('',#10576,#10577,#10578);
#10580=PLANE('',#10579);
#10581=ORIENTED_EDGE('',*,*,#10504,.T.);
#10582=CARTESIAN_POINT('',(16.435,6.7,-1.));
#10583=DIRECTION('',(0.,0.,1.));
#10584=VECTOR('',#10583,0.7);
#10585=LINE('',#10582,#10584);
#10586=EDGE_CURVE('',#2438,#10491,#10585,.T.);
#10587=ORIENTED_EDGE('',*,*,#10586,.F.);
#10588=ORIENTED_EDGE('',*,*,#2443,.T.);
#10589=ORIENTED_EDGE('',*,*,#10571,.F.);
#10590=EDGE_LOOP('',(#10581,#10587,#10588,#10589));
#10591=FACE_BOUND('',#10590,.T.);
#10592=ADVANCED_FACE('',(#10591),#10580,.T.);
#10593=CARTESIAN_POINT('',(16.51,6.4,-0.3));
#10594=DIRECTION('',(1.,0.,-0.));
#10595=DIRECTION('',(0.,-1.,0.));
#10596=AXIS2_PLACEMENT_3D('',#10593,#10594,#10595);
#10597=PLANE('',#10596);
#10598=ORIENTED_EDGE('',*,*,#1543,.F.);
#10599=CARTESIAN_POINT('',(16.51,6.7,-0.3));
#10600=DIRECTION('',(0.,0.,1.));
#10601=VECTOR('',#10600,0.1);
#10602=LINE('',#10599,#10601);
#10603=EDGE_CURVE('NONE',#10483,#1530,#10602,.T.);
#10604=ORIENTED_EDGE('',*,*,#10603,.F.);
#10605=ORIENTED_EDGE('',*,*,#10488,.T.);
#10606=CARTESIAN_POINT('',(16.51,6.09,-0.2));
#10607=DIRECTION('',(-0.,-0.,-1.));
#10608=VECTOR('',#10607,0.1);
#10609=LINE('',#10606,#10608);
#10610=EDGE_CURVE('',#1538,#10474,#10609,.T.);
#10611=ORIENTED_EDGE('',*,*,#10610,.F.);
#10612=EDGE_LOOP('',(#10598,#10604,#10605,#10611));
#10613=FACE_BOUND('',#10612,.T.);
#10614=ADVANCED_FACE('NONE',(#10613),#10597,.F.);
#10615=CARTESIAN_POINT('',(16.12,6.09,-0.3));
#10616=DIRECTION('',(0.,0.,1.));
#10617=DIRECTION('',(-0.,1.,-0.));
#10618=AXIS2_PLACEMENT_3D('',#10615,#10616,#10617);
#10619=CYLINDRICAL_SURFACE('',#10618,0.39);
#10620=ORIENTED_EDGE('',*,*,#10480,.T.);
#10621=CARTESIAN_POINT('',(16.12,5.7,-0.3));
#10622=DIRECTION('',(0.,0.,1.));
#10623=VECTOR('',#10622,0.1);
#10624=LINE('',#10621,#10623);
#10625=EDGE_CURVE('',#10466,#1546,#10624,.T.);
#10626=ORIENTED_EDGE('',*,*,#10625,.T.);
#10627=ORIENTED_EDGE('',*,*,#1552,.T.);
#10628=ORIENTED_EDGE('',*,*,#10610,.T.);
#10629=EDGE_LOOP('',(#10620,#10626,#10627,#10628));
#10630=FACE_BOUND('',#10629,.T.);
#10631=ADVANCED_FACE('',(#10630),#10619,.F.);
#10632=CARTESIAN_POINT('',(9.21,5.7,-0.3));
#10633=DIRECTION('',(-0.,1.,-0.));
#10634=DIRECTION('',(1.,0.,-0.));
#10635=AXIS2_PLACEMENT_3D('',#10632,#10633,#10634);
#10636=PLANE('',#10635);
#10637=ORIENTED_EDGE('',*,*,#10471,.F.);
#10638=CARTESIAN_POINT('',(16.1,5.7,-0.2));
#10639=DIRECTION('',(-0.,-0.,-1.));
#10640=VECTOR('',#10639,0.1);
#10641=LINE('',#10638,#10640);
#10642=EDGE_CURVE('',#1555,#10457,#10641,.T.);
#10643=ORIENTED_EDGE('',*,*,#10642,.F.);
#10644=ORIENTED_EDGE('',*,*,#1560,.T.);
#10645=ORIENTED_EDGE('',*,*,#10625,.F.);
#10646=EDGE_LOOP('',(#10637,#10643,#10644,#10645));
#10647=FACE_BOUND('',#10646,.T.);
#10648=ADVANCED_FACE('',(#10647),#10636,.T.);
#10649=CARTESIAN_POINT('',(16.1,6.09,-0.3));
#10650=DIRECTION('',(0.,0.,1.));
#10651=DIRECTION('',(-0.,1.,-0.));
#10652=AXIS2_PLACEMENT_3D('',#10649,#10650,#10651);
#10653=CYLINDRICAL_SURFACE('',#10652,0.39);
#10654=ORIENTED_EDGE('',*,*,#10463,.T.);
#10655=CARTESIAN_POINT('',(15.71,6.09,-0.3));
#10656=DIRECTION('',(0.,0.,1.));
#10657=VECTOR('',#10656,0.1);
#10658=LINE('',#10655,#10657);
#10659=EDGE_CURVE('',#10449,#1563,#10658,.T.);
#10660=ORIENTED_EDGE('',*,*,#10659,.T.);
#10661=ORIENTED_EDGE('',*,*,#1569,.T.);
#10662=ORIENTED_EDGE('',*,*,#10642,.T.);
#10663=EDGE_LOOP('',(#10654,#10660,#10661,#10662));
#10664=FACE_BOUND('',#10663,.T.);
#10665=ADVANCED_FACE('',(#10664),#10653,.F.);
#10666=CARTESIAN_POINT('',(15.71,6.4,-0.3));
#10667=DIRECTION('',(-1.,-0.,0.));
#10668=DIRECTION('',(-0.,1.,-0.));
#10669=AXIS2_PLACEMENT_3D('',#10666,#10667,#10668);
#10670=PLANE('',#10669);
#10671=ORIENTED_EDGE('',*,*,#10454,.T.);
#10672=ORIENTED_EDGE('',*,*,#10414,.T.);
#10673=ORIENTED_EDGE('',*,*,#1577,.F.);
#10674=ORIENTED_EDGE('',*,*,#10659,.F.);
#10675=EDGE_LOOP('',(#10671,#10672,#10673,#10674));
#10676=FACE_BOUND('',#10675,.T.);
#10677=ADVANCED_FACE('NONE',(#10676),#10670,.F.);
#10678=CARTESIAN_POINT('',(-8.29,6.7,-1.));
#10679=DIRECTION('',(-0.,1.,-0.));
#10680=DIRECTION('',(1.,0.,-0.));
#10681=AXIS2_PLACEMENT_3D('',#10678,#10679,#10680);
#10682=PLANE('',#10681);
#10683=ORIENTED_EDGE('',*,*,#2451,.F.);
#10684=ORIENTED_EDGE('',*,*,#10586,.T.);
#10685=ORIENTED_EDGE('',*,*,#10496,.T.);
#10686=ORIENTED_EDGE('',*,*,#10603,.T.);
#10687=ORIENTED_EDGE('',*,*,#1535,.T.);
#10688=CARTESIAN_POINT('',(17.21,6.7,-0.3));
#10689=VERTEX_POINT('',#10688);
#10690=CARTESIAN_POINT('',(17.21,6.7,-0.3));
#10691=DIRECTION('',(0.,0.,1.));
#10692=VECTOR('',#10691,0.1);
#10693=LINE('',#10690,#10692);
#10694=EDGE_CURVE('NONE',#10689,#1522,#10693,.T.);
#10695=ORIENTED_EDGE('',*,*,#10694,.F.);
#10696=CARTESIAN_POINT('',(17.285,6.7,-0.3));
#10697=VERTEX_POINT('',#10696);
#10698=CARTESIAN_POINT('',(17.21,6.7,-0.3));
#10699=DIRECTION('',(1.,0.,-0.));
#10700=VECTOR('',#10699,0.075);
#10701=LINE('',#10698,#10700);
#10702=EDGE_CURVE('NONE',#10689,#10697,#10701,.T.);
#10703=ORIENTED_EDGE('',*,*,#10702,.T.);
#10704=CARTESIAN_POINT('',(17.285,6.7,-1.));
#10705=DIRECTION('',(0.,0.,1.));
#10706=VECTOR('',#10705,0.7);
#10707=LINE('',#10704,#10706);
#10708=EDGE_CURVE('',#2446,#10697,#10707,.T.);
#10709=ORIENTED_EDGE('',*,*,#10708,.F.);
#10710=EDGE_LOOP('',(#10683,#10684,#10685,#10686,#10687,#10695,#10703,#10709));
#10711=FACE_BOUND('',#10710,.T.);
#10712=ADVANCED_FACE('',(#10711),#10682,.T.);
#10713=OVER_RIDING_STYLED_ITEM('',(#1986),#10712,#89);
#10714=CARTESIAN_POINT('',(17.61,6.7,-0.3));
#10715=DIRECTION('',(0.,0.,1.));
#10716=DIRECTION('',(-0.,1.,-0.));
#10717=AXIS2_PLACEMENT_3D('',#10714,#10715,#10716);
#10718=PLANE('',#10717);
#10719=CARTESIAN_POINT('',(17.285,6.325652852,-0.3));
#10720=VERTEX_POINT('',#10719);
#10721=CARTESIAN_POINT('',(17.285,6.7,-0.3));
#10722=DIRECTION('',(0.,-1.,0.));
#10723=VECTOR('',#10722,0.374347148);
#10724=LINE('',#10721,#10723);
#10725=EDGE_CURVE('',#10697,#10720,#10724,.T.);
#10726=ORIENTED_EDGE('',*,*,#10725,.F.);
#10727=ORIENTED_EDGE('',*,*,#10702,.F.);
#10728=CARTESIAN_POINT('',(17.21,6.09,-0.3));
#10729=VERTEX_POINT('',#10728);
#10730=CARTESIAN_POINT('',(17.21,6.09,-0.3));
#10731=DIRECTION('',(-0.,1.,-0.));
#10732=VECTOR('',#10731,0.61);
#10733=LINE('',#10730,#10732);
#10734=EDGE_CURVE('',#10729,#10689,#10733,.T.);
#10735=ORIENTED_EDGE('',*,*,#10734,.F.);
#10736=CARTESIAN_POINT('',(17.6,5.7,-0.3));
#10737=VERTEX_POINT('',#10736);
#10738=CARTESIAN_POINT('',(17.6,6.09,-0.3));
#10739=DIRECTION('',(0.,-0.,-1.));
#10740=DIRECTION('',(-0.,1.,-0.));
#10741=AXIS2_PLACEMENT_3D('',#10738,#10739,#10740);
#10742=CIRCLE('',#10741,0.39);
#10743=EDGE_CURVE('',#10737,#10729,#10742,.T.);
#10744=ORIENTED_EDGE('',*,*,#10743,.F.);
#10745=CARTESIAN_POINT('',(17.62,5.7,-0.3));
#10746=VERTEX_POINT('',#10745);
#10747=CARTESIAN_POINT('',(17.6,5.7,-0.3));
#10748=DIRECTION('',(1.,0.,-0.));
#10749=VECTOR('',#10748,0.02);
#10750=LINE('',#10747,#10749);
#10751=EDGE_CURVE('',#10737,#10746,#10750,.T.);
#10752=ORIENTED_EDGE('',*,*,#10751,.T.);
#10753=CARTESIAN_POINT('',(18.01,6.09,-0.3));
#10754=VERTEX_POINT('',#10753);
#10755=CARTESIAN_POINT('',(17.62,6.09,-0.3));
#10756=DIRECTION('',(0.,-0.,-1.));
#10757=DIRECTION('',(-0.,1.,-0.));
#10758=AXIS2_PLACEMENT_3D('',#10755,#10756,#10757);
#10759=CIRCLE('',#10758,0.39);
#10760=EDGE_CURVE('',#10754,#10746,#10759,.T.);
#10761=ORIENTED_EDGE('',*,*,#10760,.F.);
#10762=CARTESIAN_POINT('',(18.01,6.7,-0.3));
#10763=DIRECTION('',(0.,-1.,0.));
#10764=VECTOR('',#10763,0.61);
#10765=LINE('',#10762,#10764);
#10766=EDGE_CURVE('NONE',#8470,#10754,#10765,.T.);
#10767=ORIENTED_EDGE('',*,*,#10766,.F.);
#10768=ORIENTED_EDGE('',*,*,#8475,.F.);
#10769=CARTESIAN_POINT('',(17.935,6.325652852,-0.3));
#10770=VERTEX_POINT('',#10769);
#10771=CARTESIAN_POINT('',(17.935,6.325652852,-0.3));
#10772=DIRECTION('',(-0.,1.,-0.));
#10773=VECTOR('',#10772,0.374347148);
#10774=LINE('',#10771,#10773);
#10775=EDGE_CURVE('',#10770,#8462,#10774,.T.);
#10776=ORIENTED_EDGE('',*,*,#10775,.F.);
#10777=CARTESIAN_POINT('',(17.61,5.995690733,-0.3));
#10778=VERTEX_POINT('',#10777);
#10779=CARTESIAN_POINT('',(17.605,6.325652852,-0.3));
#10780=DIRECTION('',(-0.,0.,1.));
#10781=DIRECTION('',(-0.,1.,-0.));
#10782=AXIS2_PLACEMENT_3D('',#10779,#10780,#10781);
#10783=CIRCLE('',#10782,0.33);
#10784=EDGE_CURVE('',#10778,#10770,#10783,.T.);
#10785=ORIENTED_EDGE('',*,*,#10784,.F.);
#10786=CARTESIAN_POINT('',(17.615,6.325652852,-0.3));
#10787=DIRECTION('',(-0.,0.,1.));
#10788=DIRECTION('',(-0.,1.,-0.));
#10789=AXIS2_PLACEMENT_3D('',#10786,#10787,#10788);
#10790=CIRCLE('',#10789,0.33);
#10791=EDGE_CURVE('',#10720,#10778,#10790,.T.);
#10792=ORIENTED_EDGE('',*,*,#10791,.F.);
#10793=EDGE_LOOP('',(#10726,#10727,#10735,#10744,#10752,#10761,#10767,#10768,#10776,#10785,#10792));
#10794=FACE_BOUND('',#10793,.T.);
#10795=ADVANCED_FACE('',(#10794),#10718,.T.);
#10796=CARTESIAN_POINT('',(17.285,6.7,-1.8));
#10797=DIRECTION('',(1.,0.,-0.));
#10798=DIRECTION('',(0.,-1.,0.));
#10799=AXIS2_PLACEMENT_3D('',#10796,#10797,#10798);
#10800=PLANE('',#10799);
#10801=ORIENTED_EDGE('',*,*,#2459,.T.);
#10802=ORIENTED_EDGE('',*,*,#10708,.T.);
#10803=ORIENTED_EDGE('',*,*,#10725,.T.);
#10804=CARTESIAN_POINT('',(17.285,6.325652852,-1.));
#10805=DIRECTION('',(0.,0.,1.));
#10806=VECTOR('',#10805,0.7);
#10807=LINE('',#10804,#10806);
#10808=EDGE_CURVE('',#2454,#10720,#10807,.T.);
#10809=ORIENTED_EDGE('',*,*,#10808,.F.);
#10810=EDGE_LOOP('',(#10801,#10802,#10803,#10809));
#10811=FACE_BOUND('',#10810,.T.);
#10812=ADVANCED_FACE('',(#10811),#10800,.T.);
#10813=CARTESIAN_POINT('',(17.615,6.325652852,-1.8));
#10814=DIRECTION('',(0.,-0.,-1.));
#10815=DIRECTION('',(0.,-1.,0.));
#10816=AXIS2_PLACEMENT_3D('',#10813,#10814,#10815);
#10817=CYLINDRICAL_SURFACE('',#10816,0.33);
#10818=ORIENTED_EDGE('',*,*,#10808,.T.);
#10819=ORIENTED_EDGE('',*,*,#10791,.T.);
#10820=CARTESIAN_POINT('',(17.61,5.995690733,-0.3));
#10821=DIRECTION('',(0.,-0.,-1.));
#10822=VECTOR('',#10821,0.7);
#10823=LINE('',#10820,#10822);
#10824=EDGE_CURVE('',#10778,#2462,#10823,.T.);
#10825=ORIENTED_EDGE('',*,*,#10824,.T.);
#10826=ORIENTED_EDGE('',*,*,#2468,.T.);
#10827=EDGE_LOOP('',(#10818,#10819,#10825,#10826));
#10828=FACE_BOUND('',#10827,.T.);
#10829=ADVANCED_FACE('',(#10828),#10817,.F.);
#10830=CARTESIAN_POINT('',(17.605,6.325652852,-1.8));
#10831=DIRECTION('',(0.,-0.,-1.));
#10832=DIRECTION('',(0.,-1.,0.));
#10833=AXIS2_PLACEMENT_3D('',#10830,#10831,#10832);
#10834=CYLINDRICAL_SURFACE('',#10833,0.33);
#10835=ORIENTED_EDGE('',*,*,#2477,.T.);
#10836=ORIENTED_EDGE('',*,*,#10824,.F.);
#10837=ORIENTED_EDGE('',*,*,#10784,.T.);
#10838=CARTESIAN_POINT('',(17.935,6.325652852,-0.3));
#10839=DIRECTION('',(-0.,-0.,-1.));
#10840=VECTOR('',#10839,0.7);
#10841=LINE('',#10838,#10840);
#10842=EDGE_CURVE('',#10770,#2471,#10841,.T.);
#10843=ORIENTED_EDGE('',*,*,#10842,.T.);
#10844=EDGE_LOOP('',(#10835,#10836,#10837,#10843));
#10845=FACE_BOUND('',#10844,.T.);
#10846=ADVANCED_FACE('',(#10845),#10834,.F.);
#10847=CARTESIAN_POINT('',(17.935,6.7,-1.8));
#10848=DIRECTION('',(-1.,-0.,0.));
#10849=DIRECTION('',(-0.,1.,-0.));
#10850=AXIS2_PLACEMENT_3D('',#10847,#10848,#10849);
#10851=PLANE('',#10850);
#10852=ORIENTED_EDGE('',*,*,#10775,.T.);
#10853=ORIENTED_EDGE('',*,*,#8467,.F.);
#10854=ORIENTED_EDGE('',*,*,#2485,.T.);
#10855=ORIENTED_EDGE('',*,*,#10842,.F.);
#10856=EDGE_LOOP('',(#10852,#10853,#10854,#10855));
#10857=FACE_BOUND('',#10856,.T.);
#10858=ADVANCED_FACE('',(#10857),#10851,.T.);
#10859=CARTESIAN_POINT('',(18.01,6.4,-0.3));
#10860=DIRECTION('',(1.,0.,-0.));
#10861=DIRECTION('',(0.,-1.,0.));
#10862=AXIS2_PLACEMENT_3D('',#10859,#10860,#10861);
#10863=PLANE('',#10862);
#10864=ORIENTED_EDGE('',*,*,#1493,.F.);
#10865=ORIENTED_EDGE('',*,*,#8481,.F.);
#10866=ORIENTED_EDGE('',*,*,#10766,.T.);
#10867=CARTESIAN_POINT('',(18.01,6.09,-0.2));
#10868=DIRECTION('',(-0.,-0.,-1.));
#10869=VECTOR('',#10868,0.1);
#10870=LINE('',#10867,#10869);
#10871=EDGE_CURVE('',#1488,#10754,#10870,.T.);
#10872=ORIENTED_EDGE('',*,*,#10871,.F.);
#10873=EDGE_LOOP('',(#10864,#10865,#10866,#10872));
#10874=FACE_BOUND('',#10873,.T.);
#10875=ADVANCED_FACE('NONE',(#10874),#10863,.F.);
#10876=CARTESIAN_POINT('',(17.62,6.09,-0.3));
#10877=DIRECTION('',(0.,0.,1.));
#10878=DIRECTION('',(-0.,1.,-0.));
#10879=AXIS2_PLACEMENT_3D('',#10876,#10877,#10878);
#10880=CYLINDRICAL_SURFACE('',#10879,0.39);
#10881=ORIENTED_EDGE('',*,*,#10760,.T.);
#10882=CARTESIAN_POINT('',(17.62,5.7,-0.3));
#10883=DIRECTION('',(0.,0.,1.));
#10884=VECTOR('',#10883,0.1);
#10885=LINE('',#10882,#10884);
#10886=EDGE_CURVE('',#10746,#1496,#10885,.T.);
#10887=ORIENTED_EDGE('',*,*,#10886,.T.);
#10888=ORIENTED_EDGE('',*,*,#1502,.T.);
#10889=ORIENTED_EDGE('',*,*,#10871,.T.);
#10890=EDGE_LOOP('',(#10881,#10887,#10888,#10889));
#10891=FACE_BOUND('',#10890,.T.);
#10892=ADVANCED_FACE('',(#10891),#10880,.F.);
#10893=CARTESIAN_POINT('',(10.71,5.7,-0.3));
#10894=DIRECTION('',(-0.,1.,-0.));
#10895=DIRECTION('',(1.,0.,-0.));
#10896=AXIS2_PLACEMENT_3D('',#10893,#10894,#10895);
#10897=PLANE('',#10896);
#10898=ORIENTED_EDGE('',*,*,#10751,.F.);
#10899=CARTESIAN_POINT('',(17.6,5.7,-0.2));
#10900=DIRECTION('',(-0.,-0.,-1.));
#10901=VECTOR('',#10900,0.1);
#10902=LINE('',#10899,#10901);
#10903=EDGE_CURVE('',#1505,#10737,#10902,.T.);
#10904=ORIENTED_EDGE('',*,*,#10903,.F.);
#10905=ORIENTED_EDGE('',*,*,#1510,.T.);
#10906=ORIENTED_EDGE('',*,*,#10886,.F.);
#10907=EDGE_LOOP('',(#10898,#10904,#10905,#10906));
#10908=FACE_BOUND('',#10907,.T.);
#10909=ADVANCED_FACE('',(#10908),#10897,.T.);
#10910=CARTESIAN_POINT('',(17.6,6.09,-0.3));
#10911=DIRECTION('',(0.,0.,1.));
#10912=DIRECTION('',(-0.,1.,-0.));
#10913=AXIS2_PLACEMENT_3D('',#10910,#10911,#10912);
#10914=CYLINDRICAL_SURFACE('',#10913,0.39);
#10915=ORIENTED_EDGE('',*,*,#10743,.T.);
#10916=CARTESIAN_POINT('',(17.21,6.09,-0.3));
#10917=DIRECTION('',(0.,0.,1.));
#10918=VECTOR('',#10917,0.1);
#10919=LINE('',#10916,#10918);
#10920=EDGE_CURVE('',#10729,#1513,#10919,.T.);
#10921=ORIENTED_EDGE('',*,*,#10920,.T.);
#10922=ORIENTED_EDGE('',*,*,#1519,.T.);
#10923=ORIENTED_EDGE('',*,*,#10903,.T.);
#10924=EDGE_LOOP('',(#10915,#10921,#10922,#10923));
#10925=FACE_BOUND('',#10924,.T.);
#10926=ADVANCED_FACE('',(#10925),#10914,.F.);
#10927=CARTESIAN_POINT('',(17.21,6.4,-0.3));
#10928=DIRECTION('',(-1.,-0.,0.));
#10929=DIRECTION('',(-0.,1.,-0.));
#10930=AXIS2_PLACEMENT_3D('',#10927,#10928,#10929);
#10931=PLANE('',#10930);
#10932=ORIENTED_EDGE('',*,*,#10734,.T.);
#10933=ORIENTED_EDGE('',*,*,#10694,.T.);
#10934=ORIENTED_EDGE('',*,*,#1527,.F.);
#10935=ORIENTED_EDGE('',*,*,#10920,.F.);
#10936=EDGE_LOOP('',(#10932,#10933,#10934,#10935));
#10937=FACE_BOUND('',#10936,.T.);
#10938=ADVANCED_FACE('NONE',(#10937),#10931,.F.);
#10939=CARTESIAN_POINT('',(8.61,-6.3,-0.3));
#10940=DIRECTION('',(0.,0.,1.));
#10941=DIRECTION('',(0.,-1.,0.));
#10942=AXIS2_PLACEMENT_3D('',#10939,#10940,#10941);
#10943=PLANE('',#10942);
#10944=CARTESIAN_POINT('',(8.285,-5.925652852,-0.3));
#10945=VERTEX_POINT('',#10944);
#10946=CARTESIAN_POINT('',(8.285,-6.3,-0.3));
#10947=DIRECTION('',(0.,1.,-0.));
#10948=VECTOR('',#10947,0.374347148);
#10949=LINE('',#10946,#10948);
#10950=EDGE_CURVE('',#7881,#10945,#10949,.T.);
#10951=ORIENTED_EDGE('',*,*,#10950,.T.);
#10952=CARTESIAN_POINT('',(8.61,-5.595690733,-0.3));
#10953=VERTEX_POINT('',#10952);
#10954=CARTESIAN_POINT('',(8.615,-5.925652852,-0.3));
#10955=DIRECTION('',(-0.,-0.,-1.));
#10956=DIRECTION('',(0.,-1.,0.));
#10957=AXIS2_PLACEMENT_3D('',#10954,#10955,#10956);
#10958=CIRCLE('',#10957,0.33);
#10959=EDGE_CURVE('',#10945,#10953,#10958,.T.);
#10960=ORIENTED_EDGE('',*,*,#10959,.T.);
#10961=CARTESIAN_POINT('',(8.935,-5.925652852,-0.3));
#10962=VERTEX_POINT('',#10961);
#10963=CARTESIAN_POINT('',(8.605,-5.925652852,-0.3));
#10964=DIRECTION('',(-0.,-0.,-1.));
#10965=DIRECTION('',(0.,-1.,0.));
#10966=AXIS2_PLACEMENT_3D('',#10963,#10964,#10965);
#10967=CIRCLE('',#10966,0.33);
#10968=EDGE_CURVE('',#10953,#10962,#10967,.T.);
#10969=ORIENTED_EDGE('',*,*,#10968,.T.);
#10970=CARTESIAN_POINT('',(8.935,-6.3,-0.3));
#10971=VERTEX_POINT('',#10970);
#10972=CARTESIAN_POINT('',(8.935,-5.925652852,-0.3));
#10973=DIRECTION('',(-0.,-1.,0.));
#10974=VECTOR('',#10973,0.374347148);
#10975=LINE('',#10972,#10974);
#10976=EDGE_CURVE('',#10962,#10971,#10975,.T.);
#10977=ORIENTED_EDGE('',*,*,#10976,.T.);
#10978=CARTESIAN_POINT('',(9.01,-6.3,-0.3));
#10979=VERTEX_POINT('',#10978);
#10980=CARTESIAN_POINT('',(8.935,-6.3,-0.3));
#10981=DIRECTION('',(1.,0.,-0.));
#10982=VECTOR('',#10981,0.075);
#10983=LINE('',#10980,#10982);
#10984=EDGE_CURVE('',#10971,#10979,#10983,.T.);
#10985=ORIENTED_EDGE('',*,*,#10984,.T.);
#10986=CARTESIAN_POINT('',(9.01,-5.69,-0.3));
#10987=VERTEX_POINT('',#10986);
#10988=CARTESIAN_POINT('',(9.01,-6.3,-0.3));
#10989=DIRECTION('',(-0.,1.,-0.));
#10990=VECTOR('',#10989,0.61);
#10991=LINE('',#10988,#10990);
#10992=EDGE_CURVE('NONE',#10979,#10987,#10991,.T.);
#10993=ORIENTED_EDGE('',*,*,#10992,.T.);
#10994=CARTESIAN_POINT('',(8.62,-5.3,-0.3));
#10995=VERTEX_POINT('',#10994);
#10996=CARTESIAN_POINT('',(8.62,-5.69,-0.3));
#10997=DIRECTION('',(0.,0.,1.));
#10998=DIRECTION('',(0.,-1.,0.));
#10999=AXIS2_PLACEMENT_3D('',#10996,#10997,#10998);
#11000=CIRCLE('',#10999,0.39);
#11001=EDGE_CURVE('',#10987,#10995,#11000,.T.);
#11002=ORIENTED_EDGE('',*,*,#11001,.T.);
#11003=CARTESIAN_POINT('',(8.6,-5.3,-0.3));
#11004=VERTEX_POINT('',#11003);
#11005=CARTESIAN_POINT('',(8.6,-5.3,-0.3));
#11006=DIRECTION('',(1.,-0.,0.));
#11007=VECTOR('',#11006,0.02);
#11008=LINE('',#11005,#11007);
#11009=EDGE_CURVE('',#11004,#10995,#11008,.T.);
#11010=ORIENTED_EDGE('',*,*,#11009,.F.);
#11011=CARTESIAN_POINT('',(8.21,-5.69,-0.3));
#11012=VERTEX_POINT('',#11011);
#11013=CARTESIAN_POINT('',(8.6,-5.69,-0.3));
#11014=DIRECTION('',(0.,0.,1.));
#11015=DIRECTION('',(0.,-1.,0.));
#11016=AXIS2_PLACEMENT_3D('',#11013,#11014,#11015);
#11017=CIRCLE('',#11016,0.39);
#11018=EDGE_CURVE('',#11004,#11012,#11017,.T.);
#11019=ORIENTED_EDGE('',*,*,#11018,.T.);
#11020=CARTESIAN_POINT('',(8.21,-5.69,-0.3));
#11021=DIRECTION('',(0.,-1.,0.));
#11022=VECTOR('',#11021,0.61);
#11023=LINE('',#11020,#11022);
#11024=EDGE_CURVE('',#11012,#7889,#11023,.T.);
#11025=ORIENTED_EDGE('',*,*,#11024,.T.);
#11026=ORIENTED_EDGE('',*,*,#7894,.T.);
#11027=EDGE_LOOP('',(#10951,#10960,#10969,#10977,#10985,#10993,#11002,#11010,#11019,#11025,#11026));
#11028=FACE_BOUND('',#11027,.T.);
#11029=ADVANCED_FACE('',(#11028),#10943,.T.);
#11030=CARTESIAN_POINT('',(8.285,-6.3,-1.8));
#11031=DIRECTION('',(1.,-0.,0.));
#11032=DIRECTION('',(0.,1.,0.));
#11033=AXIS2_PLACEMENT_3D('',#11030,#11031,#11032);
#11034=PLANE('',#11033);
#11035=ORIENTED_EDGE('',*,*,#3310,.F.);
#11036=CARTESIAN_POINT('',(8.285,-5.925652852,-1.));
#11037=DIRECTION('',(0.,0.,1.));
#11038=VECTOR('',#11037,0.7);
#11039=LINE('',#11036,#11038);
#11040=EDGE_CURVE('',#3296,#10945,#11039,.T.);
#11041=ORIENTED_EDGE('',*,*,#11040,.T.);
#11042=ORIENTED_EDGE('',*,*,#10950,.F.);
#11043=ORIENTED_EDGE('',*,*,#7886,.F.);
#11044=EDGE_LOOP('',(#11035,#11041,#11042,#11043));
#11045=FACE_BOUND('',#11044,.T.);
#11046=ADVANCED_FACE('',(#11045),#11034,.T.);
#11047=CARTESIAN_POINT('',(8.615,-5.925652852,-1.8));
#11048=DIRECTION('',(0.,-0.,-1.));
#11049=DIRECTION('',(0.,1.,-0.));
#11050=AXIS2_PLACEMENT_3D('',#11047,#11048,#11049);
#11051=CYLINDRICAL_SURFACE('',#11050,0.33);
#11052=ORIENTED_EDGE('',*,*,#11040,.F.);
#11053=ORIENTED_EDGE('',*,*,#3302,.F.);
#11054=CARTESIAN_POINT('',(8.61,-5.595690733,-0.3));
#11055=DIRECTION('',(0.,-0.,-1.));
#11056=VECTOR('',#11055,0.7);
#11057=LINE('',#11054,#11056);
#11058=EDGE_CURVE('',#10953,#3287,#11057,.T.);
#11059=ORIENTED_EDGE('',*,*,#11058,.F.);
#11060=ORIENTED_EDGE('',*,*,#10959,.F.);
#11061=EDGE_LOOP('',(#11052,#11053,#11059,#11060));
#11062=FACE_BOUND('',#11061,.T.);
#11063=ADVANCED_FACE('',(#11062),#11051,.F.);
#11064=CARTESIAN_POINT('',(8.605,-5.925652852,-1.8));
#11065=DIRECTION('',(-0.,-0.,-1.));
#11066=DIRECTION('',(0.,1.,-0.));
#11067=AXIS2_PLACEMENT_3D('',#11064,#11065,#11066);
#11068=CYLINDRICAL_SURFACE('',#11067,0.33);
#11069=ORIENTED_EDGE('',*,*,#3293,.F.);
#11070=CARTESIAN_POINT('',(8.935,-5.925652852,-0.3));
#11071=DIRECTION('',(-0.,-0.,-1.));
#11072=VECTOR('',#11071,0.7);
#11073=LINE('',#11070,#11072);
#11074=EDGE_CURVE('',#10962,#3279,#11073,.T.);
#11075=ORIENTED_EDGE('',*,*,#11074,.F.);
#11076=ORIENTED_EDGE('',*,*,#10968,.F.);
#11077=ORIENTED_EDGE('',*,*,#11058,.T.);
#11078=EDGE_LOOP('',(#11069,#11075,#11076,#11077));
#11079=FACE_BOUND('',#11078,.T.);
#11080=ADVANCED_FACE('',(#11079),#11068,.F.);
#11081=CARTESIAN_POINT('',(8.935,-6.3,-1.8));
#11082=DIRECTION('',(-1.,0.,-0.));
#11083=DIRECTION('',(-0.,-1.,0.));
#11084=AXIS2_PLACEMENT_3D('',#11081,#11082,#11083);
#11085=PLANE('',#11084);
#11086=ORIENTED_EDGE('',*,*,#10976,.F.);
#11087=ORIENTED_EDGE('',*,*,#11074,.T.);
#11088=ORIENTED_EDGE('',*,*,#3284,.F.);
#11089=CARTESIAN_POINT('',(8.935,-6.3,-1.));
#11090=DIRECTION('',(0.,0.,1.));
#11091=VECTOR('',#11090,0.7);
#11092=LINE('',#11089,#11091);
#11093=EDGE_CURVE('',#3271,#10971,#11092,.T.);
#11094=ORIENTED_EDGE('',*,*,#11093,.T.);
#11095=EDGE_LOOP('',(#11086,#11087,#11088,#11094));
#11096=FACE_BOUND('',#11095,.T.);
#11097=ADVANCED_FACE('',(#11096),#11085,.T.);
#11098=CARTESIAN_POINT('',(9.01,-6.,-0.3));
#11099=DIRECTION('',(1.,0.,-0.));
#11100=DIRECTION('',(-0.,1.,-0.));
#11101=AXIS2_PLACEMENT_3D('',#11098,#11099,#11100);
#11102=PLANE('',#11101);
#11103=ORIENTED_EDGE('',*,*,#245,.T.);
#11104=CARTESIAN_POINT('',(9.01,-5.69,-0.2));
#11105=DIRECTION('',(-0.,-0.,-1.));
#11106=VECTOR('',#11105,0.1);
#11107=LINE('',#11104,#11106);
#11108=EDGE_CURVE('',#231,#10987,#11107,.T.);
#11109=ORIENTED_EDGE('',*,*,#11108,.T.);
#11110=ORIENTED_EDGE('',*,*,#10992,.F.);
#11111=CARTESIAN_POINT('',(9.01,-6.3,-0.3));
#11112=DIRECTION('',(0.,0.,1.));
#11113=VECTOR('',#11112,0.1);
#11114=LINE('',#11111,#11113);
#11115=EDGE_CURVE('NONE',#10979,#240,#11114,.T.);
#11116=ORIENTED_EDGE('',*,*,#11115,.T.);
#11117=EDGE_LOOP('',(#11103,#11109,#11110,#11116));
#11118=FACE_BOUND('',#11117,.T.);
#11119=ADVANCED_FACE('NONE',(#11118),#11102,.F.);
#11120=CARTESIAN_POINT('',(8.62,-5.69,-0.3));
#11121=DIRECTION('',(0.,0.,1.));
#11122=DIRECTION('',(0.,-1.,0.));
#11123=AXIS2_PLACEMENT_3D('',#11120,#11121,#11122);
#11124=CYLINDRICAL_SURFACE('',#11123,0.39);
#11125=ORIENTED_EDGE('',*,*,#11001,.F.);
#11126=ORIENTED_EDGE('',*,*,#11108,.F.);
#11127=ORIENTED_EDGE('',*,*,#237,.F.);
#11128=CARTESIAN_POINT('',(8.62,-5.3,-0.3));
#11129=DIRECTION('',(0.,0.,1.));
#11130=VECTOR('',#11129,0.1);
#11131=LINE('',#11128,#11130);
#11132=EDGE_CURVE('',#10995,#223,#11131,.T.);
#11133=ORIENTED_EDGE('',*,*,#11132,.F.);
#11134=EDGE_LOOP('',(#11125,#11126,#11127,#11133));
#11135=FACE_BOUND('',#11134,.T.);
#11136=ADVANCED_FACE('',(#11135),#11124,.F.);
#11137=CARTESIAN_POINT('',(1.71,-5.3,-0.3));
#11138=DIRECTION('',(-0.,-1.,0.));
#11139=DIRECTION('',(1.,-0.,0.));
#11140=AXIS2_PLACEMENT_3D('',#11137,#11138,#11139);
#11141=PLANE('',#11140);
#11142=ORIENTED_EDGE('',*,*,#11009,.T.);
#11143=ORIENTED_EDGE('',*,*,#11132,.T.);
#11144=ORIENTED_EDGE('',*,*,#228,.F.);
#11145=CARTESIAN_POINT('',(8.6,-5.3,-0.2));
#11146=DIRECTION('',(-0.,-0.,-1.));
#11147=VECTOR('',#11146,0.1);
#11148=LINE('',#11145,#11147);
#11149=EDGE_CURVE('',#214,#11004,#11148,.T.);
#11150=ORIENTED_EDGE('',*,*,#11149,.T.);
#11151=EDGE_LOOP('',(#11142,#11143,#11144,#11150));
#11152=FACE_BOUND('',#11151,.T.);
#11153=ADVANCED_FACE('',(#11152),#11141,.T.);
#11154=CARTESIAN_POINT('',(8.6,-5.69,-0.3));
#11155=DIRECTION('',(0.,0.,1.));
#11156=DIRECTION('',(0.,-1.,0.));
#11157=AXIS2_PLACEMENT_3D('',#11154,#11155,#11156);
#11158=CYLINDRICAL_SURFACE('',#11157,0.39);
#11159=ORIENTED_EDGE('',*,*,#11018,.F.);
#11160=ORIENTED_EDGE('',*,*,#11149,.F.);
#11161=ORIENTED_EDGE('',*,*,#220,.F.);
#11162=CARTESIAN_POINT('',(8.21,-5.69,-0.3));
#11163=DIRECTION('',(0.,0.,1.));
#11164=VECTOR('',#11163,0.1);
#11165=LINE('',#11162,#11164);
#11166=EDGE_CURVE('',#11012,#206,#11165,.T.);
#11167=ORIENTED_EDGE('',*,*,#11166,.F.);
#11168=EDGE_LOOP('',(#11159,#11160,#11161,#11167));
#11169=FACE_BOUND('',#11168,.T.);
#11170=ADVANCED_FACE('',(#11169),#11158,.F.);
#11171=CARTESIAN_POINT('',(8.21,-6.,-0.3));
#11172=DIRECTION('',(-1.,0.,0.));
#11173=DIRECTION('',(0.,-1.,0.));
#11174=AXIS2_PLACEMENT_3D('',#11171,#11172,#11173);
#11175=PLANE('',#11174);
#11176=ORIENTED_EDGE('',*,*,#11024,.F.);
#11177=ORIENTED_EDGE('',*,*,#11166,.T.);
#11178=ORIENTED_EDGE('',*,*,#211,.T.);
#11179=ORIENTED_EDGE('',*,*,#7900,.F.);
#11180=EDGE_LOOP('',(#11176,#11177,#11178,#11179));
#11181=FACE_BOUND('',#11180,.T.);
#11182=ADVANCED_FACE('NONE',(#11181),#11175,.F.);
#11183=CARTESIAN_POINT('',(-15.79,-6.3,-1.));
#11184=DIRECTION('',(0.,-1.,0.));
#11185=DIRECTION('',(1.,0.,0.));
#11186=AXIS2_PLACEMENT_3D('',#11183,#11184,#11185);
#11187=PLANE('',#11186);
#11188=ORIENTED_EDGE('',*,*,#3276,.T.);
#11189=CARTESIAN_POINT('',(9.785,-6.3,-0.3));
#11190=VERTEX_POINT('',#11189);
#11191=CARTESIAN_POINT('',(9.785,-6.3,-1.));
#11192=DIRECTION('',(0.,0.,1.));
#11193=VECTOR('',#11192,0.7);
#11194=LINE('',#11191,#11193);
#11195=EDGE_CURVE('',#3263,#11190,#11194,.T.);
#11196=ORIENTED_EDGE('',*,*,#11195,.T.);
#11197=CARTESIAN_POINT('',(9.71,-6.3,-0.3));
#11198=VERTEX_POINT('',#11197);
#11199=CARTESIAN_POINT('',(9.71,-6.3,-0.3));
#11200=DIRECTION('',(1.,0.,-0.));
#11201=VECTOR('',#11200,0.075);
#11202=LINE('',#11199,#11201);
#11203=EDGE_CURVE('NONE',#11198,#11190,#11202,.T.);
#11204=ORIENTED_EDGE('',*,*,#11203,.F.);
#11205=CARTESIAN_POINT('',(9.71,-6.3,-0.3));
#11206=DIRECTION('',(0.,0.,1.));
#11207=VECTOR('',#11206,0.1);
#11208=LINE('',#11205,#11207);
#11209=EDGE_CURVE('NONE',#11198,#248,#11208,.T.);
#11210=ORIENTED_EDGE('',*,*,#11209,.T.);
#11211=ORIENTED_EDGE('',*,*,#253,.F.);
#11212=ORIENTED_EDGE('',*,*,#11115,.F.);
#11213=ORIENTED_EDGE('',*,*,#10984,.F.);
#11214=ORIENTED_EDGE('',*,*,#11093,.F.);
#11215=EDGE_LOOP('',(#11188,#11196,#11204,#11210,#11211,#11212,#11213,#11214));
#11216=FACE_BOUND('',#11215,.T.);
#11217=ADVANCED_FACE('',(#11216),#11187,.T.);
#11218=OVER_RIDING_STYLED_ITEM('',(#1986),#11217,#89);
#11219=CARTESIAN_POINT('',(25.11,6.7,-0.3));
#11220=DIRECTION('',(0.,0.,1.));
#11221=DIRECTION('',(-0.,1.,-0.));
#11222=AXIS2_PLACEMENT_3D('',#11219,#11220,#11221);
#11223=PLANE('',#11222);
#11224=CARTESIAN_POINT('',(24.785,6.325652852,-0.3));
#11225=VERTEX_POINT('',#11224);
#11226=CARTESIAN_POINT('',(24.785,6.7,-0.3));
#11227=DIRECTION('',(0.,-1.,0.));
#11228=VECTOR('',#11227,0.374347148);
#11229=LINE('',#11226,#11228);
#11230=EDGE_CURVE('',#7558,#11225,#11229,.T.);
#11231=ORIENTED_EDGE('',*,*,#11230,.F.);
#11232=ORIENTED_EDGE('',*,*,#7563,.F.);
#11233=CARTESIAN_POINT('',(24.71,6.09,-0.3));
#11234=VERTEX_POINT('',#11233);
#11235=CARTESIAN_POINT('',(24.71,6.09,-0.3));
#11236=DIRECTION('',(-0.,1.,-0.));
#11237=VECTOR('',#11236,0.61);
#11238=LINE('',#11235,#11237);
#11239=EDGE_CURVE('',#11234,#7550,#11238,.T.);
#11240=ORIENTED_EDGE('',*,*,#11239,.F.);
#11241=CARTESIAN_POINT('',(25.1,5.7,-0.3));
#11242=VERTEX_POINT('',#11241);
#11243=CARTESIAN_POINT('',(25.1,6.09,-0.3));
#11244=DIRECTION('',(0.,-0.,-1.));
#11245=DIRECTION('',(-0.,1.,-0.));
#11246=AXIS2_PLACEMENT_3D('',#11243,#11244,#11245);
#11247=CIRCLE('',#11246,0.39);
#11248=EDGE_CURVE('',#11242,#11234,#11247,.T.);
#11249=ORIENTED_EDGE('',*,*,#11248,.F.);
#11250=CARTESIAN_POINT('',(25.12,5.7,-0.3));
#11251=VERTEX_POINT('',#11250);
#11252=CARTESIAN_POINT('',(25.1,5.7,-0.3));
#11253=DIRECTION('',(1.,0.,-0.));
#11254=VECTOR('',#11253,0.02);
#11255=LINE('',#11252,#11254);
#11256=EDGE_CURVE('',#11242,#11251,#11255,.T.);
#11257=ORIENTED_EDGE('',*,*,#11256,.T.);
#11258=CARTESIAN_POINT('',(25.51,6.09,-0.3));
#11259=VERTEX_POINT('',#11258);
#11260=CARTESIAN_POINT('',(25.12,6.09,-0.3));
#11261=DIRECTION('',(0.,-0.,-1.));
#11262=DIRECTION('',(-0.,1.,-0.));
#11263=AXIS2_PLACEMENT_3D('',#11260,#11261,#11262);
#11264=CIRCLE('',#11263,0.39);
#11265=EDGE_CURVE('',#11259,#11251,#11264,.T.);
#11266=ORIENTED_EDGE('',*,*,#11265,.F.);
#11267=CARTESIAN_POINT('',(25.51,6.7,-0.3));
#11268=DIRECTION('',(0.,-1.,0.));
#11269=VECTOR('',#11268,0.61);
#11270=LINE('',#11267,#11269);
#11271=EDGE_CURVE('NONE',#3401,#11259,#11270,.T.);
#11272=ORIENTED_EDGE('',*,*,#11271,.F.);
#11273=ORIENTED_EDGE('',*,*,#3406,.F.);
#11274=CARTESIAN_POINT('',(25.435,6.325652852,-0.3));
#11275=VERTEX_POINT('',#11274);
#11276=CARTESIAN_POINT('',(25.435,6.325652852,-0.3));
#11277=DIRECTION('',(-0.,1.,-0.));
#11278=VECTOR('',#11277,0.374347148);
#11279=LINE('',#11276,#11278);
#11280=EDGE_CURVE('',#11275,#3393,#11279,.T.);
#11281=ORIENTED_EDGE('',*,*,#11280,.F.);
#11282=CARTESIAN_POINT('',(25.11,5.995690733,-0.3));
#11283=VERTEX_POINT('',#11282);
#11284=CARTESIAN_POINT('',(25.105,6.325652852,-0.3));
#11285=DIRECTION('',(-0.,0.,1.));
#11286=DIRECTION('',(-0.,1.,-0.));
#11287=AXIS2_PLACEMENT_3D('',#11284,#11285,#11286);
#11288=CIRCLE('',#11287,0.33);
#11289=EDGE_CURVE('',#11283,#11275,#11288,.T.);
#11290=ORIENTED_EDGE('',*,*,#11289,.F.);
#11291=CARTESIAN_POINT('',(25.115,6.325652852,-0.3));
#11292=DIRECTION('',(-0.,0.,1.));
#11293=DIRECTION('',(-0.,1.,-0.));
#11294=AXIS2_PLACEMENT_3D('',#11291,#11292,#11293);
#11295=CIRCLE('',#11294,0.33);
#11296=EDGE_CURVE('',#11225,#11283,#11295,.T.);
#11297=ORIENTED_EDGE('',*,*,#11296,.F.);
#11298=EDGE_LOOP('',(#11231,#11232,#11240,#11249,#11257,#11266,#11272,#11273,#11281,#11290,#11297));
#11299=FACE_BOUND('',#11298,.T.);
#11300=ADVANCED_FACE('',(#11299),#11223,.T.);
#11301=CARTESIAN_POINT('',(24.785,6.7,-1.8));
#11302=DIRECTION('',(1.,0.,-0.));
#11303=DIRECTION('',(0.,-1.,0.));
#11304=AXIS2_PLACEMENT_3D('',#11301,#11302,#11303);
#11305=PLANE('',#11304);
#11306=ORIENTED_EDGE('',*,*,#2660,.T.);
#11307=ORIENTED_EDGE('',*,*,#7569,.T.);
#11308=ORIENTED_EDGE('',*,*,#11230,.T.);
#11309=CARTESIAN_POINT('',(24.785,6.325652852,-1.));
#11310=DIRECTION('',(0.,0.,1.));
#11311=VECTOR('',#11310,0.7);
#11312=LINE('',#11309,#11311);
#11313=EDGE_CURVE('',#2655,#11225,#11312,.T.);
#11314=ORIENTED_EDGE('',*,*,#11313,.F.);
#11315=EDGE_LOOP('',(#11306,#11307,#11308,#11314));
#11316=FACE_BOUND('',#11315,.T.);
#11317=ADVANCED_FACE('',(#11316),#11305,.T.);
#11318=CARTESIAN_POINT('',(25.115,6.325652852,-1.8));
#11319=DIRECTION('',(0.,-0.,-1.));
#11320=DIRECTION('',(0.,-1.,0.));
#11321=AXIS2_PLACEMENT_3D('',#11318,#11319,#11320);
#11322=CYLINDRICAL_SURFACE('',#11321,0.33);
#11323=ORIENTED_EDGE('',*,*,#11313,.T.);
#11324=ORIENTED_EDGE('',*,*,#11296,.T.);
#11325=CARTESIAN_POINT('',(25.11,5.995690733,-0.3));
#11326=DIRECTION('',(0.,-0.,-1.));
#11327=VECTOR('',#11326,0.7);
#11328=LINE('',#11325,#11327);
#11329=EDGE_CURVE('',#11283,#2663,#11328,.T.);
#11330=ORIENTED_EDGE('',*,*,#11329,.T.);
#11331=ORIENTED_EDGE('',*,*,#2669,.T.);
#11332=EDGE_LOOP('',(#11323,#11324,#11330,#11331));
#11333=FACE_BOUND('',#11332,.T.);
#11334=ADVANCED_FACE('',(#11333),#11322,.F.);
#11335=CARTESIAN_POINT('',(25.105,6.325652852,-1.8));
#11336=DIRECTION('',(0.,-0.,-1.));
#11337=DIRECTION('',(0.,-1.,0.));
#11338=AXIS2_PLACEMENT_3D('',#11335,#11336,#11337);
#11339=CYLINDRICAL_SURFACE('',#11338,0.33);
#11340=ORIENTED_EDGE('',*,*,#2678,.T.);
#11341=ORIENTED_EDGE('',*,*,#11329,.F.);
#11342=ORIENTED_EDGE('',*,*,#11289,.T.);
#11343=CARTESIAN_POINT('',(25.435,6.325652852,-0.3));
#11344=DIRECTION('',(-0.,-0.,-1.));
#11345=VECTOR('',#11344,0.7);
#11346=LINE('',#11343,#11345);
#11347=EDGE_CURVE('',#11275,#2672,#11346,.T.);
#11348=ORIENTED_EDGE('',*,*,#11347,.T.);
#11349=EDGE_LOOP('',(#11340,#11341,#11342,#11348));
#11350=FACE_BOUND('',#11349,.T.);
#11351=ADVANCED_FACE('',(#11350),#11339,.F.);
#11352=CARTESIAN_POINT('',(25.435,6.7,-1.8));
#11353=DIRECTION('',(-1.,-0.,0.));
#11354=DIRECTION('',(-0.,1.,-0.));
#11355=AXIS2_PLACEMENT_3D('',#11352,#11353,#11354);
#11356=PLANE('',#11355);
#11357=ORIENTED_EDGE('',*,*,#11280,.T.);
#11358=ORIENTED_EDGE('',*,*,#3398,.F.);
#11359=ORIENTED_EDGE('',*,*,#2686,.T.);
#11360=ORIENTED_EDGE('',*,*,#11347,.F.);
#11361=EDGE_LOOP('',(#11357,#11358,#11359,#11360));
#11362=FACE_BOUND('',#11361,.T.);
#11363=ADVANCED_FACE('',(#11362),#11356,.T.);
#11364=CARTESIAN_POINT('',(25.51,6.4,-0.3));
#11365=DIRECTION('',(1.,0.,-0.));
#11366=DIRECTION('',(0.,-1.,0.));
#11367=AXIS2_PLACEMENT_3D('',#11364,#11365,#11366);
#11368=PLANE('',#11367);
#11369=ORIENTED_EDGE('',*,*,#1243,.F.);
#11370=ORIENTED_EDGE('',*,*,#3412,.F.);
#11371=ORIENTED_EDGE('',*,*,#11271,.T.);
#11372=CARTESIAN_POINT('',(25.51,6.09,-0.2));
#11373=DIRECTION('',(-0.,-0.,-1.));
#11374=VECTOR('',#11373,0.1);
#11375=LINE('',#11372,#11374);
#11376=EDGE_CURVE('',#1238,#11259,#11375,.T.);
#11377=ORIENTED_EDGE('',*,*,#11376,.F.);
#11378=EDGE_LOOP('',(#11369,#11370,#11371,#11377));
#11379=FACE_BOUND('',#11378,.T.);
#11380=ADVANCED_FACE('NONE',(#11379),#11368,.F.);
#11381=CARTESIAN_POINT('',(25.12,6.09,-0.3));
#11382=DIRECTION('',(0.,0.,1.));
#11383=DIRECTION('',(-0.,1.,-0.));
#11384=AXIS2_PLACEMENT_3D('',#11381,#11382,#11383);
#11385=CYLINDRICAL_SURFACE('',#11384,0.39);
#11386=ORIENTED_EDGE('',*,*,#11265,.T.);
#11387=CARTESIAN_POINT('',(25.12,5.7,-0.3));
#11388=DIRECTION('',(0.,0.,1.));
#11389=VECTOR('',#11388,0.1);
#11390=LINE('',#11387,#11389);
#11391=EDGE_CURVE('',#11251,#1246,#11390,.T.);
#11392=ORIENTED_EDGE('',*,*,#11391,.T.);
#11393=ORIENTED_EDGE('',*,*,#1252,.T.);
#11394=ORIENTED_EDGE('',*,*,#11376,.T.);
#11395=EDGE_LOOP('',(#11386,#11392,#11393,#11394));
#11396=FACE_BOUND('',#11395,.T.);
#11397=ADVANCED_FACE('',(#11396),#11385,.F.);
#11398=CARTESIAN_POINT('',(18.21,5.7,-0.3));
#11399=DIRECTION('',(-0.,1.,-0.));
#11400=DIRECTION('',(1.,0.,-0.));
#11401=AXIS2_PLACEMENT_3D('',#11398,#11399,#11400);
#11402=PLANE('',#11401);
#11403=ORIENTED_EDGE('',*,*,#11256,.F.);
#11404=CARTESIAN_POINT('',(25.1,5.7,-0.2));
#11405=DIRECTION('',(-0.,-0.,-1.));
#11406=VECTOR('',#11405,0.1);
#11407=LINE('',#11404,#11406);
#11408=EDGE_CURVE('',#1255,#11242,#11407,.T.);
#11409=ORIENTED_EDGE('',*,*,#11408,.F.);
#11410=ORIENTED_EDGE('',*,*,#1260,.T.);
#11411=ORIENTED_EDGE('',*,*,#11391,.F.);
#11412=EDGE_LOOP('',(#11403,#11409,#11410,#11411));
#11413=FACE_BOUND('',#11412,.T.);
#11414=ADVANCED_FACE('',(#11413),#11402,.T.);
#11415=CARTESIAN_POINT('',(25.1,6.09,-0.3));
#11416=DIRECTION('',(0.,0.,1.));
#11417=DIRECTION('',(-0.,1.,-0.));
#11418=AXIS2_PLACEMENT_3D('',#11415,#11416,#11417);
#11419=CYLINDRICAL_SURFACE('',#11418,0.39);
#11420=ORIENTED_EDGE('',*,*,#11248,.T.);
#11421=CARTESIAN_POINT('',(24.71,6.09,-0.3));
#11422=DIRECTION('',(0.,0.,1.));
#11423=VECTOR('',#11422,0.1);
#11424=LINE('',#11421,#11423);
#11425=EDGE_CURVE('',#11234,#1263,#11424,.T.);
#11426=ORIENTED_EDGE('',*,*,#11425,.T.);
#11427=ORIENTED_EDGE('',*,*,#1269,.T.);
#11428=ORIENTED_EDGE('',*,*,#11408,.T.);
#11429=EDGE_LOOP('',(#11420,#11426,#11427,#11428));
#11430=FACE_BOUND('',#11429,.T.);
#11431=ADVANCED_FACE('',(#11430),#11419,.F.);
#11432=CARTESIAN_POINT('',(24.71,6.4,-0.3));
#11433=DIRECTION('',(-1.,-0.,0.));
#11434=DIRECTION('',(-0.,1.,-0.));
#11435=AXIS2_PLACEMENT_3D('',#11432,#11433,#11434);
#11436=PLANE('',#11435);
#11437=ORIENTED_EDGE('',*,*,#11239,.T.);
#11438=ORIENTED_EDGE('',*,*,#7555,.T.);
#11439=ORIENTED_EDGE('',*,*,#1277,.F.);
#11440=ORIENTED_EDGE('',*,*,#11425,.F.);
#11441=EDGE_LOOP('',(#11437,#11438,#11439,#11440));
#11442=FACE_BOUND('',#11441,.T.);
#11443=ADVANCED_FACE('NONE',(#11442),#11436,.F.);
#11444=CARTESIAN_POINT('',(25.87,6.239366469,-1.86));
#11445=DIRECTION('',(1.,0.,-0.));
#11446=DIRECTION('',(0.,-0.,-1.));
#11447=AXIS2_PLACEMENT_3D('',#11444,#11445,#11446);
#11448=PLANE('',#11447);
#11449=ORIENTED_EDGE('',*,*,#4063,.F.);
#11450=ORIENTED_EDGE('',*,*,#2702,.T.);
#11451=ORIENTED_EDGE('',*,*,#3389,.T.);
#11452=EDGE_LOOP('',(#11449,#11450,#11451));
#11453=FACE_BOUND('',#11452,.T.);
#11454=ADVANCED_FACE('',(#11453),#11448,.T.);
#11455=OVER_RIDING_STYLED_ITEM('',(#1986),#11454,#89);
#11456=CARTESIAN_POINT('',(22.11,6.7,-0.3));
#11457=DIRECTION('',(0.,0.,1.));
#11458=DIRECTION('',(-0.,1.,-0.));
#11459=AXIS2_PLACEMENT_3D('',#11456,#11457,#11458);
#11460=PLANE('',#11459);
#11461=CARTESIAN_POINT('',(21.785,6.325652852,-0.3));
#11462=VERTEX_POINT('',#11461);
#11463=CARTESIAN_POINT('',(21.785,6.7,-0.3));
#11464=DIRECTION('',(0.,-1.,0.));
#11465=VECTOR('',#11464,0.374347148);
#11466=LINE('',#11463,#11465);
#11467=EDGE_CURVE('',#2003,#11462,#11466,.T.);
#11468=ORIENTED_EDGE('',*,*,#11467,.F.);
#11469=ORIENTED_EDGE('',*,*,#2008,.F.);
#11470=CARTESIAN_POINT('',(21.71,6.09,-0.3));
#11471=VERTEX_POINT('',#11470);
#11472=CARTESIAN_POINT('',(21.71,6.09,-0.3));
#11473=DIRECTION('',(-0.,1.,-0.));
#11474=VECTOR('',#11473,0.61);
#11475=LINE('',#11472,#11474);
#11476=EDGE_CURVE('',#11471,#1995,#11475,.T.);
#11477=ORIENTED_EDGE('',*,*,#11476,.F.);
#11478=CARTESIAN_POINT('',(22.1,5.7,-0.3));
#11479=VERTEX_POINT('',#11478);
#11480=CARTESIAN_POINT('',(22.1,6.09,-0.3));
#11481=DIRECTION('',(0.,-0.,-1.));
#11482=DIRECTION('',(-0.,1.,-0.));
#11483=AXIS2_PLACEMENT_3D('',#11480,#11481,#11482);
#11484=CIRCLE('',#11483,0.39);
#11485=EDGE_CURVE('',#11479,#11471,#11484,.T.);
#11486=ORIENTED_EDGE('',*,*,#11485,.F.);
#11487=CARTESIAN_POINT('',(22.12,5.7,-0.3));
#11488=VERTEX_POINT('',#11487);
#11489=CARTESIAN_POINT('',(22.1,5.7,-0.3));
#11490=DIRECTION('',(1.,0.,-0.));
#11491=VECTOR('',#11490,0.02);
#11492=LINE('',#11489,#11491);
#11493=EDGE_CURVE('',#11479,#11488,#11492,.T.);
#11494=ORIENTED_EDGE('',*,*,#11493,.T.);
#11495=CARTESIAN_POINT('',(22.51,6.09,-0.3));
#11496=VERTEX_POINT('',#11495);
#11497=CARTESIAN_POINT('',(22.12,6.09,-0.3));
#11498=DIRECTION('',(0.,-0.,-1.));
#11499=DIRECTION('',(-0.,1.,-0.));
#11500=AXIS2_PLACEMENT_3D('',#11497,#11498,#11499);
#11501=CIRCLE('',#11500,0.39);
#11502=EDGE_CURVE('',#11496,#11488,#11501,.T.);
#11503=ORIENTED_EDGE('',*,*,#11502,.F.);
#11504=CARTESIAN_POINT('',(22.51,6.7,-0.3));
#11505=DIRECTION('',(0.,-1.,0.));
#11506=VECTOR('',#11505,0.61);
#11507=LINE('',#11504,#11506);
#11508=EDGE_CURVE('NONE',#7591,#11496,#11507,.T.);
#11509=ORIENTED_EDGE('',*,*,#11508,.F.);
#11510=ORIENTED_EDGE('',*,*,#7596,.F.);
#11511=CARTESIAN_POINT('',(22.435,6.325652852,-0.3));
#11512=VERTEX_POINT('',#11511);
#11513=CARTESIAN_POINT('',(22.435,6.325652852,-0.3));
#11514=DIRECTION('',(-0.,1.,-0.));
#11515=VECTOR('',#11514,0.374347148);
#11516=LINE('',#11513,#11515);
#11517=EDGE_CURVE('',#11512,#7583,#11516,.T.);
#11518=ORIENTED_EDGE('',*,*,#11517,.F.);
#11519=CARTESIAN_POINT('',(22.11,5.995690733,-0.3));
#11520=VERTEX_POINT('',#11519);
#11521=CARTESIAN_POINT('',(22.105,6.325652852,-0.3));
#11522=DIRECTION('',(-0.,0.,1.));
#11523=DIRECTION('',(-0.,1.,-0.));
#11524=AXIS2_PLACEMENT_3D('',#11521,#11522,#11523);
#11525=CIRCLE('',#11524,0.33);
#11526=EDGE_CURVE('',#11520,#11512,#11525,.T.);
#11527=ORIENTED_EDGE('',*,*,#11526,.F.);
#11528=CARTESIAN_POINT('',(22.115,6.325652852,-0.3));
#11529=DIRECTION('',(-0.,0.,1.));
#11530=DIRECTION('',(-0.,1.,-0.));
#11531=AXIS2_PLACEMENT_3D('',#11528,#11529,#11530);
#11532=CIRCLE('',#11531,0.33);
#11533=EDGE_CURVE('',#11462,#11520,#11532,.T.);
#11534=ORIENTED_EDGE('',*,*,#11533,.F.);
#11535=EDGE_LOOP('',(#11468,#11469,#11477,#11486,#11494,#11503,#11509,#11510,#11518,#11527,#11534));
#11536=FACE_BOUND('',#11535,.T.);
#11537=ADVANCED_FACE('',(#11536),#11460,.T.);
#11538=CARTESIAN_POINT('',(21.785,6.7,-1.8));
#11539=DIRECTION('',(1.,0.,-0.));
#11540=DIRECTION('',(0.,-1.,0.));
#11541=AXIS2_PLACEMENT_3D('',#11538,#11539,#11540);
#11542=PLANE('',#11541);
#11543=ORIENTED_EDGE('',*,*,#2576,.T.);
#11544=ORIENTED_EDGE('',*,*,#2016,.T.);
#11545=ORIENTED_EDGE('',*,*,#11467,.T.);
#11546=CARTESIAN_POINT('',(21.785,6.325652852,-1.));
#11547=DIRECTION('',(0.,0.,1.));
#11548=VECTOR('',#11547,0.7);
#11549=LINE('',#11546,#11548);
#11550=EDGE_CURVE('',#2571,#11462,#11549,.T.);
#11551=ORIENTED_EDGE('',*,*,#11550,.F.);
#11552=EDGE_LOOP('',(#11543,#11544,#11545,#11551));
#11553=FACE_BOUND('',#11552,.T.);
#11554=ADVANCED_FACE('',(#11553),#11542,.T.);
#11555=CARTESIAN_POINT('',(22.115,6.325652852,-1.8));
#11556=DIRECTION('',(0.,-0.,-1.));
#11557=DIRECTION('',(0.,-1.,0.));
#11558=AXIS2_PLACEMENT_3D('',#11555,#11556,#11557);
#11559=CYLINDRICAL_SURFACE('',#11558,0.33);
#11560=ORIENTED_EDGE('',*,*,#11550,.T.);
#11561=ORIENTED_EDGE('',*,*,#11533,.T.);
#11562=CARTESIAN_POINT('',(22.11,5.995690733,-0.3));
#11563=DIRECTION('',(0.,-0.,-1.));
#11564=VECTOR('',#11563,0.7);
#11565=LINE('',#11562,#11564);
#11566=EDGE_CURVE('',#11520,#2579,#11565,.T.);
#11567=ORIENTED_EDGE('',*,*,#11566,.T.);
#11568=ORIENTED_EDGE('',*,*,#2585,.T.);
#11569=EDGE_LOOP('',(#11560,#11561,#11567,#11568));
#11570=FACE_BOUND('',#11569,.T.);
#11571=ADVANCED_FACE('',(#11570),#11559,.F.);
#11572=CARTESIAN_POINT('',(22.105,6.325652852,-1.8));
#11573=DIRECTION('',(0.,-0.,-1.));
#11574=DIRECTION('',(0.,-1.,0.));
#11575=AXIS2_PLACEMENT_3D('',#11572,#11573,#11574);
#11576=CYLINDRICAL_SURFACE('',#11575,0.33);
#11577=ORIENTED_EDGE('',*,*,#2594,.T.);
#11578=ORIENTED_EDGE('',*,*,#11566,.F.);
#11579=ORIENTED_EDGE('',*,*,#11526,.T.);
#11580=CARTESIAN_POINT('',(22.435,6.325652852,-0.3));
#11581=DIRECTION('',(-0.,-0.,-1.));
#11582=VECTOR('',#11581,0.7);
#11583=LINE('',#11580,#11582);
#11584=EDGE_CURVE('',#11512,#2588,#11583,.T.);
#11585=ORIENTED_EDGE('',*,*,#11584,.T.);
#11586=EDGE_LOOP('',(#11577,#11578,#11579,#11585));
#11587=FACE_BOUND('',#11586,.T.);
#11588=ADVANCED_FACE('',(#11587),#11576,.F.);
#11589=CARTESIAN_POINT('',(22.435,6.7,-1.8));
#11590=DIRECTION('',(-1.,-0.,0.));
#11591=DIRECTION('',(-0.,1.,-0.));
#11592=AXIS2_PLACEMENT_3D('',#11589,#11590,#11591);
#11593=PLANE('',#11592);
#11594=ORIENTED_EDGE('',*,*,#11517,.T.);
#11595=ORIENTED_EDGE('',*,*,#7588,.F.);
#11596=ORIENTED_EDGE('',*,*,#2602,.T.);
#11597=ORIENTED_EDGE('',*,*,#11584,.F.);
#11598=EDGE_LOOP('',(#11594,#11595,#11596,#11597));
#11599=FACE_BOUND('',#11598,.T.);
#11600=ADVANCED_FACE('',(#11599),#11593,.T.);
#11601=CARTESIAN_POINT('',(22.51,6.4,-0.3));
#11602=DIRECTION('',(1.,0.,-0.));
#11603=DIRECTION('',(0.,-1.,0.));
#11604=AXIS2_PLACEMENT_3D('',#11601,#11602,#11603);
#11605=PLANE('',#11604);
#11606=ORIENTED_EDGE('',*,*,#1343,.F.);
#11607=ORIENTED_EDGE('',*,*,#7602,.F.);
#11608=ORIENTED_EDGE('',*,*,#11508,.T.);
#11609=CARTESIAN_POINT('',(22.51,6.09,-0.2));
#11610=DIRECTION('',(-0.,-0.,-1.));
#11611=VECTOR('',#11610,0.1);
#11612=LINE('',#11609,#11611);
#11613=EDGE_CURVE('',#1338,#11496,#11612,.T.);
#11614=ORIENTED_EDGE('',*,*,#11613,.F.);
#11615=EDGE_LOOP('',(#11606,#11607,#11608,#11614));
#11616=FACE_BOUND('',#11615,.T.);
#11617=ADVANCED_FACE('NONE',(#11616),#11605,.F.);
#11618=CARTESIAN_POINT('',(22.12,6.09,-0.3));
#11619=DIRECTION('',(0.,0.,1.));
#11620=DIRECTION('',(-0.,1.,-0.));
#11621=AXIS2_PLACEMENT_3D('',#11618,#11619,#11620);
#11622=CYLINDRICAL_SURFACE('',#11621,0.39);
#11623=ORIENTED_EDGE('',*,*,#11502,.T.);
#11624=CARTESIAN_POINT('',(22.12,5.7,-0.3));
#11625=DIRECTION('',(0.,0.,1.));
#11626=VECTOR('',#11625,0.1);
#11627=LINE('',#11624,#11626);
#11628=EDGE_CURVE('',#11488,#1346,#11627,.T.);
#11629=ORIENTED_EDGE('',*,*,#11628,.T.);
#11630=ORIENTED_EDGE('',*,*,#1352,.T.);
#11631=ORIENTED_EDGE('',*,*,#11613,.T.);
#11632=EDGE_LOOP('',(#11623,#11629,#11630,#11631));
#11633=FACE_BOUND('',#11632,.T.);
#11634=ADVANCED_FACE('',(#11633),#11622,.F.);
#11635=CARTESIAN_POINT('',(15.21,5.7,-0.3));
#11636=DIRECTION('',(-0.,1.,-0.));
#11637=DIRECTION('',(1.,0.,-0.));
#11638=AXIS2_PLACEMENT_3D('',#11635,#11636,#11637);
#11639=PLANE('',#11638);
#11640=ORIENTED_EDGE('',*,*,#11493,.F.);
#11641=CARTESIAN_POINT('',(22.1,5.7,-0.2));
#11642=DIRECTION('',(-0.,-0.,-1.));
#11643=VECTOR('',#11642,0.1);
#11644=LINE('',#11641,#11643);
#11645=EDGE_CURVE('',#1355,#11479,#11644,.T.);
#11646=ORIENTED_EDGE('',*,*,#11645,.F.);
#11647=ORIENTED_EDGE('',*,*,#1360,.T.);
#11648=ORIENTED_EDGE('',*,*,#11628,.F.);
#11649=EDGE_LOOP('',(#11640,#11646,#11647,#11648));
#11650=FACE_BOUND('',#11649,.T.);
#11651=ADVANCED_FACE('',(#11650),#11639,.T.);
#11652=CARTESIAN_POINT('',(22.1,6.09,-0.3));
#11653=DIRECTION('',(0.,0.,1.));
#11654=DIRECTION('',(-0.,1.,-0.));
#11655=AXIS2_PLACEMENT_3D('',#11652,#11653,#11654);
#11656=CYLINDRICAL_SURFACE('',#11655,0.39);
#11657=ORIENTED_EDGE('',*,*,#11485,.T.);
#11658=CARTESIAN_POINT('',(21.71,6.09,-0.3));
#11659=DIRECTION('',(0.,0.,1.));
#11660=VECTOR('',#11659,0.1);
#11661=LINE('',#11658,#11660);
#11662=EDGE_CURVE('',#11471,#1363,#11661,.T.);
#11663=ORIENTED_EDGE('',*,*,#11662,.T.);
#11664=ORIENTED_EDGE('',*,*,#1369,.T.);
#11665=ORIENTED_EDGE('',*,*,#11645,.T.);
#11666=EDGE_LOOP('',(#11657,#11663,#11664,#11665));
#11667=FACE_BOUND('',#11666,.T.);
#11668=ADVANCED_FACE('',(#11667),#11656,.F.);
#11669=CARTESIAN_POINT('',(21.71,6.4,-0.3));
#11670=DIRECTION('',(-1.,-0.,0.));
#11671=DIRECTION('',(-0.,1.,-0.));
#11672=AXIS2_PLACEMENT_3D('',#11669,#11670,#11671);
#11673=PLANE('',#11672);
#11674=ORIENTED_EDGE('',*,*,#11476,.T.);
#11675=ORIENTED_EDGE('',*,*,#2000,.T.);
#11676=ORIENTED_EDGE('',*,*,#1377,.F.);
#11677=ORIENTED_EDGE('',*,*,#11662,.F.);
#11678=EDGE_LOOP('',(#11674,#11675,#11676,#11677));
#11679=FACE_BOUND('',#11678,.T.);
#11680=ADVANCED_FACE('NONE',(#11679),#11673,.F.);
#11681=CARTESIAN_POINT('',(10.11,-6.3,-0.3));
#11682=DIRECTION('',(0.,0.,1.));
#11683=DIRECTION('',(0.,-1.,0.));
#11684=AXIS2_PLACEMENT_3D('',#11681,#11682,#11683);
#11685=PLANE('',#11684);
#11686=CARTESIAN_POINT('',(9.785,-5.925652852,-0.3));
#11687=VERTEX_POINT('',#11686);
#11688=CARTESIAN_POINT('',(9.785,-6.3,-0.3));
#11689=DIRECTION('',(0.,1.,-0.));
#11690=VECTOR('',#11689,0.374347148);
#11691=LINE('',#11688,#11690);
#11692=EDGE_CURVE('',#11190,#11687,#11691,.T.);
#11693=ORIENTED_EDGE('',*,*,#11692,.T.);
#11694=CARTESIAN_POINT('',(10.11,-5.595690733,-0.3));
#11695=VERTEX_POINT('',#11694);
#11696=CARTESIAN_POINT('',(10.115,-5.925652852,-0.3));
#11697=DIRECTION('',(-0.,-0.,-1.));
#11698=DIRECTION('',(0.,-1.,0.));
#11699=AXIS2_PLACEMENT_3D('',#11696,#11697,#11698);
#11700=CIRCLE('',#11699,0.33);
#11701=EDGE_CURVE('',#11687,#11695,#11700,.T.);
#11702=ORIENTED_EDGE('',*,*,#11701,.T.);
#11703=CARTESIAN_POINT('',(10.435,-5.925652852,-0.3));
#11704=VERTEX_POINT('',#11703);
#11705=CARTESIAN_POINT('',(10.105,-5.925652852,-0.3));
#11706=DIRECTION('',(-0.,-0.,-1.));
#11707=DIRECTION('',(0.,-1.,0.));
#11708=AXIS2_PLACEMENT_3D('',#11705,#11706,#11707);
#11709=CIRCLE('',#11708,0.33);
#11710=EDGE_CURVE('',#11695,#11704,#11709,.T.);
#11711=ORIENTED_EDGE('',*,*,#11710,.T.);
#11712=CARTESIAN_POINT('',(10.435,-6.3,-0.3));
#11713=VERTEX_POINT('',#11712);
#11714=CARTESIAN_POINT('',(10.435,-5.925652852,-0.3));
#11715=DIRECTION('',(-0.,-1.,0.));
#11716=VECTOR('',#11715,0.374347148);
#11717=LINE('',#11714,#11716);
#11718=EDGE_CURVE('',#11704,#11713,#11717,.T.);
#11719=ORIENTED_EDGE('',*,*,#11718,.T.);
#11720=CARTESIAN_POINT('',(10.51,-6.3,-0.3));
#11721=VERTEX_POINT('',#11720);
#11722=CARTESIAN_POINT('',(10.435,-6.3,-0.3));
#11723=DIRECTION('',(1.,0.,-0.));
#11724=VECTOR('',#11723,0.075);
#11725=LINE('',#11722,#11724);
#11726=EDGE_CURVE('',#11713,#11721,#11725,.T.);
#11727=ORIENTED_EDGE('',*,*,#11726,.T.);
#11728=CARTESIAN_POINT('',(10.51,-5.69,-0.3));
#11729=VERTEX_POINT('',#11728);
#11730=CARTESIAN_POINT('',(10.51,-6.3,-0.3));
#11731=DIRECTION('',(-0.,1.,-0.));
#11732=VECTOR('',#11731,0.61);
#11733=LINE('',#11730,#11732);
#11734=EDGE_CURVE('NONE',#11721,#11729,#11733,.T.);
#11735=ORIENTED_EDGE('',*,*,#11734,.T.);
#11736=CARTESIAN_POINT('',(10.12,-5.3,-0.3));
#11737=VERTEX_POINT('',#11736);
#11738=CARTESIAN_POINT('',(10.12,-5.69,-0.3));
#11739=DIRECTION('',(0.,0.,1.));
#11740=DIRECTION('',(0.,-1.,0.));
#11741=AXIS2_PLACEMENT_3D('',#11738,#11739,#11740);
#11742=CIRCLE('',#11741,0.39);
#11743=EDGE_CURVE('',#11729,#11737,#11742,.T.);
#11744=ORIENTED_EDGE('',*,*,#11743,.T.);
#11745=CARTESIAN_POINT('',(10.1,-5.3,-0.3));
#11746=VERTEX_POINT('',#11745);
#11747=CARTESIAN_POINT('',(10.1,-5.3,-0.3));
#11748=DIRECTION('',(1.,-0.,0.));
#11749=VECTOR('',#11748,0.02);
#11750=LINE('',#11747,#11749);
#11751=EDGE_CURVE('',#11746,#11737,#11750,.T.);
#11752=ORIENTED_EDGE('',*,*,#11751,.F.);
#11753=CARTESIAN_POINT('',(9.71,-5.69,-0.3));
#11754=VERTEX_POINT('',#11753);
#11755=CARTESIAN_POINT('',(10.1,-5.69,-0.3));
#11756=DIRECTION('',(0.,0.,1.));
#11757=DIRECTION('',(0.,-1.,0.));
#11758=AXIS2_PLACEMENT_3D('',#11755,#11756,#11757);
#11759=CIRCLE('',#11758,0.39);
#11760=EDGE_CURVE('',#11746,#11754,#11759,.T.);
#11761=ORIENTED_EDGE('',*,*,#11760,.T.);
#11762=CARTESIAN_POINT('',(9.71,-5.69,-0.3));
#11763=DIRECTION('',(0.,-1.,0.));
#11764=VECTOR('',#11763,0.61);
#11765=LINE('',#11762,#11764);
#11766=EDGE_CURVE('',#11754,#11198,#11765,.T.);
#11767=ORIENTED_EDGE('',*,*,#11766,.T.);
#11768=ORIENTED_EDGE('',*,*,#11203,.T.);
#11769=EDGE_LOOP('',(#11693,#11702,#11711,#11719,#11727,#11735,#11744,#11752,#11761,#11767,#11768));
#11770=FACE_BOUND('',#11769,.T.);
#11771=ADVANCED_FACE('',(#11770),#11685,.T.);
#11772=CARTESIAN_POINT('',(9.785,-6.3,-1.8));
#11773=DIRECTION('',(1.,-0.,0.));
#11774=DIRECTION('',(0.,1.,0.));
#11775=AXIS2_PLACEMENT_3D('',#11772,#11773,#11774);
#11776=PLANE('',#11775);
#11777=ORIENTED_EDGE('',*,*,#3268,.F.);
#11778=CARTESIAN_POINT('',(9.785,-5.925652852,-1.));
#11779=DIRECTION('',(0.,0.,1.));
#11780=VECTOR('',#11779,0.7);
#11781=LINE('',#11778,#11780);
#11782=EDGE_CURVE('',#3254,#11687,#11781,.T.);
#11783=ORIENTED_EDGE('',*,*,#11782,.T.);
#11784=ORIENTED_EDGE('',*,*,#11692,.F.);
#11785=ORIENTED_EDGE('',*,*,#11195,.F.);
#11786=EDGE_LOOP('',(#11777,#11783,#11784,#11785));
#11787=FACE_BOUND('',#11786,.T.);
#11788=ADVANCED_FACE('',(#11787),#11776,.T.);
#11789=CARTESIAN_POINT('',(10.115,-5.925652852,-1.8));
#11790=DIRECTION('',(0.,-0.,-1.));
#11791=DIRECTION('',(0.,1.,-0.));
#11792=AXIS2_PLACEMENT_3D('',#11789,#11790,#11791);
#11793=CYLINDRICAL_SURFACE('',#11792,0.33);
#11794=ORIENTED_EDGE('',*,*,#11782,.F.);
#11795=ORIENTED_EDGE('',*,*,#3260,.F.);
#11796=CARTESIAN_POINT('',(10.11,-5.595690733,-0.3));
#11797=DIRECTION('',(0.,-0.,-1.));
#11798=VECTOR('',#11797,0.7);
#11799=LINE('',#11796,#11798);
#11800=EDGE_CURVE('',#11695,#3245,#11799,.T.);
#11801=ORIENTED_EDGE('',*,*,#11800,.F.);
#11802=ORIENTED_EDGE('',*,*,#11701,.F.);
#11803=EDGE_LOOP('',(#11794,#11795,#11801,#11802));
#11804=FACE_BOUND('',#11803,.T.);
#11805=ADVANCED_FACE('',(#11804),#11793,.F.);
#11806=CARTESIAN_POINT('',(10.105,-5.925652852,-1.8));
#11807=DIRECTION('',(-0.,-0.,-1.));
#11808=DIRECTION('',(0.,1.,-0.));
#11809=AXIS2_PLACEMENT_3D('',#11806,#11807,#11808);
#11810=CYLINDRICAL_SURFACE('',#11809,0.33);
#11811=ORIENTED_EDGE('',*,*,#3251,.F.);
#11812=CARTESIAN_POINT('',(10.435,-5.925652852,-0.3));
#11813=DIRECTION('',(-0.,-0.,-1.));
#11814=VECTOR('',#11813,0.7);
#11815=LINE('',#11812,#11814);
#11816=EDGE_CURVE('',#11704,#3237,#11815,.T.);
#11817=ORIENTED_EDGE('',*,*,#11816,.F.);
#11818=ORIENTED_EDGE('',*,*,#11710,.F.);
#11819=ORIENTED_EDGE('',*,*,#11800,.T.);
#11820=EDGE_LOOP('',(#11811,#11817,#11818,#11819));
#11821=FACE_BOUND('',#11820,.T.);
#11822=ADVANCED_FACE('',(#11821),#11810,.F.);
#11823=CARTESIAN_POINT('',(10.435,-6.3,-1.8));
#11824=DIRECTION('',(-1.,0.,-0.));
#11825=DIRECTION('',(-0.,-1.,0.));
#11826=AXIS2_PLACEMENT_3D('',#11823,#11824,#11825);
#11827=PLANE('',#11826);
#11828=ORIENTED_EDGE('',*,*,#11718,.F.);
#11829=ORIENTED_EDGE('',*,*,#11816,.T.);
#11830=ORIENTED_EDGE('',*,*,#3242,.F.);
#11831=CARTESIAN_POINT('',(10.435,-6.3,-1.));
#11832=DIRECTION('',(0.,0.,1.));
#11833=VECTOR('',#11832,0.7);
#11834=LINE('',#11831,#11833);
#11835=EDGE_CURVE('',#3229,#11713,#11834,.T.);
#11836=ORIENTED_EDGE('',*,*,#11835,.T.);
#11837=EDGE_LOOP('',(#11828,#11829,#11830,#11836));
#11838=FACE_BOUND('',#11837,.T.);
#11839=ADVANCED_FACE('',(#11838),#11827,.T.);
#11840=CARTESIAN_POINT('',(10.51,-6.,-0.3));
#11841=DIRECTION('',(1.,0.,-0.));
#11842=DIRECTION('',(-0.,1.,-0.));
#11843=AXIS2_PLACEMENT_3D('',#11840,#11841,#11842);
#11844=PLANE('',#11843);
#11845=ORIENTED_EDGE('',*,*,#295,.T.);
#11846=CARTESIAN_POINT('',(10.51,-5.69,-0.2));
#11847=DIRECTION('',(-0.,-0.,-1.));
#11848=VECTOR('',#11847,0.1);
#11849=LINE('',#11846,#11848);
#11850=EDGE_CURVE('',#281,#11729,#11849,.T.);
#11851=ORIENTED_EDGE('',*,*,#11850,.T.);
#11852=ORIENTED_EDGE('',*,*,#11734,.F.);
#11853=CARTESIAN_POINT('',(10.51,-6.3,-0.3));
#11854=DIRECTION('',(0.,0.,1.));
#11855=VECTOR('',#11854,0.1);
#11856=LINE('',#11853,#11855);
#11857=EDGE_CURVE('NONE',#11721,#290,#11856,.T.);
#11858=ORIENTED_EDGE('',*,*,#11857,.T.);
#11859=EDGE_LOOP('',(#11845,#11851,#11852,#11858));
#11860=FACE_BOUND('',#11859,.T.);
#11861=ADVANCED_FACE('NONE',(#11860),#11844,.F.);
#11862=CARTESIAN_POINT('',(10.12,-5.69,-0.3));
#11863=DIRECTION('',(0.,0.,1.));
#11864=DIRECTION('',(0.,-1.,0.));
#11865=AXIS2_PLACEMENT_3D('',#11862,#11863,#11864);
#11866=CYLINDRICAL_SURFACE('',#11865,0.39);
#11867=ORIENTED_EDGE('',*,*,#11743,.F.);
#11868=ORIENTED_EDGE('',*,*,#11850,.F.);
#11869=ORIENTED_EDGE('',*,*,#287,.F.);
#11870=CARTESIAN_POINT('',(10.12,-5.3,-0.3));
#11871=DIRECTION('',(0.,0.,1.));
#11872=VECTOR('',#11871,0.1);
#11873=LINE('',#11870,#11872);
#11874=EDGE_CURVE('',#11737,#273,#11873,.T.);
#11875=ORIENTED_EDGE('',*,*,#11874,.F.);
#11876=EDGE_LOOP('',(#11867,#11868,#11869,#11875));
#11877=FACE_BOUND('',#11876,.T.);
#11878=ADVANCED_FACE('',(#11877),#11866,.F.);
#11879=CARTESIAN_POINT('',(3.21,-5.3,-0.3));
#11880=DIRECTION('',(-0.,-1.,0.));
#11881=DIRECTION('',(1.,-0.,0.));
#11882=AXIS2_PLACEMENT_3D('',#11879,#11880,#11881);
#11883=PLANE('',#11882);
#11884=ORIENTED_EDGE('',*,*,#11751,.T.);
#11885=ORIENTED_EDGE('',*,*,#11874,.T.);
#11886=ORIENTED_EDGE('',*,*,#278,.F.);
#11887=CARTESIAN_POINT('',(10.1,-5.3,-0.2));
#11888=DIRECTION('',(-0.,-0.,-1.));
#11889=VECTOR('',#11888,0.1);
#11890=LINE('',#11887,#11889);
#11891=EDGE_CURVE('',#264,#11746,#11890,.T.);
#11892=ORIENTED_EDGE('',*,*,#11891,.T.);
#11893=EDGE_LOOP('',(#11884,#11885,#11886,#11892));
#11894=FACE_BOUND('',#11893,.T.);
#11895=ADVANCED_FACE('',(#11894),#11883,.T.);
#11896=CARTESIAN_POINT('',(10.1,-5.69,-0.3));
#11897=DIRECTION('',(0.,0.,1.));
#11898=DIRECTION('',(0.,-1.,0.));
#11899=AXIS2_PLACEMENT_3D('',#11896,#11897,#11898);
#11900=CYLINDRICAL_SURFACE('',#11899,0.39);
#11901=ORIENTED_EDGE('',*,*,#11760,.F.);
#11902=ORIENTED_EDGE('',*,*,#11891,.F.);
#11903=ORIENTED_EDGE('',*,*,#270,.F.);
#11904=CARTESIAN_POINT('',(9.71,-5.69,-0.3));
#11905=DIRECTION('',(0.,0.,1.));
#11906=VECTOR('',#11905,0.1);
#11907=LINE('',#11904,#11906);
#11908=EDGE_CURVE('',#11754,#256,#11907,.T.);
#11909=ORIENTED_EDGE('',*,*,#11908,.F.);
#11910=EDGE_LOOP('',(#11901,#11902,#11903,#11909));
#11911=FACE_BOUND('',#11910,.T.);
#11912=ADVANCED_FACE('',(#11911),#11900,.F.);
#11913=CARTESIAN_POINT('',(9.71,-6.,-0.3));
#11914=DIRECTION('',(-1.,0.,0.));
#11915=DIRECTION('',(0.,-1.,0.));
#11916=AXIS2_PLACEMENT_3D('',#11913,#11914,#11915);
#11917=PLANE('',#11916);
#11918=ORIENTED_EDGE('',*,*,#11766,.F.);
#11919=ORIENTED_EDGE('',*,*,#11908,.T.);
#11920=ORIENTED_EDGE('',*,*,#261,.T.);
#11921=ORIENTED_EDGE('',*,*,#11209,.F.);
#11922=EDGE_LOOP('',(#11918,#11919,#11920,#11921));
#11923=FACE_BOUND('',#11922,.T.);
#11924=ADVANCED_FACE('NONE',(#11923),#11917,.F.);
#11925=CARTESIAN_POINT('',(-14.29,-6.3,-1.));
#11926=DIRECTION('',(0.,-1.,0.));
#11927=DIRECTION('',(1.,0.,0.));
#11928=AXIS2_PLACEMENT_3D('',#11925,#11926,#11927);
#11929=PLANE('',#11928);
#11930=ORIENTED_EDGE('',*,*,#11835,.F.);
#11931=ORIENTED_EDGE('',*,*,#3234,.T.);
#11932=ORIENTED_EDGE('',*,*,#3536,.T.);
#11933=ORIENTED_EDGE('',*,*,#3514,.F.);
#11934=ORIENTED_EDGE('',*,*,#3677,.T.);
#11935=ORIENTED_EDGE('',*,*,#303,.F.);
#11936=ORIENTED_EDGE('',*,*,#11857,.F.);
#11937=ORIENTED_EDGE('',*,*,#11726,.F.);
#11938=EDGE_LOOP('',(#11930,#11931,#11932,#11933,#11934,#11935,#11936,#11937));
#11939=FACE_BOUND('',#11938,.T.);
#11940=ADVANCED_FACE('',(#11939),#11929,.T.);
#11941=OVER_RIDING_STYLED_ITEM('',(#1986),#11940,#89);
#11942=CARTESIAN_POINT('',(13.11,-6.3,-0.3));
#11943=DIRECTION('',(0.,0.,1.));
#11944=DIRECTION('',(0.,-1.,0.));
#11945=AXIS2_PLACEMENT_3D('',#11942,#11943,#11944);
#11946=PLANE('',#11945);
#11947=CARTESIAN_POINT('',(12.785,-5.925652852,-0.3));
#11948=VERTEX_POINT('',#11947);
#11949=CARTESIAN_POINT('',(12.785,-6.3,-0.3));
#11950=DIRECTION('',(0.,1.,-0.));
#11951=VECTOR('',#11950,0.374347148);
#11952=LINE('',#11949,#11951);
#11953=EDGE_CURVE('',#3689,#11948,#11952,.T.);
#11954=ORIENTED_EDGE('',*,*,#11953,.T.);
#11955=CARTESIAN_POINT('',(13.11,-5.595690733,-0.3));
#11956=VERTEX_POINT('',#11955);
#11957=CARTESIAN_POINT('',(13.115,-5.925652852,-0.3));
#11958=DIRECTION('',(-0.,-0.,-1.));
#11959=DIRECTION('',(0.,-1.,0.));
#11960=AXIS2_PLACEMENT_3D('',#11957,#11958,#11959);
#11961=CIRCLE('',#11960,0.33);
#11962=EDGE_CURVE('',#11948,#11956,#11961,.T.);
#11963=ORIENTED_EDGE('',*,*,#11962,.T.);
#11964=CARTESIAN_POINT('',(13.435,-5.925652852,-0.3));
#11965=VERTEX_POINT('',#11964);
#11966=CARTESIAN_POINT('',(13.105,-5.925652852,-0.3));
#11967=DIRECTION('',(-0.,-0.,-1.));
#11968=DIRECTION('',(0.,-1.,0.));
#11969=AXIS2_PLACEMENT_3D('',#11966,#11967,#11968);
#11970=CIRCLE('',#11969,0.33);
#11971=EDGE_CURVE('',#11956,#11965,#11970,.T.);
#11972=ORIENTED_EDGE('',*,*,#11971,.T.);
#11973=CARTESIAN_POINT('',(13.435,-6.3,-0.3));
#11974=VERTEX_POINT('',#11973);
#11975=CARTESIAN_POINT('',(13.435,-5.925652852,-0.3));
#11976=DIRECTION('',(-0.,-1.,0.));
#11977=VECTOR('',#11976,0.374347148);
#11978=LINE('',#11975,#11977);
#11979=EDGE_CURVE('',#11965,#11974,#11978,.T.);
#11980=ORIENTED_EDGE('',*,*,#11979,.T.);
#11981=CARTESIAN_POINT('',(13.51,-6.3,-0.3));
#11982=VERTEX_POINT('',#11981);
#11983=CARTESIAN_POINT('',(13.435,-6.3,-0.3));
#11984=DIRECTION('',(1.,0.,-0.));
#11985=VECTOR('',#11984,0.075);
#11986=LINE('',#11983,#11985);
#11987=EDGE_CURVE('',#11974,#11982,#11986,.T.);
#11988=ORIENTED_EDGE('',*,*,#11987,.T.);
#11989=CARTESIAN_POINT('',(13.51,-5.69,-0.3));
#11990=VERTEX_POINT('',#11989);
#11991=CARTESIAN_POINT('',(13.51,-6.3,-0.3));
#11992=DIRECTION('',(-0.,1.,-0.));
#11993=VECTOR('',#11992,0.61);
#11994=LINE('',#11991,#11993);
#11995=EDGE_CURVE('NONE',#11982,#11990,#11994,.T.);
#11996=ORIENTED_EDGE('',*,*,#11995,.T.);
#11997=CARTESIAN_POINT('',(13.12,-5.3,-0.3));
#11998=VERTEX_POINT('',#11997);
#11999=CARTESIAN_POINT('',(13.12,-5.69,-0.3));
#12000=DIRECTION('',(0.,0.,1.));
#12001=DIRECTION('',(0.,-1.,0.));
#12002=AXIS2_PLACEMENT_3D('',#11999,#12000,#12001);
#12003=CIRCLE('',#12002,0.39);
#12004=EDGE_CURVE('',#11990,#11998,#12003,.T.);
#12005=ORIENTED_EDGE('',*,*,#12004,.T.);
#12006=CARTESIAN_POINT('',(13.1,-5.3,-0.3));
#12007=VERTEX_POINT('',#12006);
#12008=CARTESIAN_POINT('',(13.1,-5.3,-0.3));
#12009=DIRECTION('',(1.,-0.,0.));
#12010=VECTOR('',#12009,0.02);
#12011=LINE('',#12008,#12010);
#12012=EDGE_CURVE('',#12007,#11998,#12011,.T.);
#12013=ORIENTED_EDGE('',*,*,#12012,.F.);
#12014=CARTESIAN_POINT('',(12.71,-5.69,-0.3));
#12015=VERTEX_POINT('',#12014);
#12016=CARTESIAN_POINT('',(13.1,-5.69,-0.3));
#12017=DIRECTION('',(0.,0.,1.));
#12018=DIRECTION('',(0.,-1.,0.));
#12019=AXIS2_PLACEMENT_3D('',#12016,#12017,#12018);
#12020=CIRCLE('',#12019,0.39);
#12021=EDGE_CURVE('',#12007,#12015,#12020,.T.);
#12022=ORIENTED_EDGE('',*,*,#12021,.T.);
#12023=CARTESIAN_POINT('',(12.71,-5.69,-0.3));
#12024=DIRECTION('',(0.,-1.,0.));
#12025=VECTOR('',#12024,0.61);
#12026=LINE('',#12023,#12025);
#12027=EDGE_CURVE('',#12015,#3697,#12026,.T.);
#12028=ORIENTED_EDGE('',*,*,#12027,.T.);
#12029=ORIENTED_EDGE('',*,*,#3702,.T.);
#12030=EDGE_LOOP('',(#11954,#11963,#11972,#11980,#11988,#11996,#12005,#12013,#12022,#12028,#12029));
#12031=FACE_BOUND('',#12030,.T.);
#12032=ADVANCED_FACE('',(#12031),#11946,.T.);
#12033=CARTESIAN_POINT('',(12.785,-6.3,-1.8));
#12034=DIRECTION('',(1.,-0.,0.));
#12035=DIRECTION('',(0.,1.,0.));
#12036=AXIS2_PLACEMENT_3D('',#12033,#12034,#12035);
#12037=PLANE('',#12036);
#12038=ORIENTED_EDGE('',*,*,#3184,.F.);
#12039=CARTESIAN_POINT('',(12.785,-5.925652852,-1.));
#12040=DIRECTION('',(0.,0.,1.));
#12041=VECTOR('',#12040,0.7);
#12042=LINE('',#12039,#12041);
#12043=EDGE_CURVE('',#3170,#11948,#12042,.T.);
#12044=ORIENTED_EDGE('',*,*,#12043,.T.);
#12045=ORIENTED_EDGE('',*,*,#11953,.F.);
#12046=ORIENTED_EDGE('',*,*,#3694,.F.);
#12047=EDGE_LOOP('',(#12038,#12044,#12045,#12046));
#12048=FACE_BOUND('',#12047,.T.);
#12049=ADVANCED_FACE('',(#12048),#12037,.T.);
#12050=CARTESIAN_POINT('',(13.115,-5.925652852,-1.8));
#12051=DIRECTION('',(0.,-0.,-1.));
#12052=DIRECTION('',(0.,1.,-0.));
#12053=AXIS2_PLACEMENT_3D('',#12050,#12051,#12052);
#12054=CYLINDRICAL_SURFACE('',#12053,0.33);
#12055=ORIENTED_EDGE('',*,*,#12043,.F.);
#12056=ORIENTED_EDGE('',*,*,#3176,.F.);
#12057=CARTESIAN_POINT('',(13.11,-5.595690733,-0.3));
#12058=DIRECTION('',(0.,-0.,-1.));
#12059=VECTOR('',#12058,0.7);
#12060=LINE('',#12057,#12059);
#12061=EDGE_CURVE('',#11956,#3161,#12060,.T.);
#12062=ORIENTED_EDGE('',*,*,#12061,.F.);
#12063=ORIENTED_EDGE('',*,*,#11962,.F.);
#12064=EDGE_LOOP('',(#12055,#12056,#12062,#12063));
#12065=FACE_BOUND('',#12064,.T.);
#12066=ADVANCED_FACE('',(#12065),#12054,.F.);
#12067=CARTESIAN_POINT('',(13.105,-5.925652852,-1.8));
#12068=DIRECTION('',(-0.,-0.,-1.));
#12069=DIRECTION('',(0.,1.,-0.));
#12070=AXIS2_PLACEMENT_3D('',#12067,#12068,#12069);
#12071=CYLINDRICAL_SURFACE('',#12070,0.33);
#12072=ORIENTED_EDGE('',*,*,#3167,.F.);
#12073=CARTESIAN_POINT('',(13.435,-5.925652852,-0.3));
#12074=DIRECTION('',(-0.,-0.,-1.));
#12075=VECTOR('',#12074,0.7);
#12076=LINE('',#12073,#12075);
#12077=EDGE_CURVE('',#11965,#3153,#12076,.T.);
#12078=ORIENTED_EDGE('',*,*,#12077,.F.);
#12079=ORIENTED_EDGE('',*,*,#11971,.F.);
#12080=ORIENTED_EDGE('',*,*,#12061,.T.);
#12081=EDGE_LOOP('',(#12072,#12078,#12079,#12080));
#12082=FACE_BOUND('',#12081,.T.);
#12083=ADVANCED_FACE('',(#12082),#12071,.F.);
#12084=CARTESIAN_POINT('',(13.435,-6.3,-1.8));
#12085=DIRECTION('',(-1.,0.,-0.));
#12086=DIRECTION('',(-0.,-1.,0.));
#12087=AXIS2_PLACEMENT_3D('',#12084,#12085,#12086);
#12088=PLANE('',#12087);
#12089=ORIENTED_EDGE('',*,*,#11979,.F.);
#12090=ORIENTED_EDGE('',*,*,#12077,.T.);
#12091=ORIENTED_EDGE('',*,*,#3158,.F.);
#12092=CARTESIAN_POINT('',(13.435,-6.3,-1.));
#12093=DIRECTION('',(0.,0.,1.));
#12094=VECTOR('',#12093,0.7);
#12095=LINE('',#12092,#12094);
#12096=EDGE_CURVE('',#3145,#11974,#12095,.T.);
#12097=ORIENTED_EDGE('',*,*,#12096,.T.);
#12098=EDGE_LOOP('',(#12089,#12090,#12091,#12097));
#12099=FACE_BOUND('',#12098,.T.);
#12100=ADVANCED_FACE('',(#12099),#12088,.T.);
#12101=CARTESIAN_POINT('',(13.51,-6.,-0.3));
#12102=DIRECTION('',(1.,0.,-0.));
#12103=DIRECTION('',(-0.,1.,-0.));
#12104=AXIS2_PLACEMENT_3D('',#12101,#12102,#12103);
#12105=PLANE('',#12104);
#12106=ORIENTED_EDGE('',*,*,#395,.T.);
#12107=CARTESIAN_POINT('',(13.51,-5.69,-0.2));
#12108=DIRECTION('',(-0.,-0.,-1.));
#12109=VECTOR('',#12108,0.1);
#12110=LINE('',#12107,#12109);
#12111=EDGE_CURVE('',#381,#11990,#12110,.T.);
#12112=ORIENTED_EDGE('',*,*,#12111,.T.);
#12113=ORIENTED_EDGE('',*,*,#11995,.F.);
#12114=CARTESIAN_POINT('',(13.51,-6.3,-0.3));
#12115=DIRECTION('',(0.,0.,1.));
#12116=VECTOR('',#12115,0.1);
#12117=LINE('',#12114,#12116);
#12118=EDGE_CURVE('NONE',#11982,#390,#12117,.T.);
#12119=ORIENTED_EDGE('',*,*,#12118,.T.);
#12120=EDGE_LOOP('',(#12106,#12112,#12113,#12119));
#12121=FACE_BOUND('',#12120,.T.);
#12122=ADVANCED_FACE('NONE',(#12121),#12105,.F.);
#12123=CARTESIAN_POINT('',(13.12,-5.69,-0.3));
#12124=DIRECTION('',(0.,0.,1.));
#12125=DIRECTION('',(0.,-1.,0.));
#12126=AXIS2_PLACEMENT_3D('',#12123,#12124,#12125);
#12127=CYLINDRICAL_SURFACE('',#12126,0.39);
#12128=ORIENTED_EDGE('',*,*,#12004,.F.);
#12129=ORIENTED_EDGE('',*,*,#12111,.F.);
#12130=ORIENTED_EDGE('',*,*,#387,.F.);
#12131=CARTESIAN_POINT('',(13.12,-5.3,-0.3));
#12132=DIRECTION('',(0.,0.,1.));
#12133=VECTOR('',#12132,0.1);
#12134=LINE('',#12131,#12133);
#12135=EDGE_CURVE('',#11998,#373,#12134,.T.);
#12136=ORIENTED_EDGE('',*,*,#12135,.F.);
#12137=EDGE_LOOP('',(#12128,#12129,#12130,#12136));
#12138=FACE_BOUND('',#12137,.T.);
#12139=ADVANCED_FACE('',(#12138),#12127,.F.);
#12140=CARTESIAN_POINT('',(6.21,-5.3,-0.3));
#12141=DIRECTION('',(-0.,-1.,0.));
#12142=DIRECTION('',(1.,-0.,0.));
#12143=AXIS2_PLACEMENT_3D('',#12140,#12141,#12142);
#12144=PLANE('',#12143);
#12145=ORIENTED_EDGE('',*,*,#12012,.T.);
#12146=ORIENTED_EDGE('',*,*,#12135,.T.);
#12147=ORIENTED_EDGE('',*,*,#378,.F.);
#12148=CARTESIAN_POINT('',(13.1,-5.3,-0.2));
#12149=DIRECTION('',(-0.,-0.,-1.));
#12150=VECTOR('',#12149,0.1);
#12151=LINE('',#12148,#12150);
#12152=EDGE_CURVE('',#364,#12007,#12151,.T.);
#12153=ORIENTED_EDGE('',*,*,#12152,.T.);
#12154=EDGE_LOOP('',(#12145,#12146,#12147,#12153));
#12155=FACE_BOUND('',#12154,.T.);
#12156=ADVANCED_FACE('',(#12155),#12144,.T.);
#12157=CARTESIAN_POINT('',(13.1,-5.69,-0.3));
#12158=DIRECTION('',(0.,0.,1.));
#12159=DIRECTION('',(0.,-1.,0.));
#12160=AXIS2_PLACEMENT_3D('',#12157,#12158,#12159);
#12161=CYLINDRICAL_SURFACE('',#12160,0.39);
#12162=ORIENTED_EDGE('',*,*,#12021,.F.);
#12163=ORIENTED_EDGE('',*,*,#12152,.F.);
#12164=ORIENTED_EDGE('',*,*,#370,.F.);
#12165=CARTESIAN_POINT('',(12.71,-5.69,-0.3));
#12166=DIRECTION('',(0.,0.,1.));
#12167=VECTOR('',#12166,0.1);
#12168=LINE('',#12165,#12167);
#12169=EDGE_CURVE('',#12015,#356,#12168,.T.);
#12170=ORIENTED_EDGE('',*,*,#12169,.F.);
#12171=EDGE_LOOP('',(#12162,#12163,#12164,#12170));
#12172=FACE_BOUND('',#12171,.T.);
#12173=ADVANCED_FACE('',(#12172),#12161,.F.);
#12174=CARTESIAN_POINT('',(12.71,-6.,-0.3));
#12175=DIRECTION('',(-1.,0.,0.));
#12176=DIRECTION('',(0.,-1.,0.));
#12177=AXIS2_PLACEMENT_3D('',#12174,#12175,#12176);
#12178=PLANE('',#12177);
#12179=ORIENTED_EDGE('',*,*,#12027,.F.);
#12180=ORIENTED_EDGE('',*,*,#12169,.T.);
#12181=ORIENTED_EDGE('',*,*,#361,.T.);
#12182=ORIENTED_EDGE('',*,*,#3708,.F.);
#12183=EDGE_LOOP('',(#12179,#12180,#12181,#12182));
#12184=FACE_BOUND('',#12183,.T.);
#12185=ADVANCED_FACE('NONE',(#12184),#12178,.F.);
#12186=CARTESIAN_POINT('',(-11.29,-6.3,-1.));
#12187=DIRECTION('',(0.,-1.,0.));
#12188=DIRECTION('',(1.,0.,0.));
#12189=AXIS2_PLACEMENT_3D('',#12186,#12187,#12188);
#12190=PLANE('',#12189);
#12191=ORIENTED_EDGE('',*,*,#3150,.T.);
#12192=CARTESIAN_POINT('',(14.285,-6.3,-0.3));
#12193=VERTEX_POINT('',#12192);
#12194=CARTESIAN_POINT('',(14.285,-6.3,-1.));
#12195=DIRECTION('',(0.,0.,1.));
#12196=VECTOR('',#12195,0.7);
#12197=LINE('',#12194,#12196);
#12198=EDGE_CURVE('',#3137,#12193,#12197,.T.);
#12199=ORIENTED_EDGE('',*,*,#12198,.T.);
#12200=CARTESIAN_POINT('',(14.21,-6.3,-0.3));
#12201=VERTEX_POINT('',#12200);
#12202=CARTESIAN_POINT('',(14.21,-6.3,-0.3));
#12203=DIRECTION('',(1.,0.,-0.));
#12204=VECTOR('',#12203,0.075);
#12205=LINE('',#12202,#12204);
#12206=EDGE_CURVE('NONE',#12201,#12193,#12205,.T.);
#12207=ORIENTED_EDGE('',*,*,#12206,.F.);
#12208=CARTESIAN_POINT('',(14.21,-6.3,-0.3));
#12209=DIRECTION('',(0.,0.,1.));
#12210=VECTOR('',#12209,0.1);
#12211=LINE('',#12208,#12210);
#12212=EDGE_CURVE('NONE',#12201,#398,#12211,.T.);
#12213=ORIENTED_EDGE('',*,*,#12212,.T.);
#12214=ORIENTED_EDGE('',*,*,#403,.F.);
#12215=ORIENTED_EDGE('',*,*,#12118,.F.);
#12216=ORIENTED_EDGE('',*,*,#11987,.F.);
#12217=ORIENTED_EDGE('',*,*,#12096,.F.);
#12218=EDGE_LOOP('',(#12191,#12199,#12207,#12213,#12214,#12215,#12216,#12217));
#12219=FACE_BOUND('',#12218,.T.);
#12220=ADVANCED_FACE('',(#12219),#12190,.T.);
#12221=OVER_RIDING_STYLED_ITEM('',(#1986),#12220,#89);
#12222=CARTESIAN_POINT('',(14.61,-6.3,-0.3));
#12223=DIRECTION('',(0.,0.,1.));
#12224=DIRECTION('',(0.,-1.,0.));
#12225=AXIS2_PLACEMENT_3D('',#12222,#12223,#12224);
#12226=PLANE('',#12225);
#12227=CARTESIAN_POINT('',(14.285,-5.925652852,-0.3));
#12228=VERTEX_POINT('',#12227);
#12229=CARTESIAN_POINT('',(14.285,-6.3,-0.3));
#12230=DIRECTION('',(0.,1.,-0.));
#12231=VECTOR('',#12230,0.374347148);
#12232=LINE('',#12229,#12231);
#12233=EDGE_CURVE('',#12193,#12228,#12232,.T.);
#12234=ORIENTED_EDGE('',*,*,#12233,.T.);
#12235=CARTESIAN_POINT('',(14.61,-5.595690733,-0.3));
#12236=VERTEX_POINT('',#12235);
#12237=CARTESIAN_POINT('',(14.615,-5.925652852,-0.3));
#12238=DIRECTION('',(-0.,-0.,-1.));
#12239=DIRECTION('',(0.,-1.,0.));
#12240=AXIS2_PLACEMENT_3D('',#12237,#12238,#12239);
#12241=CIRCLE('',#12240,0.33);
#12242=EDGE_CURVE('',#12228,#12236,#12241,.T.);
#12243=ORIENTED_EDGE('',*,*,#12242,.T.);
#12244=CARTESIAN_POINT('',(14.935,-5.925652852,-0.3));
#12245=VERTEX_POINT('',#12244);
#12246=CARTESIAN_POINT('',(14.605,-5.925652852,-0.3));
#12247=DIRECTION('',(-0.,-0.,-1.));
#12248=DIRECTION('',(0.,-1.,0.));
#12249=AXIS2_PLACEMENT_3D('',#12246,#12247,#12248);
#12250=CIRCLE('',#12249,0.33);
#12251=EDGE_CURVE('',#12236,#12245,#12250,.T.);
#12252=ORIENTED_EDGE('',*,*,#12251,.T.);
#12253=CARTESIAN_POINT('',(14.935,-6.3,-0.3));
#12254=VERTEX_POINT('',#12253);
#12255=CARTESIAN_POINT('',(14.935,-5.925652852,-0.3));
#12256=DIRECTION('',(-0.,-1.,0.));
#12257=VECTOR('',#12256,0.374347148);
#12258=LINE('',#12255,#12257);
#12259=EDGE_CURVE('',#12245,#12254,#12258,.T.);
#12260=ORIENTED_EDGE('',*,*,#12259,.T.);
#12261=CARTESIAN_POINT('',(15.01,-6.3,-0.3));
#12262=VERTEX_POINT('',#12261);
#12263=CARTESIAN_POINT('',(14.935,-6.3,-0.3));
#12264=DIRECTION('',(1.,0.,-0.));
#12265=VECTOR('',#12264,0.075);
#12266=LINE('',#12263,#12265);
#12267=EDGE_CURVE('',#12254,#12262,#12266,.T.);
#12268=ORIENTED_EDGE('',*,*,#12267,.T.);
#12269=CARTESIAN_POINT('',(15.01,-5.69,-0.3));
#12270=VERTEX_POINT('',#12269);
#12271=CARTESIAN_POINT('',(15.01,-6.3,-0.3));
#12272=DIRECTION('',(-0.,1.,-0.));
#12273=VECTOR('',#12272,0.61);
#12274=LINE('',#12271,#12273);
#12275=EDGE_CURVE('NONE',#12262,#12270,#12274,.T.);
#12276=ORIENTED_EDGE('',*,*,#12275,.T.);
#12277=CARTESIAN_POINT('',(14.62,-5.3,-0.3));
#12278=VERTEX_POINT('',#12277);
#12279=CARTESIAN_POINT('',(14.62,-5.69,-0.3));
#12280=DIRECTION('',(0.,0.,1.));
#12281=DIRECTION('',(0.,-1.,0.));
#12282=AXIS2_PLACEMENT_3D('',#12279,#12280,#12281);
#12283=CIRCLE('',#12282,0.39);
#12284=EDGE_CURVE('',#12270,#12278,#12283,.T.);
#12285=ORIENTED_EDGE('',*,*,#12284,.T.);
#12286=CARTESIAN_POINT('',(14.6,-5.3,-0.3));
#12287=VERTEX_POINT('',#12286);
#12288=CARTESIAN_POINT('',(14.6,-5.3,-0.3));
#12289=DIRECTION('',(1.,-0.,0.));
#12290=VECTOR('',#12289,0.02);
#12291=LINE('',#12288,#12290);
#12292=EDGE_CURVE('',#12287,#12278,#12291,.T.);
#12293=ORIENTED_EDGE('',*,*,#12292,.F.);
#12294=CARTESIAN_POINT('',(14.21,-5.69,-0.3));
#12295=VERTEX_POINT('',#12294);
#12296=CARTESIAN_POINT('',(14.6,-5.69,-0.3));
#12297=DIRECTION('',(0.,0.,1.));
#12298=DIRECTION('',(0.,-1.,0.));
#12299=AXIS2_PLACEMENT_3D('',#12296,#12297,#12298);
#12300=CIRCLE('',#12299,0.39);
#12301=EDGE_CURVE('',#12287,#12295,#12300,.T.);
#12302=ORIENTED_EDGE('',*,*,#12301,.T.);
#12303=CARTESIAN_POINT('',(14.21,-5.69,-0.3));
#12304=DIRECTION('',(0.,-1.,0.));
#12305=VECTOR('',#12304,0.61);
#12306=LINE('',#12303,#12305);
#12307=EDGE_CURVE('',#12295,#12201,#12306,.T.);
#12308=ORIENTED_EDGE('',*,*,#12307,.T.);
#12309=ORIENTED_EDGE('',*,*,#12206,.T.);
#12310=EDGE_LOOP('',(#12234,#12243,#12252,#12260,#12268,#12276,#12285,#12293,#12302,#12308,#12309));
#12311=FACE_BOUND('',#12310,.T.);
#12312=ADVANCED_FACE('',(#12311),#12226,.T.);
#12313=CARTESIAN_POINT('',(14.285,-6.3,-1.8));
#12314=DIRECTION('',(1.,-0.,0.));
#12315=DIRECTION('',(0.,1.,0.));
#12316=AXIS2_PLACEMENT_3D('',#12313,#12314,#12315);
#12317=PLANE('',#12316);
#12318=ORIENTED_EDGE('',*,*,#3142,.F.);
#12319=CARTESIAN_POINT('',(14.285,-5.925652852,-1.));
#12320=DIRECTION('',(0.,0.,1.));
#12321=VECTOR('',#12320,0.7);
#12322=LINE('',#12319,#12321);
#12323=EDGE_CURVE('',#3128,#12228,#12322,.T.);
#12324=ORIENTED_EDGE('',*,*,#12323,.T.);
#12325=ORIENTED_EDGE('',*,*,#12233,.F.);
#12326=ORIENTED_EDGE('',*,*,#12198,.F.);
#12327=EDGE_LOOP('',(#12318,#12324,#12325,#12326));
#12328=FACE_BOUND('',#12327,.T.);
#12329=ADVANCED_FACE('',(#12328),#12317,.T.);
#12330=CARTESIAN_POINT('',(14.615,-5.925652852,-1.8));
#12331=DIRECTION('',(0.,-0.,-1.));
#12332=DIRECTION('',(0.,1.,-0.));
#12333=AXIS2_PLACEMENT_3D('',#12330,#12331,#12332);
#12334=CYLINDRICAL_SURFACE('',#12333,0.33);
#12335=ORIENTED_EDGE('',*,*,#12323,.F.);
#12336=ORIENTED_EDGE('',*,*,#3134,.F.);
#12337=CARTESIAN_POINT('',(14.61,-5.595690733,-0.3));
#12338=DIRECTION('',(0.,-0.,-1.));
#12339=VECTOR('',#12338,0.7);
#12340=LINE('',#12337,#12339);
#12341=EDGE_CURVE('',#12236,#3119,#12340,.T.);
#12342=ORIENTED_EDGE('',*,*,#12341,.F.);
#12343=ORIENTED_EDGE('',*,*,#12242,.F.);
#12344=EDGE_LOOP('',(#12335,#12336,#12342,#12343));
#12345=FACE_BOUND('',#12344,.T.);
#12346=ADVANCED_FACE('',(#12345),#12334,.F.);
#12347=CARTESIAN_POINT('',(14.605,-5.925652852,-1.8));
#12348=DIRECTION('',(-0.,-0.,-1.));
#12349=DIRECTION('',(0.,1.,-0.));
#12350=AXIS2_PLACEMENT_3D('',#12347,#12348,#12349);
#12351=CYLINDRICAL_SURFACE('',#12350,0.33);
#12352=ORIENTED_EDGE('',*,*,#3125,.F.);
#12353=CARTESIAN_POINT('',(14.935,-5.925652852,-0.3));
#12354=DIRECTION('',(-0.,-0.,-1.));
#12355=VECTOR('',#12354,0.7);
#12356=LINE('',#12353,#12355);
#12357=EDGE_CURVE('',#12245,#3111,#12356,.T.);
#12358=ORIENTED_EDGE('',*,*,#12357,.F.);
#12359=ORIENTED_EDGE('',*,*,#12251,.F.);
#12360=ORIENTED_EDGE('',*,*,#12341,.T.);
#12361=EDGE_LOOP('',(#12352,#12358,#12359,#12360));
#12362=FACE_BOUND('',#12361,.T.);
#12363=ADVANCED_FACE('',(#12362),#12351,.F.);
#12364=CARTESIAN_POINT('',(14.935,-6.3,-1.8));
#12365=DIRECTION('',(-1.,0.,-0.));
#12366=DIRECTION('',(-0.,-1.,0.));
#12367=AXIS2_PLACEMENT_3D('',#12364,#12365,#12366);
#12368=PLANE('',#12367);
#12369=ORIENTED_EDGE('',*,*,#12259,.F.);
#12370=ORIENTED_EDGE('',*,*,#12357,.T.);
#12371=ORIENTED_EDGE('',*,*,#3116,.F.);
#12372=CARTESIAN_POINT('',(14.935,-6.3,-1.));
#12373=DIRECTION('',(0.,0.,1.));
#12374=VECTOR('',#12373,0.7);
#12375=LINE('',#12372,#12374);
#12376=EDGE_CURVE('',#3103,#12254,#12375,.T.);
#12377=ORIENTED_EDGE('',*,*,#12376,.T.);
#12378=EDGE_LOOP('',(#12369,#12370,#12371,#12377));
#12379=FACE_BOUND('',#12378,.T.);
#12380=ADVANCED_FACE('',(#12379),#12368,.T.);
#12381=CARTESIAN_POINT('',(15.01,-6.,-0.3));
#12382=DIRECTION('',(1.,0.,-0.));
#12383=DIRECTION('',(-0.,1.,-0.));
#12384=AXIS2_PLACEMENT_3D('',#12381,#12382,#12383);
#12385=PLANE('',#12384);
#12386=ORIENTED_EDGE('',*,*,#445,.T.);
#12387=CARTESIAN_POINT('',(15.01,-5.69,-0.2));
#12388=DIRECTION('',(-0.,-0.,-1.));
#12389=VECTOR('',#12388,0.1);
#12390=LINE('',#12387,#12389);
#12391=EDGE_CURVE('',#431,#12270,#12390,.T.);
#12392=ORIENTED_EDGE('',*,*,#12391,.T.);
#12393=ORIENTED_EDGE('',*,*,#12275,.F.);
#12394=CARTESIAN_POINT('',(15.01,-6.3,-0.3));
#12395=DIRECTION('',(0.,0.,1.));
#12396=VECTOR('',#12395,0.1);
#12397=LINE('',#12394,#12396);
#12398=EDGE_CURVE('NONE',#12262,#440,#12397,.T.);
#12399=ORIENTED_EDGE('',*,*,#12398,.T.);
#12400=EDGE_LOOP('',(#12386,#12392,#12393,#12399));
#12401=FACE_BOUND('',#12400,.T.);
#12402=ADVANCED_FACE('NONE',(#12401),#12385,.F.);
#12403=CARTESIAN_POINT('',(14.62,-5.69,-0.3));
#12404=DIRECTION('',(0.,0.,1.));
#12405=DIRECTION('',(0.,-1.,0.));
#12406=AXIS2_PLACEMENT_3D('',#12403,#12404,#12405);
#12407=CYLINDRICAL_SURFACE('',#12406,0.39);
#12408=ORIENTED_EDGE('',*,*,#12284,.F.);
#12409=ORIENTED_EDGE('',*,*,#12391,.F.);
#12410=ORIENTED_EDGE('',*,*,#437,.F.);
#12411=CARTESIAN_POINT('',(14.62,-5.3,-0.3));
#12412=DIRECTION('',(0.,0.,1.));
#12413=VECTOR('',#12412,0.1);
#12414=LINE('',#12411,#12413);
#12415=EDGE_CURVE('',#12278,#423,#12414,.T.);
#12416=ORIENTED_EDGE('',*,*,#12415,.F.);
#12417=EDGE_LOOP('',(#12408,#12409,#12410,#12416));
#12418=FACE_BOUND('',#12417,.T.);
#12419=ADVANCED_FACE('',(#12418),#12407,.F.);
#12420=CARTESIAN_POINT('',(7.71,-5.3,-0.3));
#12421=DIRECTION('',(-0.,-1.,0.));
#12422=DIRECTION('',(1.,-0.,0.));
#12423=AXIS2_PLACEMENT_3D('',#12420,#12421,#12422);
#12424=PLANE('',#12423);
#12425=ORIENTED_EDGE('',*,*,#12292,.T.);
#12426=ORIENTED_EDGE('',*,*,#12415,.T.);
#12427=ORIENTED_EDGE('',*,*,#428,.F.);
#12428=CARTESIAN_POINT('',(14.6,-5.3,-0.2));
#12429=DIRECTION('',(-0.,-0.,-1.));
#12430=VECTOR('',#12429,0.1);
#12431=LINE('',#12428,#12430);
#12432=EDGE_CURVE('',#414,#12287,#12431,.T.);
#12433=ORIENTED_EDGE('',*,*,#12432,.T.);
#12434=EDGE_LOOP('',(#12425,#12426,#12427,#12433));
#12435=FACE_BOUND('',#12434,.T.);
#12436=ADVANCED_FACE('',(#12435),#12424,.T.);
#12437=CARTESIAN_POINT('',(14.6,-5.69,-0.3));
#12438=DIRECTION('',(0.,0.,1.));
#12439=DIRECTION('',(0.,-1.,0.));
#12440=AXIS2_PLACEMENT_3D('',#12437,#12438,#12439);
#12441=CYLINDRICAL_SURFACE('',#12440,0.39);
#12442=ORIENTED_EDGE('',*,*,#12301,.F.);
#12443=ORIENTED_EDGE('',*,*,#12432,.F.);
#12444=ORIENTED_EDGE('',*,*,#420,.F.);
#12445=CARTESIAN_POINT('',(14.21,-5.69,-0.3));
#12446=DIRECTION('',(0.,0.,1.));
#12447=VECTOR('',#12446,0.1);
#12448=LINE('',#12445,#12447);
#12449=EDGE_CURVE('',#12295,#406,#12448,.T.);
#12450=ORIENTED_EDGE('',*,*,#12449,.F.);
#12451=EDGE_LOOP('',(#12442,#12443,#12444,#12450));
#12452=FACE_BOUND('',#12451,.T.);
#12453=ADVANCED_FACE('',(#12452),#12441,.F.);
#12454=CARTESIAN_POINT('',(14.21,-6.,-0.3));
#12455=DIRECTION('',(-1.,0.,0.));
#12456=DIRECTION('',(0.,-1.,0.));
#12457=AXIS2_PLACEMENT_3D('',#12454,#12455,#12456);
#12458=PLANE('',#12457);
#12459=ORIENTED_EDGE('',*,*,#12307,.F.);
#12460=ORIENTED_EDGE('',*,*,#12449,.T.);
#12461=ORIENTED_EDGE('',*,*,#411,.T.);
#12462=ORIENTED_EDGE('',*,*,#12212,.F.);
#12463=EDGE_LOOP('',(#12459,#12460,#12461,#12462));
#12464=FACE_BOUND('',#12463,.T.);
#12465=ADVANCED_FACE('NONE',(#12464),#12458,.F.);
#12466=CARTESIAN_POINT('',(-9.79,-6.3,-1.));
#12467=DIRECTION('',(0.,-1.,0.));
#12468=DIRECTION('',(1.,0.,0.));
#12469=AXIS2_PLACEMENT_3D('',#12466,#12467,#12468);
#12470=PLANE('',#12469);
#12471=ORIENTED_EDGE('',*,*,#3108,.T.);
#12472=CARTESIAN_POINT('',(15.785,-6.3,-0.3));
#12473=VERTEX_POINT('',#12472);
#12474=CARTESIAN_POINT('',(15.785,-6.3,-1.));
#12475=DIRECTION('',(0.,0.,1.));
#12476=VECTOR('',#12475,0.7);
#12477=LINE('',#12474,#12476);
#12478=EDGE_CURVE('',#3095,#12473,#12477,.T.);
#12479=ORIENTED_EDGE('',*,*,#12478,.T.);
#12480=CARTESIAN_POINT('',(15.71,-6.3,-0.3));
#12481=VERTEX_POINT('',#12480);
#12482=CARTESIAN_POINT('',(15.71,-6.3,-0.3));
#12483=DIRECTION('',(1.,0.,-0.));
#12484=VECTOR('',#12483,0.075);
#12485=LINE('',#12482,#12484);
#12486=EDGE_CURVE('NONE',#12481,#12473,#12485,.T.);
#12487=ORIENTED_EDGE('',*,*,#12486,.F.);
#12488=CARTESIAN_POINT('',(15.71,-6.3,-0.3));
#12489=DIRECTION('',(0.,0.,1.));
#12490=VECTOR('',#12489,0.1);
#12491=LINE('',#12488,#12490);
#12492=EDGE_CURVE('NONE',#12481,#448,#12491,.T.);
#12493=ORIENTED_EDGE('',*,*,#12492,.T.);
#12494=ORIENTED_EDGE('',*,*,#453,.F.);
#12495=ORIENTED_EDGE('',*,*,#12398,.F.);
#12496=ORIENTED_EDGE('',*,*,#12267,.F.);
#12497=ORIENTED_EDGE('',*,*,#12376,.F.);
#12498=EDGE_LOOP('',(#12471,#12479,#12487,#12493,#12494,#12495,#12496,#12497));
#12499=FACE_BOUND('',#12498,.T.);
#12500=ADVANCED_FACE('',(#12499),#12470,.T.);
#12501=OVER_RIDING_STYLED_ITEM('',(#1986),#12500,#89);
#12502=CARTESIAN_POINT('',(16.11,-6.3,-0.3));
#12503=DIRECTION('',(0.,0.,1.));
#12504=DIRECTION('',(0.,-1.,0.));
#12505=AXIS2_PLACEMENT_3D('',#12502,#12503,#12504);
#12506=PLANE('',#12505);
#12507=CARTESIAN_POINT('',(15.785,-5.925652852,-0.3));
#12508=VERTEX_POINT('',#12507);
#12509=CARTESIAN_POINT('',(15.785,-6.3,-0.3));
#12510=DIRECTION('',(0.,1.,-0.));
#12511=VECTOR('',#12510,0.374347148);
#12512=LINE('',#12509,#12511);
#12513=EDGE_CURVE('',#12473,#12508,#12512,.T.);
#12514=ORIENTED_EDGE('',*,*,#12513,.T.);
#12515=CARTESIAN_POINT('',(16.11,-5.595690733,-0.3));
#12516=VERTEX_POINT('',#12515);
#12517=CARTESIAN_POINT('',(16.115,-5.925652852,-0.3));
#12518=DIRECTION('',(-0.,-0.,-1.));
#12519=DIRECTION('',(0.,-1.,0.));
#12520=AXIS2_PLACEMENT_3D('',#12517,#12518,#12519);
#12521=CIRCLE('',#12520,0.33);
#12522=EDGE_CURVE('',#12508,#12516,#12521,.T.);
#12523=ORIENTED_EDGE('',*,*,#12522,.T.);
#12524=CARTESIAN_POINT('',(16.435,-5.925652852,-0.3));
#12525=VERTEX_POINT('',#12524);
#12526=CARTESIAN_POINT('',(16.105,-5.925652852,-0.3));
#12527=DIRECTION('',(-0.,-0.,-1.));
#12528=DIRECTION('',(0.,-1.,0.));
#12529=AXIS2_PLACEMENT_3D('',#12526,#12527,#12528);
#12530=CIRCLE('',#12529,0.33);
#12531=EDGE_CURVE('',#12516,#12525,#12530,.T.);
#12532=ORIENTED_EDGE('',*,*,#12531,.T.);
#12533=CARTESIAN_POINT('',(16.435,-6.3,-0.3));
#12534=VERTEX_POINT('',#12533);
#12535=CARTESIAN_POINT('',(16.435,-5.925652852,-0.3));
#12536=DIRECTION('',(-0.,-1.,0.));
#12537=VECTOR('',#12536,0.374347148);
#12538=LINE('',#12535,#12537);
#12539=EDGE_CURVE('',#12525,#12534,#12538,.T.);
#12540=ORIENTED_EDGE('',*,*,#12539,.T.);
#12541=CARTESIAN_POINT('',(16.51,-6.3,-0.3));
#12542=VERTEX_POINT('',#12541);
#12543=CARTESIAN_POINT('',(16.435,-6.3,-0.3));
#12544=DIRECTION('',(1.,0.,-0.));
#12545=VECTOR('',#12544,0.075);
#12546=LINE('',#12543,#12545);
#12547=EDGE_CURVE('',#12534,#12542,#12546,.T.);
#12548=ORIENTED_EDGE('',*,*,#12547,.T.);
#12549=CARTESIAN_POINT('',(16.51,-5.69,-0.3));
#12550=VERTEX_POINT('',#12549);
#12551=CARTESIAN_POINT('',(16.51,-6.3,-0.3));
#12552=DIRECTION('',(-0.,1.,-0.));
#12553=VECTOR('',#12552,0.61);
#12554=LINE('',#12551,#12553);
#12555=EDGE_CURVE('NONE',#12542,#12550,#12554,.T.);
#12556=ORIENTED_EDGE('',*,*,#12555,.T.);
#12557=CARTESIAN_POINT('',(16.12,-5.3,-0.3));
#12558=VERTEX_POINT('',#12557);
#12559=CARTESIAN_POINT('',(16.12,-5.69,-0.3));
#12560=DIRECTION('',(0.,0.,1.));
#12561=DIRECTION('',(0.,-1.,0.));
#12562=AXIS2_PLACEMENT_3D('',#12559,#12560,#12561);
#12563=CIRCLE('',#12562,0.39);
#12564=EDGE_CURVE('',#12550,#12558,#12563,.T.);
#12565=ORIENTED_EDGE('',*,*,#12564,.T.);
#12566=CARTESIAN_POINT('',(16.1,-5.3,-0.3));
#12567=VERTEX_POINT('',#12566);
#12568=CARTESIAN_POINT('',(16.1,-5.3,-0.3));
#12569=DIRECTION('',(1.,-0.,0.));
#12570=VECTOR('',#12569,0.02);
#12571=LINE('',#12568,#12570);
#12572=EDGE_CURVE('',#12567,#12558,#12571,.T.);
#12573=ORIENTED_EDGE('',*,*,#12572,.F.);
#12574=CARTESIAN_POINT('',(15.71,-5.69,-0.3));
#12575=VERTEX_POINT('',#12574);
#12576=CARTESIAN_POINT('',(16.1,-5.69,-0.3));
#12577=DIRECTION('',(0.,0.,1.));
#12578=DIRECTION('',(0.,-1.,0.));
#12579=AXIS2_PLACEMENT_3D('',#12576,#12577,#12578);
#12580=CIRCLE('',#12579,0.39);
#12581=EDGE_CURVE('',#12567,#12575,#12580,.T.);
#12582=ORIENTED_EDGE('',*,*,#12581,.T.);
#12583=CARTESIAN_POINT('',(15.71,-5.69,-0.3));
#12584=DIRECTION('',(0.,-1.,0.));
#12585=VECTOR('',#12584,0.61);
#12586=LINE('',#12583,#12585);
#12587=EDGE_CURVE('',#12575,#12481,#12586,.T.);
#12588=ORIENTED_EDGE('',*,*,#12587,.T.);
#12589=ORIENTED_EDGE('',*,*,#12486,.T.);
#12590=EDGE_LOOP('',(#12514,#12523,#12532,#12540,#12548,#12556,#12565,#12573,#12582,#12588,#12589));
#12591=FACE_BOUND('',#12590,.T.);
#12592=ADVANCED_FACE('',(#12591),#12506,.T.);
#12593=CARTESIAN_POINT('',(15.785,-6.3,-1.8));
#12594=DIRECTION('',(1.,-0.,0.));
#12595=DIRECTION('',(0.,1.,0.));
#12596=AXIS2_PLACEMENT_3D('',#12593,#12594,#12595);
#12597=PLANE('',#12596);
#12598=ORIENTED_EDGE('',*,*,#3100,.F.);
#12599=CARTESIAN_POINT('',(15.785,-5.925652852,-1.));
#12600=DIRECTION('',(0.,0.,1.));
#12601=VECTOR('',#12600,0.7);
#12602=LINE('',#12599,#12601);
#12603=EDGE_CURVE('',#3086,#12508,#12602,.T.);
#12604=ORIENTED_EDGE('',*,*,#12603,.T.);
#12605=ORIENTED_EDGE('',*,*,#12513,.F.);
#12606=ORIENTED_EDGE('',*,*,#12478,.F.);
#12607=EDGE_LOOP('',(#12598,#12604,#12605,#12606));
#12608=FACE_BOUND('',#12607,.T.);
#12609=ADVANCED_FACE('',(#12608),#12597,.T.);
#12610=CARTESIAN_POINT('',(16.115,-5.925652852,-1.8));
#12611=DIRECTION('',(0.,-0.,-1.));
#12612=DIRECTION('',(0.,1.,-0.));
#12613=AXIS2_PLACEMENT_3D('',#12610,#12611,#12612);
#12614=CYLINDRICAL_SURFACE('',#12613,0.33);
#12615=ORIENTED_EDGE('',*,*,#12603,.F.);
#12616=ORIENTED_EDGE('',*,*,#3092,.F.);
#12617=CARTESIAN_POINT('',(16.11,-5.595690733,-0.3));
#12618=DIRECTION('',(0.,-0.,-1.));
#12619=VECTOR('',#12618,0.7);
#12620=LINE('',#12617,#12619);
#12621=EDGE_CURVE('',#12516,#3077,#12620,.T.);
#12622=ORIENTED_EDGE('',*,*,#12621,.F.);
#12623=ORIENTED_EDGE('',*,*,#12522,.F.);
#12624=EDGE_LOOP('',(#12615,#12616,#12622,#12623));
#12625=FACE_BOUND('',#12624,.T.);
#12626=ADVANCED_FACE('',(#12625),#12614,.F.);
#12627=CARTESIAN_POINT('',(16.105,-5.925652852,-1.8));
#12628=DIRECTION('',(-0.,-0.,-1.));
#12629=DIRECTION('',(0.,1.,-0.));
#12630=AXIS2_PLACEMENT_3D('',#12627,#12628,#12629);
#12631=CYLINDRICAL_SURFACE('',#12630,0.33);
#12632=ORIENTED_EDGE('',*,*,#3083,.F.);
#12633=CARTESIAN_POINT('',(16.435,-5.925652852,-0.3));
#12634=DIRECTION('',(-0.,-0.,-1.));
#12635=VECTOR('',#12634,0.7);
#12636=LINE('',#12633,#12635);
#12637=EDGE_CURVE('',#12525,#3069,#12636,.T.);
#12638=ORIENTED_EDGE('',*,*,#12637,.F.);
#12639=ORIENTED_EDGE('',*,*,#12531,.F.);
#12640=ORIENTED_EDGE('',*,*,#12621,.T.);
#12641=EDGE_LOOP('',(#12632,#12638,#12639,#12640));
#12642=FACE_BOUND('',#12641,.T.);
#12643=ADVANCED_FACE('',(#12642),#12631,.F.);
#12644=CARTESIAN_POINT('',(16.435,-6.3,-1.8));
#12645=DIRECTION('',(-1.,0.,-0.));
#12646=DIRECTION('',(-0.,-1.,0.));
#12647=AXIS2_PLACEMENT_3D('',#12644,#12645,#12646);
#12648=PLANE('',#12647);
#12649=ORIENTED_EDGE('',*,*,#12539,.F.);
#12650=ORIENTED_EDGE('',*,*,#12637,.T.);
#12651=ORIENTED_EDGE('',*,*,#3074,.F.);
#12652=CARTESIAN_POINT('',(16.435,-6.3,-1.));
#12653=DIRECTION('',(0.,0.,1.));
#12654=VECTOR('',#12653,0.7);
#12655=LINE('',#12652,#12654);
#12656=EDGE_CURVE('',#3061,#12534,#12655,.T.);
#12657=ORIENTED_EDGE('',*,*,#12656,.T.);
#12658=EDGE_LOOP('',(#12649,#12650,#12651,#12657));
#12659=FACE_BOUND('',#12658,.T.);
#12660=ADVANCED_FACE('',(#12659),#12648,.T.);
#12661=CARTESIAN_POINT('',(16.51,-6.,-0.3));
#12662=DIRECTION('',(1.,0.,-0.));
#12663=DIRECTION('',(-0.,1.,-0.));
#12664=AXIS2_PLACEMENT_3D('',#12661,#12662,#12663);
#12665=PLANE('',#12664);
#12666=ORIENTED_EDGE('',*,*,#495,.T.);
#12667=CARTESIAN_POINT('',(16.51,-5.69,-0.2));
#12668=DIRECTION('',(-0.,-0.,-1.));
#12669=VECTOR('',#12668,0.1);
#12670=LINE('',#12667,#12669);
#12671=EDGE_CURVE('',#481,#12550,#12670,.T.);
#12672=ORIENTED_EDGE('',*,*,#12671,.T.);
#12673=ORIENTED_EDGE('',*,*,#12555,.F.);
#12674=CARTESIAN_POINT('',(16.51,-6.3,-0.3));
#12675=DIRECTION('',(0.,0.,1.));
#12676=VECTOR('',#12675,0.1);
#12677=LINE('',#12674,#12676);
#12678=EDGE_CURVE('NONE',#12542,#490,#12677,.T.);
#12679=ORIENTED_EDGE('',*,*,#12678,.T.);
#12680=EDGE_LOOP('',(#12666,#12672,#12673,#12679));
#12681=FACE_BOUND('',#12680,.T.);
#12682=ADVANCED_FACE('NONE',(#12681),#12665,.F.);
#12683=CARTESIAN_POINT('',(16.12,-5.69,-0.3));
#12684=DIRECTION('',(0.,0.,1.));
#12685=DIRECTION('',(0.,-1.,0.));
#12686=AXIS2_PLACEMENT_3D('',#12683,#12684,#12685);
#12687=CYLINDRICAL_SURFACE('',#12686,0.39);
#12688=ORIENTED_EDGE('',*,*,#12564,.F.);
#12689=ORIENTED_EDGE('',*,*,#12671,.F.);
#12690=ORIENTED_EDGE('',*,*,#487,.F.);
#12691=CARTESIAN_POINT('',(16.12,-5.3,-0.3));
#12692=DIRECTION('',(0.,0.,1.));
#12693=VECTOR('',#12692,0.1);
#12694=LINE('',#12691,#12693);
#12695=EDGE_CURVE('',#12558,#473,#12694,.T.);
#12696=ORIENTED_EDGE('',*,*,#12695,.F.);
#12697=EDGE_LOOP('',(#12688,#12689,#12690,#12696));
#12698=FACE_BOUND('',#12697,.T.);
#12699=ADVANCED_FACE('',(#12698),#12687,.F.);
#12700=CARTESIAN_POINT('',(9.21,-5.3,-0.3));
#12701=DIRECTION('',(-0.,-1.,0.));
#12702=DIRECTION('',(1.,-0.,0.));
#12703=AXIS2_PLACEMENT_3D('',#12700,#12701,#12702);
#12704=PLANE('',#12703);
#12705=ORIENTED_EDGE('',*,*,#12572,.T.);
#12706=ORIENTED_EDGE('',*,*,#12695,.T.);
#12707=ORIENTED_EDGE('',*,*,#478,.F.);
#12708=CARTESIAN_POINT('',(16.1,-5.3,-0.2));
#12709=DIRECTION('',(-0.,-0.,-1.));
#12710=VECTOR('',#12709,0.1);
#12711=LINE('',#12708,#12710);
#12712=EDGE_CURVE('',#464,#12567,#12711,.T.);
#12713=ORIENTED_EDGE('',*,*,#12712,.T.);
#12714=EDGE_LOOP('',(#12705,#12706,#12707,#12713));
#12715=FACE_BOUND('',#12714,.T.);
#12716=ADVANCED_FACE('',(#12715),#12704,.T.);
#12717=CARTESIAN_POINT('',(16.1,-5.69,-0.3));
#12718=DIRECTION('',(0.,0.,1.));
#12719=DIRECTION('',(0.,-1.,0.));
#12720=AXIS2_PLACEMENT_3D('',#12717,#12718,#12719);
#12721=CYLINDRICAL_SURFACE('',#12720,0.39);
#12722=ORIENTED_EDGE('',*,*,#12581,.F.);
#12723=ORIENTED_EDGE('',*,*,#12712,.F.);
#12724=ORIENTED_EDGE('',*,*,#470,.F.);
#12725=CARTESIAN_POINT('',(15.71,-5.69,-0.3));
#12726=DIRECTION('',(0.,0.,1.));
#12727=VECTOR('',#12726,0.1);
#12728=LINE('',#12725,#12727);
#12729=EDGE_CURVE('',#12575,#456,#12728,.T.);
#12730=ORIENTED_EDGE('',*,*,#12729,.F.);
#12731=EDGE_LOOP('',(#12722,#12723,#12724,#12730));
#12732=FACE_BOUND('',#12731,.T.);
#12733=ADVANCED_FACE('',(#12732),#12721,.F.);
#12734=CARTESIAN_POINT('',(15.71,-6.,-0.3));
#12735=DIRECTION('',(-1.,0.,0.));
#12736=DIRECTION('',(0.,-1.,0.));
#12737=AXIS2_PLACEMENT_3D('',#12734,#12735,#12736);
#12738=PLANE('',#12737);
#12739=ORIENTED_EDGE('',*,*,#12587,.F.);
#12740=ORIENTED_EDGE('',*,*,#12729,.T.);
#12741=ORIENTED_EDGE('',*,*,#461,.T.);
#12742=ORIENTED_EDGE('',*,*,#12492,.F.);
#12743=EDGE_LOOP('',(#12739,#12740,#12741,#12742));
#12744=FACE_BOUND('',#12743,.T.);
#12745=ADVANCED_FACE('NONE',(#12744),#12738,.F.);
#12746=CARTESIAN_POINT('',(-8.29,-6.3,-1.));
#12747=DIRECTION('',(0.,-1.,0.));
#12748=DIRECTION('',(1.,0.,0.));
#12749=AXIS2_PLACEMENT_3D('',#12746,#12747,#12748);
#12750=PLANE('',#12749);
#12751=ORIENTED_EDGE('',*,*,#3066,.T.);
#12752=CARTESIAN_POINT('',(17.285,-6.3,-0.3));
#12753=VERTEX_POINT('',#12752);
#12754=CARTESIAN_POINT('',(17.285,-6.3,-1.));
#12755=DIRECTION('',(0.,0.,1.));
#12756=VECTOR('',#12755,0.7);
#12757=LINE('',#12754,#12756);
#12758=EDGE_CURVE('',#3053,#12753,#12757,.T.);
#12759=ORIENTED_EDGE('',*,*,#12758,.T.);
#12760=CARTESIAN_POINT('',(17.21,-6.3,-0.3));
#12761=VERTEX_POINT('',#12760);
#12762=CARTESIAN_POINT('',(17.21,-6.3,-0.3));
#12763=DIRECTION('',(1.,0.,-0.));
#12764=VECTOR('',#12763,0.075);
#12765=LINE('',#12762,#12764);
#12766=EDGE_CURVE('NONE',#12761,#12753,#12765,.T.);
#12767=ORIENTED_EDGE('',*,*,#12766,.F.);
#12768=CARTESIAN_POINT('',(17.21,-6.3,-0.3));
#12769=DIRECTION('',(0.,0.,1.));
#12770=VECTOR('',#12769,0.1);
#12771=LINE('',#12768,#12770);
#12772=EDGE_CURVE('NONE',#12761,#498,#12771,.T.);
#12773=ORIENTED_EDGE('',*,*,#12772,.T.);
#12774=ORIENTED_EDGE('',*,*,#503,.F.);
#12775=ORIENTED_EDGE('',*,*,#12678,.F.);
#12776=ORIENTED_EDGE('',*,*,#12547,.F.);
#12777=ORIENTED_EDGE('',*,*,#12656,.F.);
#12778=EDGE_LOOP('',(#12751,#12759,#12767,#12773,#12774,#12775,#12776,#12777));
#12779=FACE_BOUND('',#12778,.T.);
#12780=ADVANCED_FACE('',(#12779),#12750,.T.);
#12781=OVER_RIDING_STYLED_ITEM('',(#1986),#12780,#89);
#12782=CARTESIAN_POINT('',(17.61,-6.3,-0.3));
#12783=DIRECTION('',(0.,0.,1.));
#12784=DIRECTION('',(0.,-1.,0.));
#12785=AXIS2_PLACEMENT_3D('',#12782,#12783,#12784);
#12786=PLANE('',#12785);
#12787=CARTESIAN_POINT('',(17.285,-5.925652852,-0.3));
#12788=VERTEX_POINT('',#12787);
#12789=CARTESIAN_POINT('',(17.285,-6.3,-0.3));
#12790=DIRECTION('',(0.,1.,-0.));
#12791=VECTOR('',#12790,0.374347148);
#12792=LINE('',#12789,#12791);
#12793=EDGE_CURVE('',#12753,#12788,#12792,.T.);
#12794=ORIENTED_EDGE('',*,*,#12793,.T.);
#12795=CARTESIAN_POINT('',(17.61,-5.595690733,-0.3));
#12796=VERTEX_POINT('',#12795);
#12797=CARTESIAN_POINT('',(17.615,-5.925652852,-0.3));
#12798=DIRECTION('',(-0.,-0.,-1.));
#12799=DIRECTION('',(0.,-1.,0.));
#12800=AXIS2_PLACEMENT_3D('',#12797,#12798,#12799);
#12801=CIRCLE('',#12800,0.33);
#12802=EDGE_CURVE('',#12788,#12796,#12801,.T.);
#12803=ORIENTED_EDGE('',*,*,#12802,.T.);
#12804=CARTESIAN_POINT('',(17.935,-5.925652852,-0.3));
#12805=VERTEX_POINT('',#12804);
#12806=CARTESIAN_POINT('',(17.605,-5.925652852,-0.3));
#12807=DIRECTION('',(-0.,-0.,-1.));
#12808=DIRECTION('',(0.,-1.,0.));
#12809=AXIS2_PLACEMENT_3D('',#12806,#12807,#12808);
#12810=CIRCLE('',#12809,0.33);
#12811=EDGE_CURVE('',#12796,#12805,#12810,.T.);
#12812=ORIENTED_EDGE('',*,*,#12811,.T.);
#12813=CARTESIAN_POINT('',(17.935,-6.3,-0.3));
#12814=VERTEX_POINT('',#12813);
#12815=CARTESIAN_POINT('',(17.935,-5.925652852,-0.3));
#12816=DIRECTION('',(-0.,-1.,0.));
#12817=VECTOR('',#12816,0.374347148);
#12818=LINE('',#12815,#12817);
#12819=EDGE_CURVE('',#12805,#12814,#12818,.T.);
#12820=ORIENTED_EDGE('',*,*,#12819,.T.);
#12821=CARTESIAN_POINT('',(18.01,-6.3,-0.3));
#12822=VERTEX_POINT('',#12821);
#12823=CARTESIAN_POINT('',(17.935,-6.3,-0.3));
#12824=DIRECTION('',(1.,0.,-0.));
#12825=VECTOR('',#12824,0.075);
#12826=LINE('',#12823,#12825);
#12827=EDGE_CURVE('',#12814,#12822,#12826,.T.);
#12828=ORIENTED_EDGE('',*,*,#12827,.T.);
#12829=CARTESIAN_POINT('',(18.01,-5.69,-0.3));
#12830=VERTEX_POINT('',#12829);
#12831=CARTESIAN_POINT('',(18.01,-6.3,-0.3));
#12832=DIRECTION('',(-0.,1.,-0.));
#12833=VECTOR('',#12832,0.61);
#12834=LINE('',#12831,#12833);
#12835=EDGE_CURVE('NONE',#12822,#12830,#12834,.T.);
#12836=ORIENTED_EDGE('',*,*,#12835,.T.);
#12837=CARTESIAN_POINT('',(17.62,-5.3,-0.3));
#12838=VERTEX_POINT('',#12837);
#12839=CARTESIAN_POINT('',(17.62,-5.69,-0.3));
#12840=DIRECTION('',(0.,0.,1.));
#12841=DIRECTION('',(0.,-1.,0.));
#12842=AXIS2_PLACEMENT_3D('',#12839,#12840,#12841);
#12843=CIRCLE('',#12842,0.39);
#12844=EDGE_CURVE('',#12830,#12838,#12843,.T.);
#12845=ORIENTED_EDGE('',*,*,#12844,.T.);
#12846=CARTESIAN_POINT('',(17.6,-5.3,-0.3));
#12847=VERTEX_POINT('',#12846);
#12848=CARTESIAN_POINT('',(17.6,-5.3,-0.3));
#12849=DIRECTION('',(1.,-0.,0.));
#12850=VECTOR('',#12849,0.02);
#12851=LINE('',#12848,#12850);
#12852=EDGE_CURVE('',#12847,#12838,#12851,.T.);
#12853=ORIENTED_EDGE('',*,*,#12852,.F.);
#12854=CARTESIAN_POINT('',(17.21,-5.69,-0.3));
#12855=VERTEX_POINT('',#12854);
#12856=CARTESIAN_POINT('',(17.6,-5.69,-0.3));
#12857=DIRECTION('',(0.,0.,1.));
#12858=DIRECTION('',(0.,-1.,0.));
#12859=AXIS2_PLACEMENT_3D('',#12856,#12857,#12858);
#12860=CIRCLE('',#12859,0.39);
#12861=EDGE_CURVE('',#12847,#12855,#12860,.T.);
#12862=ORIENTED_EDGE('',*,*,#12861,.T.);
#12863=CARTESIAN_POINT('',(17.21,-5.69,-0.3));
#12864=DIRECTION('',(0.,-1.,0.));
#12865=VECTOR('',#12864,0.61);
#12866=LINE('',#12863,#12865);
#12867=EDGE_CURVE('',#12855,#12761,#12866,.T.);
#12868=ORIENTED_EDGE('',*,*,#12867,.T.);
#12869=ORIENTED_EDGE('',*,*,#12766,.T.);
#12870=EDGE_LOOP('',(#12794,#12803,#12812,#12820,#12828,#12836,#12845,#12853,#12862,#12868,#12869));
#12871=FACE_BOUND('',#12870,.T.);
#12872=ADVANCED_FACE('',(#12871),#12786,.T.);
#12873=CARTESIAN_POINT('',(17.285,-6.3,-1.8));
#12874=DIRECTION('',(1.,-0.,0.));
#12875=DIRECTION('',(0.,1.,0.));
#12876=AXIS2_PLACEMENT_3D('',#12873,#12874,#12875);
#12877=PLANE('',#12876);
#12878=ORIENTED_EDGE('',*,*,#3058,.F.);
#12879=CARTESIAN_POINT('',(17.285,-5.925652852,-1.));
#12880=DIRECTION('',(0.,0.,1.));
#12881=VECTOR('',#12880,0.7);
#12882=LINE('',#12879,#12881);
#12883=EDGE_CURVE('',#3044,#12788,#12882,.T.);
#12884=ORIENTED_EDGE('',*,*,#12883,.T.);
#12885=ORIENTED_EDGE('',*,*,#12793,.F.);
#12886=ORIENTED_EDGE('',*,*,#12758,.F.);
#12887=EDGE_LOOP('',(#12878,#12884,#12885,#12886));
#12888=FACE_BOUND('',#12887,.T.);
#12889=ADVANCED_FACE('',(#12888),#12877,.T.);
#12890=CARTESIAN_POINT('',(17.615,-5.925652852,-1.8));
#12891=DIRECTION('',(0.,-0.,-1.));
#12892=DIRECTION('',(0.,1.,-0.));
#12893=AXIS2_PLACEMENT_3D('',#12890,#12891,#12892);
#12894=CYLINDRICAL_SURFACE('',#12893,0.33);
#12895=ORIENTED_EDGE('',*,*,#12883,.F.);
#12896=ORIENTED_EDGE('',*,*,#3050,.F.);
#12897=CARTESIAN_POINT('',(17.61,-5.595690733,-0.3));
#12898=DIRECTION('',(0.,-0.,-1.));
#12899=VECTOR('',#12898,0.7);
#12900=LINE('',#12897,#12899);
#12901=EDGE_CURVE('',#12796,#3035,#12900,.T.);
#12902=ORIENTED_EDGE('',*,*,#12901,.F.);
#12903=ORIENTED_EDGE('',*,*,#12802,.F.);
#12904=EDGE_LOOP('',(#12895,#12896,#12902,#12903));
#12905=FACE_BOUND('',#12904,.T.);
#12906=ADVANCED_FACE('',(#12905),#12894,.F.);
#12907=CARTESIAN_POINT('',(17.605,-5.925652852,-1.8));
#12908=DIRECTION('',(-0.,-0.,-1.));
#12909=DIRECTION('',(0.,1.,-0.));
#12910=AXIS2_PLACEMENT_3D('',#12907,#12908,#12909);
#12911=CYLINDRICAL_SURFACE('',#12910,0.33);
#12912=ORIENTED_EDGE('',*,*,#3041,.F.);
#12913=CARTESIAN_POINT('',(17.935,-5.925652852,-0.3));
#12914=DIRECTION('',(-0.,-0.,-1.));
#12915=VECTOR('',#12914,0.7);
#12916=LINE('',#12913,#12915);
#12917=EDGE_CURVE('',#12805,#3027,#12916,.T.);
#12918=ORIENTED_EDGE('',*,*,#12917,.F.);
#12919=ORIENTED_EDGE('',*,*,#12811,.F.);
#12920=ORIENTED_EDGE('',*,*,#12901,.T.);
#12921=EDGE_LOOP('',(#12912,#12918,#12919,#12920));
#12922=FACE_BOUND('',#12921,.T.);
#12923=ADVANCED_FACE('',(#12922),#12911,.F.);
#12924=CARTESIAN_POINT('',(17.935,-6.3,-1.8));
#12925=DIRECTION('',(-1.,0.,-0.));
#12926=DIRECTION('',(-0.,-1.,0.));
#12927=AXIS2_PLACEMENT_3D('',#12924,#12925,#12926);
#12928=PLANE('',#12927);
#12929=ORIENTED_EDGE('',*,*,#12819,.F.);
#12930=ORIENTED_EDGE('',*,*,#12917,.T.);
#12931=ORIENTED_EDGE('',*,*,#3032,.F.);
#12932=CARTESIAN_POINT('',(17.935,-6.3,-1.));
#12933=DIRECTION('',(0.,0.,1.));
#12934=VECTOR('',#12933,0.7);
#12935=LINE('',#12932,#12934);
#12936=EDGE_CURVE('',#3019,#12814,#12935,.T.);
#12937=ORIENTED_EDGE('',*,*,#12936,.T.);
#12938=EDGE_LOOP('',(#12929,#12930,#12931,#12937));
#12939=FACE_BOUND('',#12938,.T.);
#12940=ADVANCED_FACE('',(#12939),#12928,.T.);
#12941=CARTESIAN_POINT('',(18.01,-6.,-0.3));
#12942=DIRECTION('',(1.,0.,-0.));
#12943=DIRECTION('',(-0.,1.,-0.));
#12944=AXIS2_PLACEMENT_3D('',#12941,#12942,#12943);
#12945=PLANE('',#12944);
#12946=ORIENTED_EDGE('',*,*,#545,.T.);
#12947=CARTESIAN_POINT('',(18.01,-5.69,-0.2));
#12948=DIRECTION('',(-0.,-0.,-1.));
#12949=VECTOR('',#12948,0.1);
#12950=LINE('',#12947,#12949);
#12951=EDGE_CURVE('',#531,#12830,#12950,.T.);
#12952=ORIENTED_EDGE('',*,*,#12951,.T.);
#12953=ORIENTED_EDGE('',*,*,#12835,.F.);
#12954=CARTESIAN_POINT('',(18.01,-6.3,-0.3));
#12955=DIRECTION('',(0.,0.,1.));
#12956=VECTOR('',#12955,0.1);
#12957=LINE('',#12954,#12956);
#12958=EDGE_CURVE('NONE',#12822,#540,#12957,.T.);
#12959=ORIENTED_EDGE('',*,*,#12958,.T.);
#12960=EDGE_LOOP('',(#12946,#12952,#12953,#12959));
#12961=FACE_BOUND('',#12960,.T.);
#12962=ADVANCED_FACE('NONE',(#12961),#12945,.F.);
#12963=CARTESIAN_POINT('',(17.62,-5.69,-0.3));
#12964=DIRECTION('',(0.,0.,1.));
#12965=DIRECTION('',(0.,-1.,0.));
#12966=AXIS2_PLACEMENT_3D('',#12963,#12964,#12965);
#12967=CYLINDRICAL_SURFACE('',#12966,0.39);
#12968=ORIENTED_EDGE('',*,*,#12844,.F.);
#12969=ORIENTED_EDGE('',*,*,#12951,.F.);
#12970=ORIENTED_EDGE('',*,*,#537,.F.);
#12971=CARTESIAN_POINT('',(17.62,-5.3,-0.3));
#12972=DIRECTION('',(0.,0.,1.));
#12973=VECTOR('',#12972,0.1);
#12974=LINE('',#12971,#12973);
#12975=EDGE_CURVE('',#12838,#523,#12974,.T.);
#12976=ORIENTED_EDGE('',*,*,#12975,.F.);
#12977=EDGE_LOOP('',(#12968,#12969,#12970,#12976));
#12978=FACE_BOUND('',#12977,.T.);
#12979=ADVANCED_FACE('',(#12978),#12967,.F.);
#12980=CARTESIAN_POINT('',(10.71,-5.3,-0.3));
#12981=DIRECTION('',(-0.,-1.,0.));
#12982=DIRECTION('',(1.,-0.,0.));
#12983=AXIS2_PLACEMENT_3D('',#12980,#12981,#12982);
#12984=PLANE('',#12983);
#12985=ORIENTED_EDGE('',*,*,#12852,.T.);
#12986=ORIENTED_EDGE('',*,*,#12975,.T.);
#12987=ORIENTED_EDGE('',*,*,#528,.F.);
#12988=CARTESIAN_POINT('',(17.6,-5.3,-0.2));
#12989=DIRECTION('',(-0.,-0.,-1.));
#12990=VECTOR('',#12989,0.1);
#12991=LINE('',#12988,#12990);
#12992=EDGE_CURVE('',#514,#12847,#12991,.T.);
#12993=ORIENTED_EDGE('',*,*,#12992,.T.);
#12994=EDGE_LOOP('',(#12985,#12986,#12987,#12993));
#12995=FACE_BOUND('',#12994,.T.);
#12996=ADVANCED_FACE('',(#12995),#12984,.T.);
#12997=CARTESIAN_POINT('',(17.6,-5.69,-0.3));
#12998=DIRECTION('',(0.,0.,1.));
#12999=DIRECTION('',(0.,-1.,0.));
#13000=AXIS2_PLACEMENT_3D('',#12997,#12998,#12999);
#13001=CYLINDRICAL_SURFACE('',#13000,0.39);
#13002=ORIENTED_EDGE('',*,*,#12861,.F.);
#13003=ORIENTED_EDGE('',*,*,#12992,.F.);
#13004=ORIENTED_EDGE('',*,*,#520,.F.);
#13005=CARTESIAN_POINT('',(17.21,-5.69,-0.3));
#13006=DIRECTION('',(0.,0.,1.));
#13007=VECTOR('',#13006,0.1);
#13008=LINE('',#13005,#13007);
#13009=EDGE_CURVE('',#12855,#506,#13008,.T.);
#13010=ORIENTED_EDGE('',*,*,#13009,.F.);
#13011=EDGE_LOOP('',(#13002,#13003,#13004,#13010));
#13012=FACE_BOUND('',#13011,.T.);
#13013=ADVANCED_FACE('',(#13012),#13001,.F.);
#13014=CARTESIAN_POINT('',(17.21,-6.,-0.3));
#13015=DIRECTION('',(-1.,0.,0.));
#13016=DIRECTION('',(0.,-1.,0.));
#13017=AXIS2_PLACEMENT_3D('',#13014,#13015,#13016);
#13018=PLANE('',#13017);
#13019=ORIENTED_EDGE('',*,*,#12867,.F.);
#13020=ORIENTED_EDGE('',*,*,#13009,.T.);
#13021=ORIENTED_EDGE('',*,*,#511,.T.);
#13022=ORIENTED_EDGE('',*,*,#12772,.F.);
#13023=EDGE_LOOP('',(#13019,#13020,#13021,#13022));
#13024=FACE_BOUND('',#13023,.T.);
#13025=ADVANCED_FACE('NONE',(#13024),#13018,.F.);
#13026=CARTESIAN_POINT('',(-6.79,-6.3,-1.));
#13027=DIRECTION('',(0.,-1.,0.));
#13028=DIRECTION('',(1.,0.,0.));
#13029=AXIS2_PLACEMENT_3D('',#13026,#13027,#13028);
#13030=PLANE('',#13029);
#13031=ORIENTED_EDGE('',*,*,#3024,.T.);
#13032=CARTESIAN_POINT('',(18.785,-6.3,-0.3));
#13033=VERTEX_POINT('',#13032);
#13034=CARTESIAN_POINT('',(18.785,-6.3,-1.));
#13035=DIRECTION('',(0.,0.,1.));
#13036=VECTOR('',#13035,0.7);
#13037=LINE('',#13034,#13036);
#13038=EDGE_CURVE('',#3011,#13033,#13037,.T.);
#13039=ORIENTED_EDGE('',*,*,#13038,.T.);
#13040=CARTESIAN_POINT('',(18.71,-6.3,-0.3));
#13041=VERTEX_POINT('',#13040);
#13042=CARTESIAN_POINT('',(18.71,-6.3,-0.3));
#13043=DIRECTION('',(1.,0.,-0.));
#13044=VECTOR('',#13043,0.075);
#13045=LINE('',#13042,#13044);
#13046=EDGE_CURVE('NONE',#13041,#13033,#13045,.T.);
#13047=ORIENTED_EDGE('',*,*,#13046,.F.);
#13048=CARTESIAN_POINT('',(18.71,-6.3,-0.3));
#13049=DIRECTION('',(0.,0.,1.));
#13050=VECTOR('',#13049,0.1);
#13051=LINE('',#13048,#13050);
#13052=EDGE_CURVE('NONE',#13041,#548,#13051,.T.);
#13053=ORIENTED_EDGE('',*,*,#13052,.T.);
#13054=ORIENTED_EDGE('',*,*,#553,.F.);
#13055=ORIENTED_EDGE('',*,*,#12958,.F.);
#13056=ORIENTED_EDGE('',*,*,#12827,.F.);
#13057=ORIENTED_EDGE('',*,*,#12936,.F.);
#13058=EDGE_LOOP('',(#13031,#13039,#13047,#13053,#13054,#13055,#13056,#13057));
#13059=FACE_BOUND('',#13058,.T.);
#13060=ADVANCED_FACE('',(#13059),#13030,.T.);
#13061=OVER_RIDING_STYLED_ITEM('',(#1986),#13060,#89);
#13062=CARTESIAN_POINT('',(19.11,-6.3,-0.3));
#13063=DIRECTION('',(0.,0.,1.));
#13064=DIRECTION('',(0.,-1.,0.));
#13065=AXIS2_PLACEMENT_3D('',#13062,#13063,#13064);
#13066=PLANE('',#13065);
#13067=CARTESIAN_POINT('',(18.785,-5.925652852,-0.3));
#13068=VERTEX_POINT('',#13067);
#13069=CARTESIAN_POINT('',(18.785,-6.3,-0.3));
#13070=DIRECTION('',(0.,1.,-0.));
#13071=VECTOR('',#13070,0.374347148);
#13072=LINE('',#13069,#13071);
#13073=EDGE_CURVE('',#13033,#13068,#13072,.T.);
#13074=ORIENTED_EDGE('',*,*,#13073,.T.);
#13075=CARTESIAN_POINT('',(19.11,-5.595690733,-0.3));
#13076=VERTEX_POINT('',#13075);
#13077=CARTESIAN_POINT('',(19.115,-5.925652852,-0.3));
#13078=DIRECTION('',(-0.,-0.,-1.));
#13079=DIRECTION('',(0.,-1.,0.));
#13080=AXIS2_PLACEMENT_3D('',#13077,#13078,#13079);
#13081=CIRCLE('',#13080,0.33);
#13082=EDGE_CURVE('',#13068,#13076,#13081,.T.);
#13083=ORIENTED_EDGE('',*,*,#13082,.T.);
#13084=CARTESIAN_POINT('',(19.435,-5.925652852,-0.3));
#13085=VERTEX_POINT('',#13084);
#13086=CARTESIAN_POINT('',(19.105,-5.925652852,-0.3));
#13087=DIRECTION('',(-0.,-0.,-1.));
#13088=DIRECTION('',(0.,-1.,0.));
#13089=AXIS2_PLACEMENT_3D('',#13086,#13087,#13088);
#13090=CIRCLE('',#13089,0.33);
#13091=EDGE_CURVE('',#13076,#13085,#13090,.T.);
#13092=ORIENTED_EDGE('',*,*,#13091,.T.);
#13093=CARTESIAN_POINT('',(19.435,-6.3,-0.3));
#13094=VERTEX_POINT('',#13093);
#13095=CARTESIAN_POINT('',(19.435,-5.925652852,-0.3));
#13096=DIRECTION('',(-0.,-1.,0.));
#13097=VECTOR('',#13096,0.374347148);
#13098=LINE('',#13095,#13097);
#13099=EDGE_CURVE('',#13085,#13094,#13098,.T.);
#13100=ORIENTED_EDGE('',*,*,#13099,.T.);
#13101=CARTESIAN_POINT('',(19.51,-6.3,-0.3));
#13102=VERTEX_POINT('',#13101);
#13103=CARTESIAN_POINT('',(19.435,-6.3,-0.3));
#13104=DIRECTION('',(1.,0.,-0.));
#13105=VECTOR('',#13104,0.075);
#13106=LINE('',#13103,#13105);
#13107=EDGE_CURVE('',#13094,#13102,#13106,.T.);
#13108=ORIENTED_EDGE('',*,*,#13107,.T.);
#13109=CARTESIAN_POINT('',(19.51,-5.69,-0.3));
#13110=VERTEX_POINT('',#13109);
#13111=CARTESIAN_POINT('',(19.51,-6.3,-0.3));
#13112=DIRECTION('',(-0.,1.,-0.));
#13113=VECTOR('',#13112,0.61);
#13114=LINE('',#13111,#13113);
#13115=EDGE_CURVE('NONE',#13102,#13110,#13114,.T.);
#13116=ORIENTED_EDGE('',*,*,#13115,.T.);
#13117=CARTESIAN_POINT('',(19.12,-5.3,-0.3));
#13118=VERTEX_POINT('',#13117);
#13119=CARTESIAN_POINT('',(19.12,-5.69,-0.3));
#13120=DIRECTION('',(0.,0.,1.));
#13121=DIRECTION('',(0.,-1.,0.));
#13122=AXIS2_PLACEMENT_3D('',#13119,#13120,#13121);
#13123=CIRCLE('',#13122,0.39);
#13124=EDGE_CURVE('',#13110,#13118,#13123,.T.);
#13125=ORIENTED_EDGE('',*,*,#13124,.T.);
#13126=CARTESIAN_POINT('',(19.1,-5.3,-0.3));
#13127=VERTEX_POINT('',#13126);
#13128=CARTESIAN_POINT('',(19.1,-5.3,-0.3));
#13129=DIRECTION('',(1.,-0.,0.));
#13130=VECTOR('',#13129,0.02);
#13131=LINE('',#13128,#13130);
#13132=EDGE_CURVE('',#13127,#13118,#13131,.T.);
#13133=ORIENTED_EDGE('',*,*,#13132,.F.);
#13134=CARTESIAN_POINT('',(18.71,-5.69,-0.3));
#13135=VERTEX_POINT('',#13134);
#13136=CARTESIAN_POINT('',(19.1,-5.69,-0.3));
#13137=DIRECTION('',(0.,0.,1.));
#13138=DIRECTION('',(0.,-1.,0.));
#13139=AXIS2_PLACEMENT_3D('',#13136,#13137,#13138);
#13140=CIRCLE('',#13139,0.39);
#13141=EDGE_CURVE('',#13127,#13135,#13140,.T.);
#13142=ORIENTED_EDGE('',*,*,#13141,.T.);
#13143=CARTESIAN_POINT('',(18.71,-5.69,-0.3));
#13144=DIRECTION('',(0.,-1.,0.));
#13145=VECTOR('',#13144,0.61);
#13146=LINE('',#13143,#13145);
#13147=EDGE_CURVE('',#13135,#13041,#13146,.T.);
#13148=ORIENTED_EDGE('',*,*,#13147,.T.);
#13149=ORIENTED_EDGE('',*,*,#13046,.T.);
#13150=EDGE_LOOP('',(#13074,#13083,#13092,#13100,#13108,#13116,#13125,#13133,#13142,#13148,#13149));
#13151=FACE_BOUND('',#13150,.T.);
#13152=ADVANCED_FACE('',(#13151),#13066,.T.);
#13153=CARTESIAN_POINT('',(18.785,-6.3,-1.8));
#13154=DIRECTION('',(1.,-0.,0.));
#13155=DIRECTION('',(0.,1.,0.));
#13156=AXIS2_PLACEMENT_3D('',#13153,#13154,#13155);
#13157=PLANE('',#13156);
#13158=ORIENTED_EDGE('',*,*,#3016,.F.);
#13159=CARTESIAN_POINT('',(18.785,-5.925652852,-1.));
#13160=DIRECTION('',(0.,0.,1.));
#13161=VECTOR('',#13160,0.7);
#13162=LINE('',#13159,#13161);
#13163=EDGE_CURVE('',#3002,#13068,#13162,.T.);
#13164=ORIENTED_EDGE('',*,*,#13163,.T.);
#13165=ORIENTED_EDGE('',*,*,#13073,.F.);
#13166=ORIENTED_EDGE('',*,*,#13038,.F.);
#13167=EDGE_LOOP('',(#13158,#13164,#13165,#13166));
#13168=FACE_BOUND('',#13167,.T.);
#13169=ADVANCED_FACE('',(#13168),#13157,.T.);
#13170=CARTESIAN_POINT('',(19.115,-5.925652852,-1.8));
#13171=DIRECTION('',(0.,-0.,-1.));
#13172=DIRECTION('',(0.,1.,-0.));
#13173=AXIS2_PLACEMENT_3D('',#13170,#13171,#13172);
#13174=CYLINDRICAL_SURFACE('',#13173,0.33);
#13175=ORIENTED_EDGE('',*,*,#13163,.F.);
#13176=ORIENTED_EDGE('',*,*,#3008,.F.);
#13177=CARTESIAN_POINT('',(19.11,-5.595690733,-0.3));
#13178=DIRECTION('',(0.,-0.,-1.));
#13179=VECTOR('',#13178,0.7);
#13180=LINE('',#13177,#13179);
#13181=EDGE_CURVE('',#13076,#2993,#13180,.T.);
#13182=ORIENTED_EDGE('',*,*,#13181,.F.);
#13183=ORIENTED_EDGE('',*,*,#13082,.F.);
#13184=EDGE_LOOP('',(#13175,#13176,#13182,#13183));
#13185=FACE_BOUND('',#13184,.T.);
#13186=ADVANCED_FACE('',(#13185),#13174,.F.);
#13187=CARTESIAN_POINT('',(19.105,-5.925652852,-1.8));
#13188=DIRECTION('',(-0.,-0.,-1.));
#13189=DIRECTION('',(0.,1.,-0.));
#13190=AXIS2_PLACEMENT_3D('',#13187,#13188,#13189);
#13191=CYLINDRICAL_SURFACE('',#13190,0.33);
#13192=ORIENTED_EDGE('',*,*,#2999,.F.);
#13193=CARTESIAN_POINT('',(19.435,-5.925652852,-0.3));
#13194=DIRECTION('',(-0.,-0.,-1.));
#13195=VECTOR('',#13194,0.7);
#13196=LINE('',#13193,#13195);
#13197=EDGE_CURVE('',#13085,#2985,#13196,.T.);
#13198=ORIENTED_EDGE('',*,*,#13197,.F.);
#13199=ORIENTED_EDGE('',*,*,#13091,.F.);
#13200=ORIENTED_EDGE('',*,*,#13181,.T.);
#13201=EDGE_LOOP('',(#13192,#13198,#13199,#13200));
#13202=FACE_BOUND('',#13201,.T.);
#13203=ADVANCED_FACE('',(#13202),#13191,.F.);
#13204=CARTESIAN_POINT('',(19.435,-6.3,-1.8));
#13205=DIRECTION('',(-1.,0.,-0.));
#13206=DIRECTION('',(-0.,-1.,0.));
#13207=AXIS2_PLACEMENT_3D('',#13204,#13205,#13206);
#13208=PLANE('',#13207);
#13209=ORIENTED_EDGE('',*,*,#13099,.F.);
#13210=ORIENTED_EDGE('',*,*,#13197,.T.);
#13211=ORIENTED_EDGE('',*,*,#2990,.F.);
#13212=CARTESIAN_POINT('',(19.435,-6.3,-1.));
#13213=DIRECTION('',(0.,0.,1.));
#13214=VECTOR('',#13213,0.7);
#13215=LINE('',#13212,#13214);
#13216=EDGE_CURVE('',#2977,#13094,#13215,.T.);
#13217=ORIENTED_EDGE('',*,*,#13216,.T.);
#13218=EDGE_LOOP('',(#13209,#13210,#13211,#13217));
#13219=FACE_BOUND('',#13218,.T.);
#13220=ADVANCED_FACE('',(#13219),#13208,.T.);
#13221=CARTESIAN_POINT('',(19.51,-6.,-0.3));
#13222=DIRECTION('',(1.,0.,-0.));
#13223=DIRECTION('',(-0.,1.,-0.));
#13224=AXIS2_PLACEMENT_3D('',#13221,#13222,#13223);
#13225=PLANE('',#13224);
#13226=ORIENTED_EDGE('',*,*,#595,.T.);
#13227=CARTESIAN_POINT('',(19.51,-5.69,-0.2));
#13228=DIRECTION('',(-0.,-0.,-1.));
#13229=VECTOR('',#13228,0.1);
#13230=LINE('',#13227,#13229);
#13231=EDGE_CURVE('',#581,#13110,#13230,.T.);
#13232=ORIENTED_EDGE('',*,*,#13231,.T.);
#13233=ORIENTED_EDGE('',*,*,#13115,.F.);
#13234=CARTESIAN_POINT('',(19.51,-6.3,-0.3));
#13235=DIRECTION('',(0.,0.,1.));
#13236=VECTOR('',#13235,0.1);
#13237=LINE('',#13234,#13236);
#13238=EDGE_CURVE('NONE',#13102,#590,#13237,.T.);
#13239=ORIENTED_EDGE('',*,*,#13238,.T.);
#13240=EDGE_LOOP('',(#13226,#13232,#13233,#13239));
#13241=FACE_BOUND('',#13240,.T.);
#13242=ADVANCED_FACE('NONE',(#13241),#13225,.F.);
#13243=CARTESIAN_POINT('',(19.12,-5.69,-0.3));
#13244=DIRECTION('',(0.,0.,1.));
#13245=DIRECTION('',(0.,-1.,0.));
#13246=AXIS2_PLACEMENT_3D('',#13243,#13244,#13245);
#13247=CYLINDRICAL_SURFACE('',#13246,0.39);
#13248=ORIENTED_EDGE('',*,*,#13124,.F.);
#13249=ORIENTED_EDGE('',*,*,#13231,.F.);
#13250=ORIENTED_EDGE('',*,*,#587,.F.);
#13251=CARTESIAN_POINT('',(19.12,-5.3,-0.3));
#13252=DIRECTION('',(0.,0.,1.));
#13253=VECTOR('',#13252,0.1);
#13254=LINE('',#13251,#13253);
#13255=EDGE_CURVE('',#13118,#573,#13254,.T.);
#13256=ORIENTED_EDGE('',*,*,#13255,.F.);
#13257=EDGE_LOOP('',(#13248,#13249,#13250,#13256));
#13258=FACE_BOUND('',#13257,.T.);
#13259=ADVANCED_FACE('',(#13258),#13247,.F.);
#13260=CARTESIAN_POINT('',(12.21,-5.3,-0.3));
#13261=DIRECTION('',(-0.,-1.,0.));
#13262=DIRECTION('',(1.,-0.,0.));
#13263=AXIS2_PLACEMENT_3D('',#13260,#13261,#13262);
#13264=PLANE('',#13263);
#13265=ORIENTED_EDGE('',*,*,#13132,.T.);
#13266=ORIENTED_EDGE('',*,*,#13255,.T.);
#13267=ORIENTED_EDGE('',*,*,#578,.F.);
#13268=CARTESIAN_POINT('',(19.1,-5.3,-0.2));
#13269=DIRECTION('',(-0.,-0.,-1.));
#13270=VECTOR('',#13269,0.1);
#13271=LINE('',#13268,#13270);
#13272=EDGE_CURVE('',#564,#13127,#13271,.T.);
#13273=ORIENTED_EDGE('',*,*,#13272,.T.);
#13274=EDGE_LOOP('',(#13265,#13266,#13267,#13273));
#13275=FACE_BOUND('',#13274,.T.);
#13276=ADVANCED_FACE('',(#13275),#13264,.T.);
#13277=CARTESIAN_POINT('',(19.1,-5.69,-0.3));
#13278=DIRECTION('',(0.,0.,1.));
#13279=DIRECTION('',(0.,-1.,0.));
#13280=AXIS2_PLACEMENT_3D('',#13277,#13278,#13279);
#13281=CYLINDRICAL_SURFACE('',#13280,0.39);
#13282=ORIENTED_EDGE('',*,*,#13141,.F.);
#13283=ORIENTED_EDGE('',*,*,#13272,.F.);
#13284=ORIENTED_EDGE('',*,*,#570,.F.);
#13285=CARTESIAN_POINT('',(18.71,-5.69,-0.3));
#13286=DIRECTION('',(0.,0.,1.));
#13287=VECTOR('',#13286,0.1);
#13288=LINE('',#13285,#13287);
#13289=EDGE_CURVE('',#13135,#556,#13288,.T.);
#13290=ORIENTED_EDGE('',*,*,#13289,.F.);
#13291=EDGE_LOOP('',(#13282,#13283,#13284,#13290));
#13292=FACE_BOUND('',#13291,.T.);
#13293=ADVANCED_FACE('',(#13292),#13281,.F.);
#13294=CARTESIAN_POINT('',(18.71,-6.,-0.3));
#13295=DIRECTION('',(-1.,0.,0.));
#13296=DIRECTION('',(0.,-1.,0.));
#13297=AXIS2_PLACEMENT_3D('',#13294,#13295,#13296);
#13298=PLANE('',#13297);
#13299=ORIENTED_EDGE('',*,*,#13147,.F.);
#13300=ORIENTED_EDGE('',*,*,#13289,.T.);
#13301=ORIENTED_EDGE('',*,*,#561,.T.);
#13302=ORIENTED_EDGE('',*,*,#13052,.F.);
#13303=EDGE_LOOP('',(#13299,#13300,#13301,#13302));
#13304=FACE_BOUND('',#13303,.T.);
#13305=ADVANCED_FACE('NONE',(#13304),#13298,.F.);
#13306=CARTESIAN_POINT('',(-5.29,-6.3,-1.));
#13307=DIRECTION('',(0.,-1.,0.));
#13308=DIRECTION('',(1.,0.,0.));
#13309=AXIS2_PLACEMENT_3D('',#13306,#13307,#13308);
#13310=PLANE('',#13309);
#13311=ORIENTED_EDGE('',*,*,#2982,.T.);
#13312=CARTESIAN_POINT('',(20.285,-6.3,-0.3));
#13313=VERTEX_POINT('',#13312);
#13314=CARTESIAN_POINT('',(20.285,-6.3,-1.));
#13315=DIRECTION('',(0.,0.,1.));
#13316=VECTOR('',#13315,0.7);
#13317=LINE('',#13314,#13316);
#13318=EDGE_CURVE('',#2969,#13313,#13317,.T.);
#13319=ORIENTED_EDGE('',*,*,#13318,.T.);
#13320=CARTESIAN_POINT('',(20.21,-6.3,-0.3));
#13321=VERTEX_POINT('',#13320);
#13322=CARTESIAN_POINT('',(20.21,-6.3,-0.3));
#13323=DIRECTION('',(1.,0.,-0.));
#13324=VECTOR('',#13323,0.075);
#13325=LINE('',#13322,#13324);
#13326=EDGE_CURVE('NONE',#13321,#13313,#13325,.T.);
#13327=ORIENTED_EDGE('',*,*,#13326,.F.);
#13328=CARTESIAN_POINT('',(20.21,-6.3,-0.3));
#13329=DIRECTION('',(0.,0.,1.));
#13330=VECTOR('',#13329,0.1);
#13331=LINE('',#13328,#13330);
#13332=EDGE_CURVE('NONE',#13321,#598,#13331,.T.);
#13333=ORIENTED_EDGE('',*,*,#13332,.T.);
#13334=ORIENTED_EDGE('',*,*,#603,.F.);
#13335=ORIENTED_EDGE('',*,*,#13238,.F.);
#13336=ORIENTED_EDGE('',*,*,#13107,.F.);
#13337=ORIENTED_EDGE('',*,*,#13216,.F.);
#13338=EDGE_LOOP('',(#13311,#13319,#13327,#13333,#13334,#13335,#13336,#13337));
#13339=FACE_BOUND('',#13338,.T.);
#13340=ADVANCED_FACE('',(#13339),#13310,.T.);
#13341=OVER_RIDING_STYLED_ITEM('',(#1986),#13340,#89);
#13342=CARTESIAN_POINT('',(20.61,-6.3,-0.3));
#13343=DIRECTION('',(0.,0.,1.));
#13344=DIRECTION('',(0.,-1.,0.));
#13345=AXIS2_PLACEMENT_3D('',#13342,#13343,#13344);
#13346=PLANE('',#13345);
#13347=CARTESIAN_POINT('',(20.285,-5.925652852,-0.3));
#13348=VERTEX_POINT('',#13347);
#13349=CARTESIAN_POINT('',(20.285,-6.3,-0.3));
#13350=DIRECTION('',(0.,1.,-0.));
#13351=VECTOR('',#13350,0.374347148);
#13352=LINE('',#13349,#13351);
#13353=EDGE_CURVE('',#13313,#13348,#13352,.T.);
#13354=ORIENTED_EDGE('',*,*,#13353,.T.);
#13355=CARTESIAN_POINT('',(20.61,-5.595690733,-0.3));
#13356=VERTEX_POINT('',#13355);
#13357=CARTESIAN_POINT('',(20.615,-5.925652852,-0.3));
#13358=DIRECTION('',(-0.,-0.,-1.));
#13359=DIRECTION('',(0.,-1.,0.));
#13360=AXIS2_PLACEMENT_3D('',#13357,#13358,#13359);
#13361=CIRCLE('',#13360,0.33);
#13362=EDGE_CURVE('',#13348,#13356,#13361,.T.);
#13363=ORIENTED_EDGE('',*,*,#13362,.T.);
#13364=CARTESIAN_POINT('',(20.935,-5.925652852,-0.3));
#13365=VERTEX_POINT('',#13364);
#13366=CARTESIAN_POINT('',(20.605,-5.925652852,-0.3));
#13367=DIRECTION('',(-0.,-0.,-1.));
#13368=DIRECTION('',(0.,-1.,0.));
#13369=AXIS2_PLACEMENT_3D('',#13366,#13367,#13368);
#13370=CIRCLE('',#13369,0.33);
#13371=EDGE_CURVE('',#13356,#13365,#13370,.T.);
#13372=ORIENTED_EDGE('',*,*,#13371,.T.);
#13373=CARTESIAN_POINT('',(20.935,-6.3,-0.3));
#13374=VERTEX_POINT('',#13373);
#13375=CARTESIAN_POINT('',(20.935,-5.925652852,-0.3));
#13376=DIRECTION('',(-0.,-1.,0.));
#13377=VECTOR('',#13376,0.374347148);
#13378=LINE('',#13375,#13377);
#13379=EDGE_CURVE('',#13365,#13374,#13378,.T.);
#13380=ORIENTED_EDGE('',*,*,#13379,.T.);
#13381=CARTESIAN_POINT('',(21.01,-6.3,-0.3));
#13382=VERTEX_POINT('',#13381);
#13383=CARTESIAN_POINT('',(20.935,-6.3,-0.3));
#13384=DIRECTION('',(1.,0.,-0.));
#13385=VECTOR('',#13384,0.075);
#13386=LINE('',#13383,#13385);
#13387=EDGE_CURVE('',#13374,#13382,#13386,.T.);
#13388=ORIENTED_EDGE('',*,*,#13387,.T.);
#13389=CARTESIAN_POINT('',(21.01,-5.69,-0.3));
#13390=VERTEX_POINT('',#13389);
#13391=CARTESIAN_POINT('',(21.01,-6.3,-0.3));
#13392=DIRECTION('',(-0.,1.,-0.));
#13393=VECTOR('',#13392,0.61);
#13394=LINE('',#13391,#13393);
#13395=EDGE_CURVE('NONE',#13382,#13390,#13394,.T.);
#13396=ORIENTED_EDGE('',*,*,#13395,.T.);
#13397=CARTESIAN_POINT('',(20.62,-5.3,-0.3));
#13398=VERTEX_POINT('',#13397);
#13399=CARTESIAN_POINT('',(20.62,-5.69,-0.3));
#13400=DIRECTION('',(0.,0.,1.));
#13401=DIRECTION('',(0.,-1.,0.));
#13402=AXIS2_PLACEMENT_3D('',#13399,#13400,#13401);
#13403=CIRCLE('',#13402,0.39);
#13404=EDGE_CURVE('',#13390,#13398,#13403,.T.);
#13405=ORIENTED_EDGE('',*,*,#13404,.T.);
#13406=CARTESIAN_POINT('',(20.6,-5.3,-0.3));
#13407=VERTEX_POINT('',#13406);
#13408=CARTESIAN_POINT('',(20.6,-5.3,-0.3));
#13409=DIRECTION('',(1.,-0.,0.));
#13410=VECTOR('',#13409,0.02);
#13411=LINE('',#13408,#13410);
#13412=EDGE_CURVE('',#13407,#13398,#13411,.T.);
#13413=ORIENTED_EDGE('',*,*,#13412,.F.);
#13414=CARTESIAN_POINT('',(20.21,-5.69,-0.3));
#13415=VERTEX_POINT('',#13414);
#13416=CARTESIAN_POINT('',(20.6,-5.69,-0.3));
#13417=DIRECTION('',(0.,0.,1.));
#13418=DIRECTION('',(0.,-1.,0.));
#13419=AXIS2_PLACEMENT_3D('',#13416,#13417,#13418);
#13420=CIRCLE('',#13419,0.39);
#13421=EDGE_CURVE('',#13407,#13415,#13420,.T.);
#13422=ORIENTED_EDGE('',*,*,#13421,.T.);
#13423=CARTESIAN_POINT('',(20.21,-5.69,-0.3));
#13424=DIRECTION('',(0.,-1.,0.));
#13425=VECTOR('',#13424,0.61);
#13426=LINE('',#13423,#13425);
#13427=EDGE_CURVE('',#13415,#13321,#13426,.T.);
#13428=ORIENTED_EDGE('',*,*,#13427,.T.);
#13429=ORIENTED_EDGE('',*,*,#13326,.T.);
#13430=EDGE_LOOP('',(#13354,#13363,#13372,#13380,#13388,#13396,#13405,#13413,#13422,#13428,#13429));
#13431=FACE_BOUND('',#13430,.T.);
#13432=ADVANCED_FACE('',(#13431),#13346,.T.);
#13433=CARTESIAN_POINT('',(20.285,-6.3,-1.8));
#13434=DIRECTION('',(1.,-0.,0.));
#13435=DIRECTION('',(0.,1.,0.));
#13436=AXIS2_PLACEMENT_3D('',#13433,#13434,#13435);
#13437=PLANE('',#13436);
#13438=ORIENTED_EDGE('',*,*,#2974,.F.);
#13439=CARTESIAN_POINT('',(20.285,-5.925652852,-1.));
#13440=DIRECTION('',(0.,0.,1.));
#13441=VECTOR('',#13440,0.7);
#13442=LINE('',#13439,#13441);
#13443=EDGE_CURVE('',#2960,#13348,#13442,.T.);
#13444=ORIENTED_EDGE('',*,*,#13443,.T.);
#13445=ORIENTED_EDGE('',*,*,#13353,.F.);
#13446=ORIENTED_EDGE('',*,*,#13318,.F.);
#13447=EDGE_LOOP('',(#13438,#13444,#13445,#13446));
#13448=FACE_BOUND('',#13447,.T.);
#13449=ADVANCED_FACE('',(#13448),#13437,.T.);
#13450=CARTESIAN_POINT('',(20.615,-5.925652852,-1.8));
#13451=DIRECTION('',(0.,-0.,-1.));
#13452=DIRECTION('',(0.,1.,-0.));
#13453=AXIS2_PLACEMENT_3D('',#13450,#13451,#13452);
#13454=CYLINDRICAL_SURFACE('',#13453,0.33);
#13455=ORIENTED_EDGE('',*,*,#13443,.F.);
#13456=ORIENTED_EDGE('',*,*,#2966,.F.);
#13457=CARTESIAN_POINT('',(20.61,-5.595690733,-0.3));
#13458=DIRECTION('',(0.,-0.,-1.));
#13459=VECTOR('',#13458,0.7);
#13460=LINE('',#13457,#13459);
#13461=EDGE_CURVE('',#13356,#2951,#13460,.T.);
#13462=ORIENTED_EDGE('',*,*,#13461,.F.);
#13463=ORIENTED_EDGE('',*,*,#13362,.F.);
#13464=EDGE_LOOP('',(#13455,#13456,#13462,#13463));
#13465=FACE_BOUND('',#13464,.T.);
#13466=ADVANCED_FACE('',(#13465),#13454,.F.);
#13467=CARTESIAN_POINT('',(20.605,-5.925652852,-1.8));
#13468=DIRECTION('',(-0.,-0.,-1.));
#13469=DIRECTION('',(0.,1.,-0.));
#13470=AXIS2_PLACEMENT_3D('',#13467,#13468,#13469);
#13471=CYLINDRICAL_SURFACE('',#13470,0.33);
#13472=ORIENTED_EDGE('',*,*,#2957,.F.);
#13473=CARTESIAN_POINT('',(20.935,-5.925652852,-0.3));
#13474=DIRECTION('',(-0.,-0.,-1.));
#13475=VECTOR('',#13474,0.7);
#13476=LINE('',#13473,#13475);
#13477=EDGE_CURVE('',#13365,#2943,#13476,.T.);
#13478=ORIENTED_EDGE('',*,*,#13477,.F.);
#13479=ORIENTED_EDGE('',*,*,#13371,.F.);
#13480=ORIENTED_EDGE('',*,*,#13461,.T.);
#13481=EDGE_LOOP('',(#13472,#13478,#13479,#13480));
#13482=FACE_BOUND('',#13481,.T.);
#13483=ADVANCED_FACE('',(#13482),#13471,.F.);
#13484=CARTESIAN_POINT('',(20.935,-6.3,-1.8));
#13485=DIRECTION('',(-1.,0.,-0.));
#13486=DIRECTION('',(-0.,-1.,0.));
#13487=AXIS2_PLACEMENT_3D('',#13484,#13485,#13486);
#13488=PLANE('',#13487);
#13489=ORIENTED_EDGE('',*,*,#13379,.F.);
#13490=ORIENTED_EDGE('',*,*,#13477,.T.);
#13491=ORIENTED_EDGE('',*,*,#2948,.F.);
#13492=CARTESIAN_POINT('',(20.935,-6.3,-1.));
#13493=DIRECTION('',(0.,0.,1.));
#13494=VECTOR('',#13493,0.7);
#13495=LINE('',#13492,#13494);
#13496=EDGE_CURVE('',#2935,#13374,#13495,.T.);
#13497=ORIENTED_EDGE('',*,*,#13496,.T.);
#13498=EDGE_LOOP('',(#13489,#13490,#13491,#13497));
#13499=FACE_BOUND('',#13498,.T.);
#13500=ADVANCED_FACE('',(#13499),#13488,.T.);
#13501=CARTESIAN_POINT('',(21.01,-6.,-0.3));
#13502=DIRECTION('',(1.,0.,-0.));
#13503=DIRECTION('',(-0.,1.,-0.));
#13504=AXIS2_PLACEMENT_3D('',#13501,#13502,#13503);
#13505=PLANE('',#13504);
#13506=ORIENTED_EDGE('',*,*,#645,.T.);
#13507=CARTESIAN_POINT('',(21.01,-5.69,-0.2));
#13508=DIRECTION('',(-0.,-0.,-1.));
#13509=VECTOR('',#13508,0.1);
#13510=LINE('',#13507,#13509);
#13511=EDGE_CURVE('',#631,#13390,#13510,.T.);
#13512=ORIENTED_EDGE('',*,*,#13511,.T.);
#13513=ORIENTED_EDGE('',*,*,#13395,.F.);
#13514=CARTESIAN_POINT('',(21.01,-6.3,-0.3));
#13515=DIRECTION('',(0.,0.,1.));
#13516=VECTOR('',#13515,0.1);
#13517=LINE('',#13514,#13516);
#13518=EDGE_CURVE('NONE',#13382,#640,#13517,.T.);
#13519=ORIENTED_EDGE('',*,*,#13518,.T.);
#13520=EDGE_LOOP('',(#13506,#13512,#13513,#13519));
#13521=FACE_BOUND('',#13520,.T.);
#13522=ADVANCED_FACE('NONE',(#13521),#13505,.F.);
#13523=CARTESIAN_POINT('',(20.62,-5.69,-0.3));
#13524=DIRECTION('',(0.,0.,1.));
#13525=DIRECTION('',(0.,-1.,0.));
#13526=AXIS2_PLACEMENT_3D('',#13523,#13524,#13525);
#13527=CYLINDRICAL_SURFACE('',#13526,0.39);
#13528=ORIENTED_EDGE('',*,*,#13404,.F.);
#13529=ORIENTED_EDGE('',*,*,#13511,.F.);
#13530=ORIENTED_EDGE('',*,*,#637,.F.);
#13531=CARTESIAN_POINT('',(20.62,-5.3,-0.3));
#13532=DIRECTION('',(0.,0.,1.));
#13533=VECTOR('',#13532,0.1);
#13534=LINE('',#13531,#13533);
#13535=EDGE_CURVE('',#13398,#623,#13534,.T.);
#13536=ORIENTED_EDGE('',*,*,#13535,.F.);
#13537=EDGE_LOOP('',(#13528,#13529,#13530,#13536));
#13538=FACE_BOUND('',#13537,.T.);
#13539=ADVANCED_FACE('',(#13538),#13527,.F.);
#13540=CARTESIAN_POINT('',(13.71,-5.3,-0.3));
#13541=DIRECTION('',(-0.,-1.,0.));
#13542=DIRECTION('',(1.,-0.,0.));
#13543=AXIS2_PLACEMENT_3D('',#13540,#13541,#13542);
#13544=PLANE('',#13543);
#13545=ORIENTED_EDGE('',*,*,#13412,.T.);
#13546=ORIENTED_EDGE('',*,*,#13535,.T.);
#13547=ORIENTED_EDGE('',*,*,#628,.F.);
#13548=CARTESIAN_POINT('',(20.6,-5.3,-0.2));
#13549=DIRECTION('',(-0.,-0.,-1.));
#13550=VECTOR('',#13549,0.1);
#13551=LINE('',#13548,#13550);
#13552=EDGE_CURVE('',#614,#13407,#13551,.T.);
#13553=ORIENTED_EDGE('',*,*,#13552,.T.);
#13554=EDGE_LOOP('',(#13545,#13546,#13547,#13553));
#13555=FACE_BOUND('',#13554,.T.);
#13556=ADVANCED_FACE('',(#13555),#13544,.T.);
#13557=CARTESIAN_POINT('',(20.6,-5.69,-0.3));
#13558=DIRECTION('',(0.,0.,1.));
#13559=DIRECTION('',(0.,-1.,0.));
#13560=AXIS2_PLACEMENT_3D('',#13557,#13558,#13559);
#13561=CYLINDRICAL_SURFACE('',#13560,0.39);
#13562=ORIENTED_EDGE('',*,*,#13421,.F.);
#13563=ORIENTED_EDGE('',*,*,#13552,.F.);
#13564=ORIENTED_EDGE('',*,*,#620,.F.);
#13565=CARTESIAN_POINT('',(20.21,-5.69,-0.3));
#13566=DIRECTION('',(0.,0.,1.));
#13567=VECTOR('',#13566,0.1);
#13568=LINE('',#13565,#13567);
#13569=EDGE_CURVE('',#13415,#606,#13568,.T.);
#13570=ORIENTED_EDGE('',*,*,#13569,.F.);
#13571=EDGE_LOOP('',(#13562,#13563,#13564,#13570));
#13572=FACE_BOUND('',#13571,.T.);
#13573=ADVANCED_FACE('',(#13572),#13561,.F.);
#13574=CARTESIAN_POINT('',(20.21,-6.,-0.3));
#13575=DIRECTION('',(-1.,0.,0.));
#13576=DIRECTION('',(0.,-1.,0.));
#13577=AXIS2_PLACEMENT_3D('',#13574,#13575,#13576);
#13578=PLANE('',#13577);
#13579=ORIENTED_EDGE('',*,*,#13427,.F.);
#13580=ORIENTED_EDGE('',*,*,#13569,.T.);
#13581=ORIENTED_EDGE('',*,*,#611,.T.);
#13582=ORIENTED_EDGE('',*,*,#13332,.F.);
#13583=EDGE_LOOP('',(#13579,#13580,#13581,#13582));
#13584=FACE_BOUND('',#13583,.T.);
#13585=ADVANCED_FACE('NONE',(#13584),#13578,.F.);
#13586=CARTESIAN_POINT('',(-3.79,-6.3,-1.));
#13587=DIRECTION('',(0.,-1.,0.));
#13588=DIRECTION('',(1.,0.,0.));
#13589=AXIS2_PLACEMENT_3D('',#13586,#13587,#13588);
#13590=PLANE('',#13589);
#13591=ORIENTED_EDGE('',*,*,#2940,.T.);
#13592=CARTESIAN_POINT('',(21.785,-6.3,-0.3));
#13593=VERTEX_POINT('',#13592);
#13594=CARTESIAN_POINT('',(21.785,-6.3,-1.));
#13595=DIRECTION('',(0.,0.,1.));
#13596=VECTOR('',#13595,0.7);
#13597=LINE('',#13594,#13596);
#13598=EDGE_CURVE('',#2927,#13593,#13597,.T.);
#13599=ORIENTED_EDGE('',*,*,#13598,.T.);
#13600=CARTESIAN_POINT('',(21.71,-6.3,-0.3));
#13601=VERTEX_POINT('',#13600);
#13602=CARTESIAN_POINT('',(21.71,-6.3,-0.3));
#13603=DIRECTION('',(1.,0.,-0.));
#13604=VECTOR('',#13603,0.075);
#13605=LINE('',#13602,#13604);
#13606=EDGE_CURVE('NONE',#13601,#13593,#13605,.T.);
#13607=ORIENTED_EDGE('',*,*,#13606,.F.);
#13608=CARTESIAN_POINT('',(21.71,-6.3,-0.3));
#13609=DIRECTION('',(0.,0.,1.));
#13610=VECTOR('',#13609,0.1);
#13611=LINE('',#13608,#13610);
#13612=EDGE_CURVE('NONE',#13601,#648,#13611,.T.);
#13613=ORIENTED_EDGE('',*,*,#13612,.T.);
#13614=ORIENTED_EDGE('',*,*,#653,.F.);
#13615=ORIENTED_EDGE('',*,*,#13518,.F.);
#13616=ORIENTED_EDGE('',*,*,#13387,.F.);
#13617=ORIENTED_EDGE('',*,*,#13496,.F.);
#13618=EDGE_LOOP('',(#13591,#13599,#13607,#13613,#13614,#13615,#13616,#13617));
#13619=FACE_BOUND('',#13618,.T.);
#13620=ADVANCED_FACE('',(#13619),#13590,.T.);
#13621=OVER_RIDING_STYLED_ITEM('',(#1986),#13620,#89);
#13622=CARTESIAN_POINT('',(22.11,-6.3,-0.3));
#13623=DIRECTION('',(0.,0.,1.));
#13624=DIRECTION('',(0.,-1.,0.));
#13625=AXIS2_PLACEMENT_3D('',#13622,#13623,#13624);
#13626=PLANE('',#13625);
#13627=CARTESIAN_POINT('',(21.785,-5.925652852,-0.3));
#13628=VERTEX_POINT('',#13627);
#13629=CARTESIAN_POINT('',(21.785,-6.3,-0.3));
#13630=DIRECTION('',(0.,1.,-0.));
#13631=VECTOR('',#13630,0.374347148);
#13632=LINE('',#13629,#13631);
#13633=EDGE_CURVE('',#13593,#13628,#13632,.T.);
#13634=ORIENTED_EDGE('',*,*,#13633,.T.);
#13635=CARTESIAN_POINT('',(22.11,-5.595690733,-0.3));
#13636=VERTEX_POINT('',#13635);
#13637=CARTESIAN_POINT('',(22.115,-5.925652852,-0.3));
#13638=DIRECTION('',(-0.,-0.,-1.));
#13639=DIRECTION('',(0.,-1.,0.));
#13640=AXIS2_PLACEMENT_3D('',#13637,#13638,#13639);
#13641=CIRCLE('',#13640,0.33);
#13642=EDGE_CURVE('',#13628,#13636,#13641,.T.);
#13643=ORIENTED_EDGE('',*,*,#13642,.T.);
#13644=CARTESIAN_POINT('',(22.435,-5.925652852,-0.3));
#13645=VERTEX_POINT('',#13644);
#13646=CARTESIAN_POINT('',(22.105,-5.925652852,-0.3));
#13647=DIRECTION('',(-0.,-0.,-1.));
#13648=DIRECTION('',(0.,-1.,0.));
#13649=AXIS2_PLACEMENT_3D('',#13646,#13647,#13648);
#13650=CIRCLE('',#13649,0.33);
#13651=EDGE_CURVE('',#13636,#13645,#13650,.T.);
#13652=ORIENTED_EDGE('',*,*,#13651,.T.);
#13653=CARTESIAN_POINT('',(22.435,-6.3,-0.3));
#13654=VERTEX_POINT('',#13653);
#13655=CARTESIAN_POINT('',(22.435,-5.925652852,-0.3));
#13656=DIRECTION('',(-0.,-1.,0.));
#13657=VECTOR('',#13656,0.374347148);
#13658=LINE('',#13655,#13657);
#13659=EDGE_CURVE('',#13645,#13654,#13658,.T.);
#13660=ORIENTED_EDGE('',*,*,#13659,.T.);
#13661=CARTESIAN_POINT('',(22.51,-6.3,-0.3));
#13662=VERTEX_POINT('',#13661);
#13663=CARTESIAN_POINT('',(22.435,-6.3,-0.3));
#13664=DIRECTION('',(1.,0.,-0.));
#13665=VECTOR('',#13664,0.075);
#13666=LINE('',#13663,#13665);
#13667=EDGE_CURVE('',#13654,#13662,#13666,.T.);
#13668=ORIENTED_EDGE('',*,*,#13667,.T.);
#13669=CARTESIAN_POINT('',(22.51,-5.69,-0.3));
#13670=VERTEX_POINT('',#13669);
#13671=CARTESIAN_POINT('',(22.51,-6.3,-0.3));
#13672=DIRECTION('',(-0.,1.,-0.));
#13673=VECTOR('',#13672,0.61);
#13674=LINE('',#13671,#13673);
#13675=EDGE_CURVE('NONE',#13662,#13670,#13674,.T.);
#13676=ORIENTED_EDGE('',*,*,#13675,.T.);
#13677=CARTESIAN_POINT('',(22.12,-5.3,-0.3));
#13678=VERTEX_POINT('',#13677);
#13679=CARTESIAN_POINT('',(22.12,-5.69,-0.3));
#13680=DIRECTION('',(0.,0.,1.));
#13681=DIRECTION('',(0.,-1.,0.));
#13682=AXIS2_PLACEMENT_3D('',#13679,#13680,#13681);
#13683=CIRCLE('',#13682,0.39);
#13684=EDGE_CURVE('',#13670,#13678,#13683,.T.);
#13685=ORIENTED_EDGE('',*,*,#13684,.T.);
#13686=CARTESIAN_POINT('',(22.1,-5.3,-0.3));
#13687=VERTEX_POINT('',#13686);
#13688=CARTESIAN_POINT('',(22.1,-5.3,-0.3));
#13689=DIRECTION('',(1.,-0.,0.));
#13690=VECTOR('',#13689,0.02);
#13691=LINE('',#13688,#13690);
#13692=EDGE_CURVE('',#13687,#13678,#13691,.T.);
#13693=ORIENTED_EDGE('',*,*,#13692,.F.);
#13694=CARTESIAN_POINT('',(21.71,-5.69,-0.3));
#13695=VERTEX_POINT('',#13694);
#13696=CARTESIAN_POINT('',(22.1,-5.69,-0.3));
#13697=DIRECTION('',(0.,0.,1.));
#13698=DIRECTION('',(0.,-1.,0.));
#13699=AXIS2_PLACEMENT_3D('',#13696,#13697,#13698);
#13700=CIRCLE('',#13699,0.39);
#13701=EDGE_CURVE('',#13687,#13695,#13700,.T.);
#13702=ORIENTED_EDGE('',*,*,#13701,.T.);
#13703=CARTESIAN_POINT('',(21.71,-5.69,-0.3));
#13704=DIRECTION('',(0.,-1.,0.));
#13705=VECTOR('',#13704,0.61);
#13706=LINE('',#13703,#13705);
#13707=EDGE_CURVE('',#13695,#13601,#13706,.T.);
#13708=ORIENTED_EDGE('',*,*,#13707,.T.);
#13709=ORIENTED_EDGE('',*,*,#13606,.T.);
#13710=EDGE_LOOP('',(#13634,#13643,#13652,#13660,#13668,#13676,#13685,#13693,#13702,#13708,#13709));
#13711=FACE_BOUND('',#13710,.T.);
#13712=ADVANCED_FACE('',(#13711),#13626,.T.);
#13713=CARTESIAN_POINT('',(21.785,-6.3,-1.8));
#13714=DIRECTION('',(1.,-0.,0.));
#13715=DIRECTION('',(0.,1.,0.));
#13716=AXIS2_PLACEMENT_3D('',#13713,#13714,#13715);
#13717=PLANE('',#13716);
#13718=ORIENTED_EDGE('',*,*,#2932,.F.);
#13719=CARTESIAN_POINT('',(21.785,-5.925652852,-1.));
#13720=DIRECTION('',(0.,0.,1.));
#13721=VECTOR('',#13720,0.7);
#13722=LINE('',#13719,#13721);
#13723=EDGE_CURVE('',#2918,#13628,#13722,.T.);
#13724=ORIENTED_EDGE('',*,*,#13723,.T.);
#13725=ORIENTED_EDGE('',*,*,#13633,.F.);
#13726=ORIENTED_EDGE('',*,*,#13598,.F.);
#13727=EDGE_LOOP('',(#13718,#13724,#13725,#13726));
#13728=FACE_BOUND('',#13727,.T.);
#13729=ADVANCED_FACE('',(#13728),#13717,.T.);
#13730=CARTESIAN_POINT('',(22.115,-5.925652852,-1.8));
#13731=DIRECTION('',(0.,-0.,-1.));
#13732=DIRECTION('',(0.,1.,-0.));
#13733=AXIS2_PLACEMENT_3D('',#13730,#13731,#13732);
#13734=CYLINDRICAL_SURFACE('',#13733,0.33);
#13735=ORIENTED_EDGE('',*,*,#13723,.F.);
#13736=ORIENTED_EDGE('',*,*,#2924,.F.);
#13737=CARTESIAN_POINT('',(22.11,-5.595690733,-0.3));
#13738=DIRECTION('',(0.,-0.,-1.));
#13739=VECTOR('',#13738,0.7);
#13740=LINE('',#13737,#13739);
#13741=EDGE_CURVE('',#13636,#2909,#13740,.T.);
#13742=ORIENTED_EDGE('',*,*,#13741,.F.);
#13743=ORIENTED_EDGE('',*,*,#13642,.F.);
#13744=EDGE_LOOP('',(#13735,#13736,#13742,#13743));
#13745=FACE_BOUND('',#13744,.T.);
#13746=ADVANCED_FACE('',(#13745),#13734,.F.);
#13747=CARTESIAN_POINT('',(22.105,-5.925652852,-1.8));
#13748=DIRECTION('',(-0.,-0.,-1.));
#13749=DIRECTION('',(0.,1.,-0.));
#13750=AXIS2_PLACEMENT_3D('',#13747,#13748,#13749);
#13751=CYLINDRICAL_SURFACE('',#13750,0.33);
#13752=ORIENTED_EDGE('',*,*,#2915,.F.);
#13753=CARTESIAN_POINT('',(22.435,-5.925652852,-0.3));
#13754=DIRECTION('',(-0.,-0.,-1.));
#13755=VECTOR('',#13754,0.7);
#13756=LINE('',#13753,#13755);
#13757=EDGE_CURVE('',#13645,#2901,#13756,.T.);
#13758=ORIENTED_EDGE('',*,*,#13757,.F.);
#13759=ORIENTED_EDGE('',*,*,#13651,.F.);
#13760=ORIENTED_EDGE('',*,*,#13741,.T.);
#13761=EDGE_LOOP('',(#13752,#13758,#13759,#13760));
#13762=FACE_BOUND('',#13761,.T.);
#13763=ADVANCED_FACE('',(#13762),#13751,.F.);
#13764=CARTESIAN_POINT('',(22.435,-6.3,-1.8));
#13765=DIRECTION('',(-1.,0.,-0.));
#13766=DIRECTION('',(-0.,-1.,0.));
#13767=AXIS2_PLACEMENT_3D('',#13764,#13765,#13766);
#13768=PLANE('',#13767);
#13769=ORIENTED_EDGE('',*,*,#13659,.F.);
#13770=ORIENTED_EDGE('',*,*,#13757,.T.);
#13771=ORIENTED_EDGE('',*,*,#2906,.F.);
#13772=CARTESIAN_POINT('',(22.435,-6.3,-1.));
#13773=DIRECTION('',(0.,0.,1.));
#13774=VECTOR('',#13773,0.7);
#13775=LINE('',#13772,#13774);
#13776=EDGE_CURVE('',#2893,#13654,#13775,.T.);
#13777=ORIENTED_EDGE('',*,*,#13776,.T.);
#13778=EDGE_LOOP('',(#13769,#13770,#13771,#13777));
#13779=FACE_BOUND('',#13778,.T.);
#13780=ADVANCED_FACE('',(#13779),#13768,.T.);
#13781=CARTESIAN_POINT('',(22.51,-6.,-0.3));
#13782=DIRECTION('',(1.,0.,-0.));
#13783=DIRECTION('',(-0.,1.,-0.));
#13784=AXIS2_PLACEMENT_3D('',#13781,#13782,#13783);
#13785=PLANE('',#13784);
#13786=ORIENTED_EDGE('',*,*,#695,.T.);
#13787=CARTESIAN_POINT('',(22.51,-5.69,-0.2));
#13788=DIRECTION('',(-0.,-0.,-1.));
#13789=VECTOR('',#13788,0.1);
#13790=LINE('',#13787,#13789);
#13791=EDGE_CURVE('',#681,#13670,#13790,.T.);
#13792=ORIENTED_EDGE('',*,*,#13791,.T.);
#13793=ORIENTED_EDGE('',*,*,#13675,.F.);
#13794=CARTESIAN_POINT('',(22.51,-6.3,-0.3));
#13795=DIRECTION('',(0.,0.,1.));
#13796=VECTOR('',#13795,0.1);
#13797=LINE('',#13794,#13796);
#13798=EDGE_CURVE('NONE',#13662,#690,#13797,.T.);
#13799=ORIENTED_EDGE('',*,*,#13798,.T.);
#13800=EDGE_LOOP('',(#13786,#13792,#13793,#13799));
#13801=FACE_BOUND('',#13800,.T.);
#13802=ADVANCED_FACE('NONE',(#13801),#13785,.F.);
#13803=CARTESIAN_POINT('',(22.12,-5.69,-0.3));
#13804=DIRECTION('',(0.,0.,1.));
#13805=DIRECTION('',(0.,-1.,0.));
#13806=AXIS2_PLACEMENT_3D('',#13803,#13804,#13805);
#13807=CYLINDRICAL_SURFACE('',#13806,0.39);
#13808=ORIENTED_EDGE('',*,*,#13684,.F.);
#13809=ORIENTED_EDGE('',*,*,#13791,.F.);
#13810=ORIENTED_EDGE('',*,*,#687,.F.);
#13811=CARTESIAN_POINT('',(22.12,-5.3,-0.3));
#13812=DIRECTION('',(0.,0.,1.));
#13813=VECTOR('',#13812,0.1);
#13814=LINE('',#13811,#13813);
#13815=EDGE_CURVE('',#13678,#673,#13814,.T.);
#13816=ORIENTED_EDGE('',*,*,#13815,.F.);
#13817=EDGE_LOOP('',(#13808,#13809,#13810,#13816));
#13818=FACE_BOUND('',#13817,.T.);
#13819=ADVANCED_FACE('',(#13818),#13807,.F.);
#13820=CARTESIAN_POINT('',(15.21,-5.3,-0.3));
#13821=DIRECTION('',(-0.,-1.,0.));
#13822=DIRECTION('',(1.,-0.,0.));
#13823=AXIS2_PLACEMENT_3D('',#13820,#13821,#13822);
#13824=PLANE('',#13823);
#13825=ORIENTED_EDGE('',*,*,#13692,.T.);
#13826=ORIENTED_EDGE('',*,*,#13815,.T.);
#13827=ORIENTED_EDGE('',*,*,#678,.F.);
#13828=CARTESIAN_POINT('',(22.1,-5.3,-0.2));
#13829=DIRECTION('',(-0.,-0.,-1.));
#13830=VECTOR('',#13829,0.1);
#13831=LINE('',#13828,#13830);
#13832=EDGE_CURVE('',#664,#13687,#13831,.T.);
#13833=ORIENTED_EDGE('',*,*,#13832,.T.);
#13834=EDGE_LOOP('',(#13825,#13826,#13827,#13833));
#13835=FACE_BOUND('',#13834,.T.);
#13836=ADVANCED_FACE('',(#13835),#13824,.T.);
#13837=CARTESIAN_POINT('',(22.1,-5.69,-0.3));
#13838=DIRECTION('',(0.,0.,1.));
#13839=DIRECTION('',(0.,-1.,0.));
#13840=AXIS2_PLACEMENT_3D('',#13837,#13838,#13839);
#13841=CYLINDRICAL_SURFACE('',#13840,0.39);
#13842=ORIENTED_EDGE('',*,*,#13701,.F.);
#13843=ORIENTED_EDGE('',*,*,#13832,.F.);
#13844=ORIENTED_EDGE('',*,*,#670,.F.);
#13845=CARTESIAN_POINT('',(21.71,-5.69,-0.3));
#13846=DIRECTION('',(0.,0.,1.));
#13847=VECTOR('',#13846,0.1);
#13848=LINE('',#13845,#13847);
#13849=EDGE_CURVE('',#13695,#656,#13848,.T.);
#13850=ORIENTED_EDGE('',*,*,#13849,.F.);
#13851=EDGE_LOOP('',(#13842,#13843,#13844,#13850));
#13852=FACE_BOUND('',#13851,.T.);
#13853=ADVANCED_FACE('',(#13852),#13841,.F.);
#13854=CARTESIAN_POINT('',(21.71,-6.,-0.3));
#13855=DIRECTION('',(-1.,0.,0.));
#13856=DIRECTION('',(0.,-1.,0.));
#13857=AXIS2_PLACEMENT_3D('',#13854,#13855,#13856);
#13858=PLANE('',#13857);
#13859=ORIENTED_EDGE('',*,*,#13707,.F.);
#13860=ORIENTED_EDGE('',*,*,#13849,.T.);
#13861=ORIENTED_EDGE('',*,*,#661,.T.);
#13862=ORIENTED_EDGE('',*,*,#13612,.F.);
#13863=EDGE_LOOP('',(#13859,#13860,#13861,#13862));
#13864=FACE_BOUND('',#13863,.T.);
#13865=ADVANCED_FACE('NONE',(#13864),#13858,.F.);
#13866=CARTESIAN_POINT('',(-2.29,-6.3,-1.));
#13867=DIRECTION('',(0.,-1.,0.));
#13868=DIRECTION('',(1.,0.,0.));
#13869=AXIS2_PLACEMENT_3D('',#13866,#13867,#13868);
#13870=PLANE('',#13869);
#13871=ORIENTED_EDGE('',*,*,#13776,.F.);
#13872=ORIENTED_EDGE('',*,*,#2898,.T.);
#13873=ORIENTED_EDGE('',*,*,#7140,.T.);
#13874=ORIENTED_EDGE('',*,*,#7118,.F.);
#13875=ORIENTED_EDGE('',*,*,#7271,.T.);
#13876=ORIENTED_EDGE('',*,*,#703,.F.);
#13877=ORIENTED_EDGE('',*,*,#13798,.F.);
#13878=ORIENTED_EDGE('',*,*,#13667,.F.);
#13879=EDGE_LOOP('',(#13871,#13872,#13873,#13874,#13875,#13876,#13877,#13878));
#13880=FACE_BOUND('',#13879,.T.);
#13881=ADVANCED_FACE('',(#13880),#13870,.T.);
#13882=OVER_RIDING_STYLED_ITEM('',(#1986),#13881,#89);
#13883=CARTESIAN_POINT('',(-0.040024849,-5.793613788,-1.));
#13884=DIRECTION('',(-1.,0.000004146,-0.));
#13885=DIRECTION('',(0.000004146,1.,-0.));
#13886=AXIS2_PLACEMENT_3D('',#13883,#13884,#13885);
#13887=PLANE('',#13886);
#13888=ORIENTED_EDGE('',*,*,#145,.T.);
#13889=ORIENTED_EDGE('',*,*,#8798,.T.);
#13890=ORIENTED_EDGE('',*,*,#2065,.F.);
#13891=ORIENTED_EDGE('',*,*,#7920,.F.);
#13892=EDGE_LOOP('',(#13888,#13889,#13890,#13891));
#13893=FACE_BOUND('',#13892,.T.);
#13894=ADVANCED_FACE('',(#13893),#13887,.T.);
#13895=OVER_RIDING_STYLED_ITEM('',(#1986),#13894,#89);
#13896=CARTESIAN_POINT('',(13.429883531,5.,0.8));
#13897=DIRECTION('',(0.,1.,-0.));
#13898=DIRECTION('',(0.,0.,1.));
#13899=AXIS2_PLACEMENT_3D('',#13896,#13897,#13898);
#13900=PLANE('',#13899);
#13901=ORIENTED_EDGE('',*,*,#103,.F.);
#13902=CARTESIAN_POINT('',(4.859767061,5.,1.4));
#13903=VERTEX_POINT('',#13902);
#13904=CARTESIAN_POINT('',(4.859767061,5.,1.4));
#13905=DIRECTION('',(0.,-0.,-1.));
#13906=VECTOR('',#13905,1.6);
#13907=LINE('',#13904,#13906);
#13908=EDGE_CURVE('',#13903,#96,#13907,.T.);
#13909=ORIENTED_EDGE('',*,*,#13908,.F.);
#13910=CARTESIAN_POINT('',(25.,5.,1.4));
#13911=VERTEX_POINT('',#13910);
#13912=CARTESIAN_POINT('',(4.859767061,5.,1.4));
#13913=DIRECTION('',(1.,0.,-0.));
#13914=VECTOR('',#13913,20.140232939);
#13915=LINE('',#13912,#13914);
#13916=EDGE_CURVE('',#13903,#13911,#13915,.T.);
#13917=ORIENTED_EDGE('',*,*,#13916,.T.);
#13918=CARTESIAN_POINT('',(25.,5.,1.4));
#13919=DIRECTION('',(0.,-0.,-1.));
#13920=VECTOR('',#13919,1.6);
#13921=LINE('',#13918,#13920);
#13922=EDGE_CURVE('',#13911,#98,#13921,.T.);
#13923=ORIENTED_EDGE('',*,*,#13922,.T.);
#13924=EDGE_LOOP('',(#13901,#13909,#13917,#13923));
#13925=FACE_BOUND('',#13924,.T.);
#13926=ADVANCED_FACE('',(#13925),#13900,.T.);
#13927=COLOUR_RGB('',0.690196097,0.611764729,0.529411793);
#13928=FILL_AREA_STYLE_COLOUR('',#13927);
#13929=FILL_AREA_STYLE('',(#13928));
#13930=SURFACE_STYLE_FILL_AREA(#13929);
#13931=SURFACE_SIDE_STYLE('',(#13930));
#13932=SURFACE_STYLE_USAGE(.BOTH.,#13931);
#13933=PRESENTATION_STYLE_ASSIGNMENT((#13932));
#13934=OVER_RIDING_STYLED_ITEM('',(#13933),#13926,#89);
#13935=CARTESIAN_POINT('',(4.859767061,0.200001866,0.8));
#13936=DIRECTION('',(-1.,0.,0.));
#13937=DIRECTION('',(0.,0.,1.));
#13938=AXIS2_PLACEMENT_3D('',#13935,#13936,#13937);
#13939=PLANE('',#13938);
#13940=ORIENTED_EDGE('',*,*,#125,.F.);
#13941=CARTESIAN_POINT('',(4.859767061,-4.599996268,1.4));
#13942=VERTEX_POINT('',#13941);
#13943=CARTESIAN_POINT('',(4.859767061,-4.599996268,1.4));
#13944=DIRECTION('',(0.,-0.,-1.));
#13945=VECTOR('',#13944,1.6);
#13946=LINE('',#13943,#13945);
#13947=EDGE_CURVE('',#13942,#114,#13946,.T.);
#13948=ORIENTED_EDGE('',*,*,#13947,.F.);
#13949=CARTESIAN_POINT('',(4.859767061,-4.599996268,1.4));
#13950=DIRECTION('',(0.,1.,-0.));
#13951=VECTOR('',#13950,9.599996268);
#13952=LINE('',#13949,#13951);
#13953=EDGE_CURVE('',#13942,#13903,#13952,.T.);
#13954=ORIENTED_EDGE('',*,*,#13953,.T.);
#13955=ORIENTED_EDGE('',*,*,#13908,.T.);
#13956=EDGE_LOOP('',(#13940,#13948,#13954,#13955));
#13957=FACE_BOUND('',#13956,.T.);
#13958=ADVANCED_FACE('',(#13957),#13939,.T.);
#13959=OVER_RIDING_STYLED_ITEM('',(#13933),#13958,#89);
#13960=CARTESIAN_POINT('',(13.429883531,-4.599996268,0.8));
#13961=DIRECTION('',(0.,-1.,0.));
#13962=DIRECTION('',(0.,-0.,-1.));
#13963=AXIS2_PLACEMENT_3D('',#13960,#13961,#13962);
#13964=PLANE('',#13963);
#13965=ORIENTED_EDGE('',*,*,#119,.F.);
#13966=CARTESIAN_POINT('',(25.,-4.599996268,1.4));
#13967=VERTEX_POINT('',#13966);
#13968=CARTESIAN_POINT('',(25.,-4.599996268,1.4));
#13969=DIRECTION('',(0.,-0.,-1.));
#13970=VECTOR('',#13969,1.6);
#13971=LINE('',#13968,#13970);
#13972=EDGE_CURVE('',#13967,#106,#13971,.T.);
#13973=ORIENTED_EDGE('',*,*,#13972,.F.);
#13974=CARTESIAN_POINT('',(25.,-4.599996268,1.4));
#13975=DIRECTION('',(-1.,0.,0.));
#13976=VECTOR('',#13975,20.140232939);
#13977=LINE('',#13974,#13976);
#13978=EDGE_CURVE('',#13967,#13942,#13977,.T.);
#13979=ORIENTED_EDGE('',*,*,#13978,.T.);
#13980=ORIENTED_EDGE('',*,*,#13947,.T.);
#13981=EDGE_LOOP('',(#13965,#13973,#13979,#13980));
#13982=FACE_BOUND('',#13981,.T.);
#13983=ADVANCED_FACE('',(#13982),#13964,.T.);
#13984=OVER_RIDING_STYLED_ITEM('',(#13933),#13983,#89);
#13985=CARTESIAN_POINT('',(25.,0.200001866,0.8));
#13986=DIRECTION('',(1.,0.,0.));
#13987=DIRECTION('',(0.,0.,-1.));
#13988=AXIS2_PLACEMENT_3D('',#13985,#13986,#13987);
#13989=PLANE('',#13988);
#13990=ORIENTED_EDGE('',*,*,#111,.F.);
#13991=ORIENTED_EDGE('',*,*,#13922,.F.);
#13992=CARTESIAN_POINT('',(25.,5.,1.4));
#13993=DIRECTION('',(0.,-1.,0.));
#13994=VECTOR('',#13993,9.599996268);
#13995=LINE('',#13992,#13994);
#13996=EDGE_CURVE('',#13911,#13967,#13995,.T.);
#13997=ORIENTED_EDGE('',*,*,#13996,.T.);
#13998=ORIENTED_EDGE('',*,*,#13972,.T.);
#13999=EDGE_LOOP('',(#13990,#13991,#13997,#13998));
#14000=FACE_BOUND('',#13999,.T.);
#14001=ADVANCED_FACE('',(#14000),#13989,.T.);
#14002=OVER_RIDING_STYLED_ITEM('',(#13933),#14001,#89);
#14003=CARTESIAN_POINT('',(0.,0.,1.4));
#14004=DIRECTION('',(0.,0.,1.));
#14005=DIRECTION('',(0.,1.,-0.));
#14006=AXIS2_PLACEMENT_3D('',#14003,#14004,#14005);
#14007=PLANE('',#14006);
#14008=ORIENTED_EDGE('',*,*,#13916,.F.);
#14009=ORIENTED_EDGE('',*,*,#13953,.F.);
#14010=ORIENTED_EDGE('',*,*,#13978,.F.);
#14011=ORIENTED_EDGE('',*,*,#13996,.F.);
#14012=EDGE_LOOP('',(#14008,#14009,#14010,#14011));
#14013=FACE_BOUND('',#14012,.T.);
#14014=ADVANCED_FACE('',(#14013),#14007,.T.);
#14015=OVER_RIDING_STYLED_ITEM('',(#13933),#14014,#89);
#14016=CLOSED_SHELL('',(#1979,#2050,#3362,#3417,#3518,#3540,#3557,#3574,#3591,#3613,#3630,#3647,#3664,#3681,#3716,#3817,#3839,#3856,#3873,#3890,#3912,#3929,#3946,#3963,#3980,#4015,
#4051,#4435,#4536,#4558,#4575,#4592,#4609,#4631,#4648,#4665,#4682,#4699,#4713,#4749,#4850,#4872,#4889,#4906,#4923,#4945,#4962,#4979,#4996,#5013,#5048,
#5084,#5176,#5198,#5215,#5232,#5244,#5261,#5278,#5295,#5312,#5329,#5364,#5456,#5478,#5495,#5512,#5524,#5541,#5558,#5575,#5592,#5609,#5644,#5736,#5758,
#5775,#5792,#5804,#5821,#5838,#5855,#5872,#5889,#5924,#6016,#6038,#6055,#6072,#6084,#6101,#6118,#6135,#6152,#6169,#6204,#6287,#6304,#6321,#6338,#6350,
#6367,#6384,#6401,#6418,#6430,#6521,#6543,#6560,#6577,#6589,#6606,#6623,#6640,#6657,#6674,#6693,#6794,#6816,#6833,#6850,#6867,#6889,#6906,#6923,#6940,
#6957,#6978,#7018,#7030,#7122,#7144,#7161,#7178,#7190,#7207,#7224,#7241,#7258,#7275,#7375,#7397,#7414,#7431,#7448,#7470,#7487,#7504,#7521,#7538,#7573,
#7609,#7710,#7732,#7749,#7766,#7783,#7805,#7822,#7839,#7856,#7873,#7908,#7928,#8020,#8042,#8059,#8076,#8088,#8105,#8122,#8139,#8156,#8173,#8208,#8300,
#8322,#8339,#8356,#8368,#8385,#8402,#8419,#8436,#8453,#8488,#8589,#8611,#8628,#8645,#8662,#8684,#8701,#8718,#8735,#8752,#8787,#8807,#8899,#8916,#8933,
#8950,#8967,#8989,#9006,#9023,#9040,#9052,#9087,#9170,#9187,#9204,#9221,#9233,#9250,#9267,#9284,#9301,#9313,#9404,#9421,#9438,#9455,#9472,#9494,#9511,
#9528,#9545,#9557,#9592,#9684,#9701,#9718,#9735,#9752,#9774,#9791,#9808,#9825,#9837,#9872,#9964,#9981,#9998,#10015,#10032,#10054,#10071,#10088,#10105,#10117,
#10152,#10244,#10261,#10278,#10295,#10312,#10334,#10351,#10368,#10385,#10397,#10432,#10524,#10541,#10558,#10575,#10592,#10614,#10631,#10648,#10665,#10677,#10712,#10795,#10812,
#10829,#10846,#10858,#10875,#10892,#10909,#10926,#10938,#11029,#11046,#11063,#11080,#11097,#11119,#11136,#11153,#11170,#11182,#11217,#11300,#11317,#11334,#11351,#11363,#11380,
#11397,#11414,#11431,#11443,#11454,#11537,#11554,#11571,#11588,#11600,#11617,#11634,#11651,#11668,#11680,#11771,#11788,#11805,#11822,#11839,#11861,#11878,#11895,#11912,#11924,
#11940,#12032,#12049,#12066,#12083,#12100,#12122,#12139,#12156,#12173,#12185,#12220,#12312,#12329,#12346,#12363,#12380,#12402,#12419,#12436,#12453,#12465,#12500,#12592,#12609,
#12626,#12643,#12660,#12682,#12699,#12716,#12733,#12745,#12780,#12872,#12889,#12906,#12923,#12940,#12962,#12979,#12996,#13013,#13025,#13060,#13152,#13169,#13186,#13203,#13220,
#13242,#13259,#13276,#13293,#13305,#13340,#13432,#13449,#13466,#13483,#13500,#13522,#13539,#13556,#13573,#13585,#13620,#13712,#13729,#13746,#13763,#13780,#13802,#13819,#13836,
#13853,#13865,#13881,#13894,#13926,#13958,#13983,#14001,#14014));
#14017=MANIFOLD_SOLID_BREP('Body 03',#14016);
#14018=COLOUR_RGB('',0.647058845,0.517647088,0.);
#14019=FILL_AREA_STYLE_COLOUR('',#14018);
#14020=FILL_AREA_STYLE('',(#14019));
#14021=SURFACE_STYLE_FILL_AREA(#14020);
#14022=SURFACE_SIDE_STYLE('',(#14021));
#14023=SURFACE_STYLE_USAGE(.BOTH.,#14022);
#14024=PRESENTATION_STYLE_ASSIGNMENT((#14023));
#89=STYLED_ITEM('',(#14024),#14017);
#70=SHAPE_REPRESENTATION('Linear Pattern 04',(#15),#68);
#71=ADVANCED_BREP_SHAPE_REPRESENTATION('Linear Pattern 04',(#14017),#68);
#14032=SHAPE_REPRESENTATION_RELATIONSHIP('','',#70,#71);
#78=PRODUCT('Linear Pattern 04','Linear Pattern 04','',(#56));
#14033=PRODUCT_RELATED_PRODUCT_CATEGORY('part','',(#78));
#14034=PRODUCT_DEFINITION_FORMATION_WITH_SPECIFIED_SOURCE('','',#78,.NOT_KNOWN.);
#79=PRODUCT_DEFINITION('design','',#14034,#57);
#77=PRODUCT_DEFINITION_SHAPE('','',#79);
#14035=SHAPE_DEFINITION_REPRESENTATION(#77,#70);
#69=DRAUGHTING_MODEL('',(),#68);
#14036=(NAMED_UNIT(*)PLANE_ANGLE_UNIT()SI_UNIT($,.RADIAN.));
#14037=PLANE_ANGLE_MEASURE_WITH_UNIT(PLANE_ANGLE_MEASURE(0.0174532925),#14036);
#14038=(CONVERSION_BASED_UNIT('DEGREE',#14037)NAMED_UNIT(#14039)PLANE_ANGLE_UNIT());
#14039=DIMENSIONAL_EXPONENTS(0.,0.,0.,0.,0.,0.,0.);
#14040=(NAMED_UNIT(*)SI_UNIT($,.STERADIAN.)SOLID_ANGLE_UNIT());
#14041=(LENGTH_UNIT()NAMED_UNIT(*)SI_UNIT(.MILLI.,.METRE.));
#14042=UNCERTAINTY_MEASURE_WITH_UNIT(LENGTH_MEASURE(1.000000E-03),#14041,'DISTANCE_ACCURACY_VALUE','Maximum Tolerance applied to model');
#14043=(GEOMETRIC_REPRESENTATION_CONTEXT(3)GLOBAL_UNCERTAINTY_ASSIGNED_CONTEXT((#14042))GLOBAL_UNIT_ASSIGNED_CONTEXT((#14041,#14038,#14040))REPRESENTATION_CONTEXT('','Linear Pattern 03'));
#14055=CARTESIAN_POINT('',(0.,0.,0.));
#14056=DIRECTION('',(0.,0.,1.));
#14057=DIRECTION('',(1.,0.,-0.));
#14058=AXIS2_PLACEMENT_3D('',#14055,#14056,#14057);
#14059=ITEM_DEFINED_TRANSFORMATION('','',#14058,#15);
#14060=(REPRESENTATION_RELATIONSHIP('','',#14045,#16)REPRESENTATION_RELATIONSHIP_WITH_TRANSFORMATION(#14059)SHAPE_REPRESENTATION_RELATIONSHIP());
#14061=NEXT_ASSEMBLY_USAGE_OCCURRENCE('Linear Pattern 03_3','Linear Pattern 03','Linear Pattern 03',#25,#14054,$);
#14062=PRODUCT_DEFINITION_SHAPE('','',#14061);
#14063=CONTEXT_DEPENDENT_SHAPE_REPRESENTATION(#14060,#14062);
#14045=SHAPE_REPRESENTATION('Linear Pattern 03',(#15),#14043);
#14053=PRODUCT('Linear Pattern 03','Linear Pattern 03','',(#56));
#14064=PRODUCT_RELATED_PRODUCT_CATEGORY('part','',(#14053));
#14065=PRODUCT_DEFINITION_FORMATION_WITH_SPECIFIED_SOURCE('','',#14053,.NOT_KNOWN.);
#14054=PRODUCT_DEFINITION('design','',#14065,#57);
#14052=PRODUCT_DEFINITION_SHAPE('','',#14054);
#14066=SHAPE_DEFINITION_REPRESENTATION(#14052,#14045);
#14044=DRAUGHTING_MODEL('',(),#14043);
#14067=(NAMED_UNIT(*)PLANE_ANGLE_UNIT()SI_UNIT($,.RADIAN.));
#14068=PLANE_ANGLE_MEASURE_WITH_UNIT(PLANE_ANGLE_MEASURE(0.0174532925),#14067);
#14069=(CONVERSION_BASED_UNIT('DEGREE',#14068)NAMED_UNIT(#14070)PLANE_ANGLE_UNIT());
#14070=DIMENSIONAL_EXPONENTS(0.,0.,0.,0.,0.,0.,0.);
#14071=(NAMED_UNIT(*)SI_UNIT($,.STERADIAN.)SOLID_ANGLE_UNIT());
#14072=(LENGTH_UNIT()NAMED_UNIT(*)SI_UNIT(.MILLI.,.METRE.));
#14073=UNCERTAINTY_MEASURE_WITH_UNIT(LENGTH_MEASURE(1.000000E-03),#14072,'DISTANCE_ACCURACY_VALUE','Maximum Tolerance applied to model');
#14074=(GEOMETRIC_REPRESENTATION_CONTEXT(3)GLOBAL_UNCERTAINTY_ASSIGNED_CONTEXT((#14073))GLOBAL_UNIT_ASSIGNED_CONTEXT((#14072,#14069,#14071))REPRESENTATION_CONTEXT('','Linear Pattern 02'));
#14086=CARTESIAN_POINT('',(0.,0.,0.));
#14087=DIRECTION('',(0.,0.,1.));
#14088=DIRECTION('',(1.,0.,-0.));
#14089=AXIS2_PLACEMENT_3D('',#14086,#14087,#14088);
#14090=ITEM_DEFINED_TRANSFORMATION('','',#14089,#15);
#14091=(REPRESENTATION_RELATIONSHIP('','',#14076,#16)REPRESENTATION_RELATIONSHIP_WITH_TRANSFORMATION(#14090)SHAPE_REPRESENTATION_RELATIONSHIP());
#14092=NEXT_ASSEMBLY_USAGE_OCCURRENCE('Linear Pattern 02_4','Linear Pattern 02','Linear Pattern 02',#25,#14085,$);
#14093=PRODUCT_DEFINITION_SHAPE('','',#14092);
#14094=CONTEXT_DEPENDENT_SHAPE_REPRESENTATION(#14091,#14093);
#14076=SHAPE_REPRESENTATION('Linear Pattern 02',(#15),#14074);
#14084=PRODUCT('Linear Pattern 02','Linear Pattern 02','',(#56));
#14095=PRODUCT_RELATED_PRODUCT_CATEGORY('part','',(#14084));
#14096=PRODUCT_DEFINITION_FORMATION_WITH_SPECIFIED_SOURCE('','',#14084,.NOT_KNOWN.);
#14085=PRODUCT_DEFINITION('design','',#14096,#57);
#14083=PRODUCT_DEFINITION_SHAPE('','',#14085);
#14097=SHAPE_DEFINITION_REPRESENTATION(#14083,#14076);
#14075=DRAUGHTING_MODEL('',(),#14074);
#14098=(NAMED_UNIT(*)PLANE_ANGLE_UNIT()SI_UNIT($,.RADIAN.));
#14099=PLANE_ANGLE_MEASURE_WITH_UNIT(PLANE_ANGLE_MEASURE(0.0174532925),#14098);
#14100=(CONVERSION_BASED_UNIT('DEGREE',#14099)NAMED_UNIT(#14101)PLANE_ANGLE_UNIT());
#14101=DIMENSIONAL_EXPONENTS(0.,0.,0.,0.,0.,0.,0.);
#14102=(NAMED_UNIT(*)SI_UNIT($,.STERADIAN.)SOLID_ANGLE_UNIT());
#14103=(LENGTH_UNIT()NAMED_UNIT(*)SI_UNIT(.MILLI.,.METRE.));
#14104=UNCERTAINTY_MEASURE_WITH_UNIT(LENGTH_MEASURE(1.000000E-03),#14103,'DISTANCE_ACCURACY_VALUE','Maximum Tolerance applied to model');
#14105=(GEOMETRIC_REPRESENTATION_CONTEXT(3)GLOBAL_UNCERTAINTY_ASSIGNED_CONTEXT((#14104))GLOBAL_UNIT_ASSIGNED_CONTEXT((#14103,#14100,#14102))REPRESENTATION_CONTEXT('','Linear Pattern 01'));
#14117=CARTESIAN_POINT('',(0.,0.,0.));
#14118=DIRECTION('',(0.,0.,1.));
#14119=DIRECTION('',(1.,0.,-0.));
#14120=AXIS2_PLACEMENT_3D('',#14117,#14118,#14119);
#14121=ITEM_DEFINED_TRANSFORMATION('','',#14120,#15);
#14122=(REPRESENTATION_RELATIONSHIP('','',#14107,#16)REPRESENTATION_RELATIONSHIP_WITH_TRANSFORMATION(#14121)SHAPE_REPRESENTATION_RELATIONSHIP());
#14123=NEXT_ASSEMBLY_USAGE_OCCURRENCE('Linear Pattern 01_5','Linear Pattern 01','Linear Pattern 01',#25,#14116,$);
#14124=PRODUCT_DEFINITION_SHAPE('','',#14123);
#14125=CONTEXT_DEPENDENT_SHAPE_REPRESENTATION(#14122,#14124);
#14107=SHAPE_REPRESENTATION('Linear Pattern 01',(#15),#14105);
#14115=PRODUCT('Linear Pattern 01','Linear Pattern 01','',(#56));
#14126=PRODUCT_RELATED_PRODUCT_CATEGORY('part','',(#14115));
#14127=PRODUCT_DEFINITION_FORMATION_WITH_SPECIFIED_SOURCE('','',#14115,.NOT_KNOWN.);
#14116=PRODUCT_DEFINITION('design','',#14127,#57);
#14114=PRODUCT_DEFINITION_SHAPE('','',#14116);
#14128=SHAPE_DEFINITION_REPRESENTATION(#14114,#14107);
#14106=DRAUGHTING_MODEL('',(),#14105);
#14129=(NAMED_UNIT(*)PLANE_ANGLE_UNIT()SI_UNIT($,.RADIAN.));
#14130=PLANE_ANGLE_MEASURE_WITH_UNIT(PLANE_ANGLE_MEASURE(0.0174532925),#14129);
#14131=(CONVERSION_BASED_UNIT('DEGREE',#14130)NAMED_UNIT(#14132)PLANE_ANGLE_UNIT());
#14132=DIMENSIONAL_EXPONENTS(0.,0.,0.,0.,0.,0.,0.);
#14133=(NAMED_UNIT(*)SI_UNIT($,.STERADIAN.)SOLID_ANGLE_UNIT());
#14134=(LENGTH_UNIT()NAMED_UNIT(*)SI_UNIT(.MILLI.,.METRE.));
#14135=UNCERTAINTY_MEASURE_WITH_UNIT(LENGTH_MEASURE(1.000000E-03),#14134,'DISTANCE_ACCURACY_VALUE','Maximum Tolerance applied to model');
#14136=(GEOMETRIC_REPRESENTATION_CONTEXT(3)GLOBAL_UNCERTAINTY_ASSIGNED_CONTEXT((#14135))GLOBAL_UNIT_ASSIGNED_CONTEXT((#14134,#14131,#14133))REPRESENTATION_CONTEXT('','FSC-BT1026.STEP'));
#14148=CARTESIAN_POINT('',(0.,0.,0.));
#14149=DIRECTION('',(0.,0.,1.));
#14150=DIRECTION('',(1.,0.,-0.));
#14151=AXIS2_PLACEMENT_3D('',#14148,#14149,#14150);
#14152=ITEM_DEFINED_TRANSFORMATION('','',#14151,#15);
#14153=(REPRESENTATION_RELATIONSHIP('','',#14138,#16)REPRESENTATION_RELATIONSHIP_WITH_TRANSFORMATION(#14152)SHAPE_REPRESENTATION_RELATIONSHIP());
#14154=NEXT_ASSEMBLY_USAGE_OCCURRENCE('FSC-BT1026.STEP_6','FSC-BT1026.STEP','FSC-BT1026.STEP',#25,#14147,$);
#14155=PRODUCT_DEFINITION_SHAPE('','',#14154);
#14156=CONTEXT_DEPENDENT_SHAPE_REPRESENTATION(#14153,#14155);
#14138=SHAPE_REPRESENTATION('FSC-BT1026.STEP',(#15),#14136);
#14146=PRODUCT('FSC-BT1026.STEP','FSC-BT1026.STEP','',(#56));
#14157=PRODUCT_RELATED_PRODUCT_CATEGORY('part','',(#14146));
#14158=PRODUCT_DEFINITION_FORMATION_WITH_SPECIFIED_SOURCE('','',#14146,.NOT_KNOWN.);
#14147=PRODUCT_DEFINITION('design','',#14158,#57);
#14145=PRODUCT_DEFINITION_SHAPE('','',#14147);
#14159=SHAPE_DEFINITION_REPRESENTATION(#14145,#14138);
#14137=DRAUGHTING_MODEL('',(),#14136);
#16=SHAPE_REPRESENTATION('root',(#15,#48,#83,#14058,#14089,#14120,#14151),#10);
#24=PRODUCT('root','root','',(#56));
#14160=PRODUCT_RELATED_PRODUCT_CATEGORY('part','',(#24));
#14161=PRODUCT_DEFINITION_FORMATION_WITH_SPECIFIED_SOURCE('','',#24,.NOT_KNOWN.);
#25=PRODUCT_DEFINITION('design','',#14161,#57);
#23=PRODUCT_DEFINITION_SHAPE('','',#25);
#14162=SHAPE_DEFINITION_REPRESENTATION(#23,#16);
#11=DRAUGHTING_MODEL('',(),#10);
#1=MECHANICAL_DESIGN_GEOMETRIC_PRESENTATION_REPRESENTATION('',(#1987,#2051,#3363,#3418,#3717,#4016,#4052,#4436,#4714,#4750,#5049,#5085,#5365,#5645,#5925,#6205,#6694,#6979,#7019,#7031,#7574,#7610,#7909,#7929,#8209,#8489,
#8788,#8808,#9088,#9593,#9873,#10153,#10433,#10713,#11218,#11455,#11941,#12221,#12501,#12781,#13061,#13341,#13621,#13882,#13895,#13934,#13959,#13984,#14002,#14015,#89),#10);
ENDSEC;
END-ISO-10303-21;
